image_id,p_180
test_00000,0.00520434
test_00001,0.99989267
test_00002,0.99760778
test_00003,0.00353587
test_00004,0.99972805
test_00005,0.03959588
test_00006,0.97698516
test_00007,0.99863271
test_00008,0.99999896
test_00009,0.01514806
test_00010,0.99900258
test_00011,0.00193849
test_00012,0.00163389
test_00013,0.99982830
test_00014,0.99311168
test_00015,0.99954285
test_00016,0.99132917
test_00017,0.00148941
test_00018,0.00010568
test_00019,0.00000142
test_00020,0.00000002
test_00021,0.01504449
test_00022,0.99994713
test_00023,0.00053230
test_00024,0.01132987
test_00025,0.99980304
test_00026,0.98573636
test_00027,0.02352823
test_00028,0.64360769
test_00029,0.99999981
test_00030,0.00046146
test_00031,0.99737671
test_00032,0.90040738
test_00033,0.99176946
test_00034,0.97849280
test_00035,0.99974195
test_00036,0.00684174
test_00037,0.00049679
test_00038,0.00150752
test_00039,0.00006521
test_00040,0.41904673
test_00041,0.09155617
test_00042,0.99204194
test_00043,0.00000050
test_00044,0.00316209
test_00045,0.95371190
test_00046,0.00000110
test_00047,0.99867501
test_00048,0.99969944
test_00049,0.97924699
test_00050,0.99642002
test_00051,0.00056863
test_00052,0.00000002
test_00053,0.99999722
test_00054,0.00052008
test_00055,0.99977771
test_00056,0.00576295
test_00057,0.99801121
test_00058,0.00022930
test_00059,0.00000124
test_00060,0.96001355
test_00061,0.00001118
test_00062,0.00159218
test_00063,0.00000009
test_00064,0.00554179
test_00065,0.99999952
test_00066,0.41841786
test_00067,0.00168142
test_00068,0.00000017
test_00069,0.03221459
test_00070,0.93356671
test_00071,0.97189532
test_00072,0.96735342
test_00073,0.99568559
test_00074,0.98464302
test_00075,0.97277877
test_00076,0.00324608
test_00077,0.99993716
test_00078,0.99993922
test_00079,0.18810973
test_00080,0.00086018
test_00081,0.99859293
test_00082,0.88375257
test_00083,0.00060836
test_00084,0.99993419
test_00085,0.95212212
test_00086,0.99994278
test_00087,0.99999942
test_00088,0.00000019
test_00089,0.97767441
test_00090,0.00198758
test_00091,0.00145842
test_00092,0.96189938
test_00093,0.02826366
test_00094,0.99160536
test_00095,0.99999836
test_00096,0.00004117
test_00097,0.00037191
test_00098,0.00000009
test_00099,0.01438114
test_00100,0.00006685
test_00101,0.00385084
test_00102,0.00048330
test_00103,0.99999995
test_00104,0.99976197
test_00105,0.00000000
test_00106,0.00135640
test_00107,0.96418265
test_00108,0.00121538
test_00109,0.00075842
test_00110,0.99999996
test_00111,0.02584747
test_00112,0.98727689
test_00113,0.00000027
test_00114,0.99999390
test_00115,0.03898064
test_00116,0.00844326
test_00117,0.99871376
test_00118,0.99999991
test_00119,0.07195657
test_00120,0.00000137
test_00121,0.99036963
test_00122,0.99923856
test_00123,0.98715417
test_00124,0.00383659
test_00125,0.00070665
test_00126,0.00000403
test_00127,0.99999997
test_00128,0.00013374
test_00129,0.00000017
test_00130,0.99999423
test_00131,0.00000359
test_00132,0.83430067
test_00133,0.99972768
test_00134,0.00000087
test_00135,0.99181224
test_00136,0.03590458
test_00137,0.94875041
test_00138,0.99999870
test_00139,0.00000094
test_00140,0.99990119
test_00141,0.00008594
test_00142,0.99265920
test_00143,0.99906727
test_00144,0.01105630
test_00145,0.00005503
test_00146,0.00000089
test_00147,0.99893023
test_00148,0.88110325
test_00149,0.60876281
test_00150,0.00186101
test_00151,0.99999973
test_00152,0.02493814
test_00153,0.05355736
test_00154,0.98827985
test_00155,0.99999973
test_00156,0.99942231
test_00157,0.01250260
test_00158,0.99961265
test_00159,0.99999992
test_00160,0.99958604
test_00161,0.06488731
test_00162,0.02107048
test_00163,0.99999923
test_00164,0.00064142
test_00165,0.99973760
test_00166,0.98306857
test_00167,0.00686783
test_00168,0.00725776
test_00169,0.00000063
test_00170,0.99172953
test_00171,0.95579080
test_00172,0.90938701
test_00173,0.00002127
test_00174,0.00000004
test_00175,0.99913321
test_00176,0.99762740
test_00177,0.00678840
test_00178,0.00167529
test_00179,0.99847169
test_00180,0.00000001
test_00181,0.95498395
test_00182,0.99999583
test_00183,0.99993001
test_00184,0.54475469
test_00185,0.99997095
test_00186,0.00000172
test_00187,0.99961577
test_00188,0.99999914
test_00189,0.99998200
test_00190,0.00161151
test_00191,0.99773915
test_00192,0.00020947
test_00193,0.91452763
test_00194,0.00000006
test_00195,0.00000378
test_00196,0.00181074
test_00197,0.87406690
test_00198,0.16515729
test_00199,0.99999863
test_00200,0.99999970
test_00201,0.99898264
test_00202,0.99999802
test_00203,0.99559700
test_00204,0.99996674
test_00205,0.00000648
test_00206,0.00000110
test_00207,0.00000034
test_00208,0.00017091
test_00209,0.00260173
test_00210,0.00209166
test_00211,0.99999980
test_00212,0.99999779
test_00213,0.99557317
test_00214,0.99997763
test_00215,0.00001095
test_00216,0.00000075
test_00217,0.00000804
test_00218,0.00009369
test_00219,0.99999974
test_00220,0.99999996
test_00221,0.98657278
test_00222,0.00000237
test_00223,0.99994285
test_00224,0.74463582
test_00225,0.99756565
test_00226,0.00027224
test_00227,0.00002288
test_00228,0.80766682
test_00229,0.00004505
test_00230,0.00701854
test_00231,0.99997867
test_00232,0.98198599
test_00233,0.99965938
test_00234,0.00453572
test_00235,0.99722235
test_00236,0.00000033
test_00237,0.00025423
test_00238,0.99985717
test_00239,0.00233651
test_00240,0.00027854
test_00241,0.00000043
test_00242,0.00340095
test_00243,0.99011281
test_00244,0.99992778
test_00245,0.99995025
test_00246,0.00013113
test_00247,0.97685728
test_00248,0.98270303
test_00249,0.99134224
test_00250,0.97430554
test_00251,0.06016911
test_00252,0.00251488
test_00253,0.99970589
test_00254,0.00000050
test_00255,0.00000080
test_00256,0.00678198
test_00257,0.00000041
test_00258,0.12745349
test_00259,0.04756625
test_00260,0.00046459
test_00261,0.84682336
test_00262,0.99853686
test_00263,0.94200415
test_00264,0.97299187
test_00265,0.99990747
test_00266,0.00002628
test_00267,0.83697787
test_00268,0.00053979
test_00269,0.99999474
test_00270,0.96315184
test_00271,0.50854590
test_00272,0.99785863
test_00273,0.00000489
test_00274,0.25654907
test_00275,0.00009576
test_00276,0.00035459
test_00277,0.99920217
test_00278,0.00029894
test_00279,0.01357299
test_00280,0.99898214
test_00281,0.99980781
test_00282,0.99984890
test_00283,0.00324059
test_00284,0.19042997
test_00285,0.00094885
test_00286,0.00008242
test_00287,0.99999746
test_00288,0.99992056
test_00289,0.99999944
test_00290,0.99847462
test_00291,0.99992399
test_00292,0.99992243
test_00293,0.00153854
test_00294,0.99969577
test_00295,0.99968495
test_00296,0.00343531
test_00297,0.95820970
test_00298,0.05668007
test_00299,0.99880485
test_00300,0.00025865
test_00301,0.99943334
test_00302,0.02800090
test_00303,0.00337214
test_00304,0.00043338
test_00305,0.99317747
test_00306,0.99999952
test_00307,0.05498403
test_00308,0.00001460
test_00309,0.99364787
test_00310,0.99979625
test_00311,0.98921855
test_00312,0.00086714
test_00313,0.99999978
test_00314,0.00497200
test_00315,0.98802092
test_00316,0.97156617
test_00317,0.00013584
test_00318,0.99885237
test_00319,0.90581270
test_00320,0.99994656
test_00321,0.02992751
test_00322,0.99973010
test_00323,0.96907973
test_00324,0.09027336
test_00325,0.99854430
test_00326,0.00402704
test_00327,0.00634328
test_00328,0.65783163
test_00329,0.99595712
test_00330,0.99110186
test_00331,0.99853416
test_00332,0.99999987
test_00333,0.99999845
test_00334,0.99999999
test_00335,0.03060384
test_00336,0.00000059
test_00337,0.98375868
test_00338,0.04145833
test_00339,0.99802279
test_00340,0.47211115
test_00341,0.00000638
test_00342,0.99999974
test_00343,0.99880938
test_00344,0.99209390
test_00345,0.99766559
test_00346,0.00000040
test_00347,0.00082335
test_00348,0.99818841
test_00349,0.00082146
test_00350,0.99585970
test_00351,0.01885978
test_00352,0.97045539
test_00353,0.99902722
test_00354,0.02172142
test_00355,0.99828498
test_00356,0.00000175
test_00357,0.00061553
test_00358,0.99923394
test_00359,0.99964706
test_00360,0.99042079
test_00361,0.99682350
test_00362,0.98169703
test_00363,0.99999999
test_00364,0.98652483
test_00365,0.96924186
test_00366,0.99941952
test_00367,0.00000589
test_00368,0.00008479
test_00369,0.99994902
test_00370,0.00000093
test_00371,0.00125030
test_00372,0.99172430
test_00373,0.15792734
test_00374,0.99423849
test_00375,0.99769899
test_00376,0.00494173
test_00377,0.00017253
test_00378,0.99994907
test_00379,0.00043465
test_00380,0.00039105
test_00381,0.99794109
test_00382,0.09572431
test_00383,0.00721722
test_00384,0.99958164
test_00385,0.00001712
test_00386,0.99984544
test_00387,0.99823276
test_00388,0.53870439
test_00389,0.99999968
test_00390,0.99771906
test_00391,0.00000008
test_00392,0.62520510
test_00393,0.99922545
test_00394,0.00002155
test_00395,0.04052495
test_00396,0.00177099
test_00397,0.99951870
test_00398,0.00004605
test_00399,0.76549357
test_00400,0.99999989
test_00401,0.91828143
test_00402,0.99952016
test_00403,0.00141058
test_00404,0.00006185
test_00405,0.99970155
test_00406,0.97710991
test_00407,0.02693348
test_00408,0.99999833
test_00409,0.99436642
test_00410,0.00000022
test_00411,0.00033635
test_00412,0.00001080
test_00413,0.04846628
test_00414,0.08063113
test_00415,0.97795323
test_00416,0.00000050
test_00417,0.00192226
test_00418,0.99999983
test_00419,0.99985434
test_00420,0.00000040
test_00421,0.99897089
test_00422,0.99999981
test_00423,0.00000004
test_00424,0.00173679
test_00425,0.00601553
test_00426,0.99105250
test_00427,0.00000220
test_00428,0.00002408
test_00429,0.99999992
test_00430,0.99999995
test_00431,0.99999851
test_00432,0.99997441
test_00433,0.01193747
test_00434,0.18175701
test_00435,0.00258109
test_00436,0.99999986
test_00437,0.29277428
test_00438,0.96435231
test_00439,0.98945359
test_00440,0.08406057
test_00441,0.00000000
test_00442,0.99155372
test_00443,0.99626626
test_00444,0.99999875
test_00445,0.00042006
test_00446,0.00007121
test_00447,0.00053955
test_00448,0.98651907
test_00449,0.00000022
test_00450,0.00026467
test_00451,0.99962907
test_00452,0.99992505
test_00453,0.00094477
test_00454,0.71831861
test_00455,0.99999859
test_00456,0.42216244
test_00457,0.00234864
test_00458,0.99997188
test_00459,0.99606440
test_00460,0.00310054
test_00461,0.99999973
test_00462,0.03323129
test_00463,0.99964587
test_00464,0.00000005
test_00465,0.00315926
test_00466,0.99965221
test_00467,0.34783173
test_00468,0.99902189
test_00469,0.00060849
test_00470,0.11500984
test_00471,0.00003312
test_00472,0.00085382
test_00473,0.03364849
test_00474,0.00000101
test_00475,0.00008061
test_00476,0.54146392
test_00477,0.00001136
test_00478,0.00097887
test_00479,0.99999631
test_00480,0.99999874
test_00481,0.00000020
test_00482,0.00090355
test_00483,0.99999995
test_00484,0.00001981
test_00485,0.00062742
test_00486,0.00098388
test_00487,0.97795456
test_00488,0.00000042
test_00489,0.99999958
test_00490,0.97237097
test_00491,0.07586421
test_00492,0.99051488
test_00493,0.99999978
test_00494,0.99993403
test_00495,0.99973194
test_00496,0.17578410
test_00497,0.99981174
test_00498,0.02439076
test_00499,0.00000048
test_00500,0.99924507
test_00501,0.00000034
test_00502,0.98440839
test_00503,0.00582195
test_00504,0.99999980
test_00505,0.99031339
test_00506,0.99999935
test_00507,0.00000031
test_00508,0.87094673
test_00509,0.00860165
test_00510,0.98950685
test_00511,0.99828881
test_00512,0.99997082
test_00513,0.99385567
test_00514,0.00000019
test_00515,0.00441495
test_00516,0.02086980
test_00517,0.00326885
test_00518,0.00029516
test_00519,0.99821470
test_00520,0.00160608
test_00521,0.99562006
test_00522,0.96188386
test_00523,0.13436142
test_00524,0.99964898
test_00525,0.38529882
test_00526,0.00298406
test_00527,0.00855904
test_00528,0.00144874
test_00529,0.85524152
test_00530,0.00066898
test_00531,0.73388034
test_00532,0.04843200
test_00533,0.00000035
test_00534,0.99988340
test_00535,0.01597036
test_00536,0.00006501
test_00537,0.00714131
test_00538,0.99999829
test_00539,0.00411611
test_00540,0.99460091
test_00541,0.02263971
test_00542,0.00134950
test_00543,0.99967600
test_00544,0.99845998
test_00545,0.00002756
test_00546,0.00000017
test_00547,0.99999973
test_00548,0.00000228
test_00549,0.99208767
test_00550,0.00000011
test_00551,0.00077140
test_00552,0.17770535
test_00553,0.96699738
test_00554,0.29613782
test_00555,0.06825203
test_00556,0.99998156
test_00557,0.99999926
test_00558,0.00000163
test_00559,0.00087107
test_00560,0.99989146
test_00561,0.00002013
test_00562,0.34989846
test_00563,0.00049579
test_00564,0.99999971
test_00565,0.99986980
test_00566,0.00000009
test_00567,0.99602393
test_00568,0.00000049
test_00569,0.12496876
test_00570,0.01340042
test_00571,0.00048070
test_00572,0.00000015
test_00573,0.00000324
test_00574,0.00000118
test_00575,0.62180026
test_00576,0.99107004
test_00577,0.74062324
test_00578,0.00001912
test_00579,0.98837406
test_00580,0.99999996
test_00581,0.99976377
test_00582,0.00901049
test_00583,0.99938764
test_00584,0.00001985
test_00585,0.00017402
test_00586,0.99999994
test_00587,0.99999999
test_00588,0.03033725
test_00589,0.00000578
test_00590,0.00000006
test_00591,0.00000007
test_00592,0.00006346
test_00593,0.99481578
test_00594,0.98293200
test_00595,0.00586699
test_00596,0.00002494
test_00597,0.00000031
test_00598,0.99999589
test_00599,0.00000009
test_00600,0.41219617
test_00601,0.99999836
test_00602,0.99957576
test_00603,0.04428511
test_00604,0.99907391
test_00605,0.99587505
test_00606,0.99999974
test_00607,0.00397157
test_00608,0.00154321
test_00609,0.00000015
test_00610,0.99827618
test_00611,0.06975805
test_00612,0.53932038
test_00613,0.00353391
test_00614,0.95362283
test_00615,0.99999976
test_00616,0.00002735
test_00617,0.99976724
test_00618,0.00000645
test_00619,0.99841721
test_00620,0.99999997
test_00621,0.06342975
test_00622,0.99999994
test_00623,0.99147709
test_00624,0.00000027
test_00625,0.00291711
test_00626,0.99991100
test_00627,0.00034802
test_00628,0.00007063
test_00629,0.01923293
test_00630,0.99999959
test_00631,0.99645740
test_00632,0.97377690
test_00633,0.99820230
test_00634,0.99997704
test_00635,0.00000008
test_00636,0.99866063
test_00637,0.01041297
test_00638,0.00972544
test_00639,0.99992126
test_00640,0.00000075
test_00641,0.99999841
test_00642,0.95859143
test_00643,0.00001697
test_00644,0.99996281
test_00645,0.99911491
test_00646,0.00000053
test_00647,0.00000080
test_00648,0.95917612
test_00649,0.99999670
test_00650,0.00000021
test_00651,0.00016590
test_00652,0.00002801
test_00653,0.99999778
test_00654,0.99725155
test_00655,0.99542825
test_00656,0.00000052
test_00657,0.01345483
test_00658,0.99871293
test_00659,0.00032233
test_00660,0.00251978
test_00661,0.00000001
test_00662,0.03020439
test_00663,0.00125866
test_00664,0.00000173
test_00665,0.00000006
test_00666,0.99818763
test_00667,0.06093601
test_00668,0.00000113
test_00669,0.00670580
test_00670,0.99181397
test_00671,0.99999950
test_00672,0.99994081
test_00673,0.98977776
test_00674,0.99923399
test_00675,0.99503137
test_00676,0.01536713
test_00677,0.00305105
test_00678,0.98996268
test_00679,0.42421572
test_00680,0.11079752
test_00681,0.99988718
test_00682,0.99669576
test_00683,0.99048690
test_00684,0.99997022
test_00685,0.99702728
test_00686,0.99985339
test_00687,0.00018731
test_00688,0.00000114
test_00689,0.99999973
test_00690,0.00109101
test_00691,0.99999853
test_00692,0.99786735
test_00693,0.99898276
test_00694,0.00005153
test_00695,0.00946839
test_00696,0.02113880
test_00697,0.99999996
test_00698,0.01003378
test_00699,0.00141538
test_00700,0.98691851
test_00701,0.99873851
test_00702,0.99491879
test_00703,0.00041023
test_00704,0.00039553
test_00705,0.99076524
test_00706,0.00004256
test_00707,0.99999939
test_00708,0.00033099
test_00709,0.96631080
test_00710,0.01416169
test_00711,0.99989034
test_00712,0.97032797
test_00713,0.03330824
test_00714,0.00004542
test_00715,0.99992703
test_00716,0.99995782
test_00717,0.99845264
test_00718,0.03237495
test_00719,0.00000068
test_00720,0.99826674
test_00721,0.00056735
test_00722,0.00003272
test_00723,0.99999835
test_00724,0.84910799
test_00725,0.99999621
test_00726,0.00000016
test_00727,0.00013395
test_00728,0.99869680
test_00729,0.99999173
test_00730,0.97835967
test_00731,0.21029250
test_00732,0.00000032
test_00733,0.00460565
test_00734,0.99999898
test_00735,0.01675760
test_00736,0.99139431
test_00737,0.99994642
test_00738,0.00000083
test_00739,0.99975986
test_00740,0.01102081
test_00741,0.99986723
test_00742,0.97393952
test_00743,0.99041314
test_00744,0.06985386
test_00745,0.97710573
test_00746,0.00004599
test_00747,0.04433629
test_00748,0.99999848
test_00749,0.00000294
test_00750,0.02115431
test_00751,0.99245549
test_00752,0.00016094
test_00753,0.00015510
test_00754,0.00379677
test_00755,0.99943661
test_00756,0.00000118
test_00757,0.00000105
test_00758,0.02040785
test_00759,0.02743939
test_00760,0.99875791
test_00761,0.96971635
test_00762,0.00037238
test_00763,0.99979913
test_00764,0.01708226
test_00765,0.98600426
test_00766,0.00012281
test_00767,0.97209250
test_00768,0.00000006
test_00769,0.00501768
test_00770,0.99972157
test_00771,0.00002851
test_00772,0.00000049
test_00773,0.99597918
test_00774,0.99653716
test_00775,0.99999998
test_00776,0.99999966
test_00777,0.00130828
test_00778,0.00632615
test_00779,0.00396799
test_00780,0.99469839
test_00781,0.00070276
test_00782,0.00302674
test_00783,0.52817471
test_00784,0.99619162
test_00785,0.99989084
test_00786,0.99999852
test_00787,0.00578296
test_00788,0.97471302
test_00789,0.80030752
test_00790,0.99720704
test_00791,0.99410973
test_00792,0.99855377
test_00793,0.00081952
test_00794,0.99483577
test_00795,0.00794779
test_00796,0.00000011
test_00797,0.00000069
test_00798,0.98009096
test_00799,0.99226347
test_00800,0.00005643
test_00801,0.00000091
test_00802,0.00009026
test_00803,0.00008129
test_00804,0.22713112
test_00805,0.00462146
test_00806,0.99998232
test_00807,0.99979352
test_00808,0.00240254
test_00809,0.27154286
test_00810,0.98665820
test_00811,0.99999966
test_00812,0.97875852
test_00813,0.00000050
test_00814,0.99921187
test_00815,0.05433434
test_00816,0.00016331
test_00817,0.00000694
test_00818,0.00064013
test_00819,0.99389836
test_00820,0.01612923
test_00821,0.00000003
test_00822,0.99934070
test_00823,0.00259341
test_00824,0.00000004
test_00825,0.99999994
test_00826,0.98244339
test_00827,0.99998963
test_00828,0.99984134
test_00829,0.99786332
test_00830,0.99310164
test_00831,0.99735401
test_00832,0.01236702
test_00833,0.00003081
test_00834,0.00003367
test_00835,0.01660036
test_00836,0.99801309
test_00837,0.96510795
test_00838,0.00032593
test_00839,0.00000004
test_00840,0.00000064
test_00841,0.51071198
test_00842,0.99354964
test_00843,0.99999960
test_00844,0.00428929
test_00845,0.00000002
test_00846,0.99997556
test_00847,0.06164273
test_00848,0.00016406
test_00849,0.00374565
test_00850,0.00001028
test_00851,0.98627979
test_00852,0.98358508
test_00853,0.99993413
test_00854,0.97985818
test_00855,0.03607668
test_00856,0.97662793
test_00857,0.00264411
test_00858,0.00829734
test_00859,0.99906784
test_00860,0.02743158
test_00861,0.99803375
test_00862,0.06461117
test_00863,0.99999922
test_00864,0.01540240
test_00865,0.00004615
test_00866,0.01492878
test_00867,0.00001147
test_00868,0.99997446
test_00869,0.37530063
test_00870,0.05482507
test_00871,0.00001591
test_00872,0.00000527
test_00873,0.99746113
test_00874,0.00023053
test_00875,0.81903616
test_00876,0.05386991
test_00877,0.00035173
test_00878,0.00008241
test_00879,0.99433015
test_00880,0.00000513
test_00881,0.99999938
test_00882,0.99050887
test_00883,0.96339684
test_00884,0.99904158
test_00885,0.85667423
test_00886,0.00000821
test_00887,0.00000452
test_00888,0.00408291
test_00889,0.99999934
test_00890,0.99989093
test_00891,0.99999985
test_00892,0.00078570
test_00893,0.99999896
test_00894,0.82419386
test_00895,0.99931521
test_00896,0.94683621
test_00897,0.96622893
test_00898,0.99955445
test_00899,0.00070543
test_00900,0.00272971
test_00901,0.99999973
test_00902,0.19195128
test_00903,0.99999905
test_00904,0.99999999
test_00905,0.06093250
test_00906,0.50819123
test_00907,0.99994350
test_00908,0.00000582
test_00909,0.97283926
test_00910,0.00000080
test_00911,0.85863715
test_00912,0.99671109
test_00913,0.00136881
test_00914,0.00005625
test_00915,0.91266267
test_00916,0.00000134
test_00917,0.98205290
test_00918,0.00045410
test_00919,0.00425637
test_00920,0.00000007
test_00921,0.00049645
test_00922,0.96320815
test_00923,0.00000028
test_00924,0.80664803
test_00925,0.99999962
test_00926,0.96450608
test_00927,0.00012545
test_00928,0.93811548
test_00929,0.72307439
test_00930,0.00000006
test_00931,0.99988660
test_00932,0.00000052
test_00933,0.99998600
test_00934,0.99999948
test_00935,0.00000024
test_00936,0.99034159
test_00937,0.99948487
test_00938,0.00000252
test_00939,0.99999949
test_00940,0.99999961
test_00941,0.99999897
test_00942,0.99999998
test_00943,0.00002206
test_00944,0.00109559
test_00945,0.98939365
test_00946,0.99324285
test_00947,0.00000165
test_00948,0.00995648
test_00949,0.01611760
test_00950,0.00000148
test_00951,0.97221022
test_00952,0.98736367
test_00953,0.99742699
test_00954,0.44424296
test_00955,0.99999993
test_00956,0.89590852
test_00957,0.29683602
test_00958,0.00034608
test_00959,0.98061306
test_00960,0.00009656
test_00961,0.99948460
test_00962,0.00094812
test_00963,0.99999931
test_00964,0.99980404
test_00965,0.98134163
test_00966,0.91153561
test_00967,0.00000034
test_00968,0.01645302
test_00969,0.99782650
test_00970,0.99438112
test_00971,0.99580634
test_00972,0.38277584
test_00973,0.03857537
test_00974,0.00329053
test_00975,0.99569006
test_00976,0.99987579
test_00977,0.98434881
test_00978,0.00000753
test_00979,0.00632062
test_00980,0.99999981
test_00981,0.98587066
test_00982,0.05307334
test_00983,0.01231497
test_00984,0.00139344
test_00985,0.97726033
test_00986,0.00814698
test_00987,0.00000042
test_00988,0.50918720
test_00989,0.99353591
test_00990,0.00023420
test_00991,0.97742328
test_00992,0.00000007
test_00993,0.00017130
test_00994,0.00009625
test_00995,0.00000962
test_00996,0.99999024
test_00997,0.99955166
test_00998,0.00128096
test_00999,0.00350650
test_01000,0.00187827
test_01001,0.99994163
test_01002,0.00000367
test_01003,0.95862449
test_01004,0.09871984
test_01005,0.00000061
test_01006,0.01349370
test_01007,0.04758411
test_01008,0.98564757
test_01009,0.99999968
test_01010,0.99970931
test_01011,0.97949588
test_01012,0.00489407
test_01013,0.00002519
test_01014,0.00006884
test_01015,0.99999975
test_01016,0.93230290
test_01017,0.00001004
test_01018,0.99999997
test_01019,0.99998822
test_01020,0.96992972
test_01021,0.99999999
test_01022,0.00266681
test_01023,0.99999903
test_01024,0.00112370
test_01025,0.01481541
test_01026,0.99488824
test_01027,0.00000550
test_01028,0.00000042
test_01029,0.99999759
test_01030,0.99999951
test_01031,0.00440905
test_01032,0.01160628
test_01033,0.99998794
test_01034,0.77376151
test_01035,0.00376867
test_01036,0.99707749
test_01037,0.86490218
test_01038,0.99996293
test_01039,0.99285523
test_01040,0.99959475
test_01041,0.97100270
test_01042,0.99989727
test_01043,0.58968645
test_01044,0.99999982
test_01045,0.99906219
test_01046,0.00163218
test_01047,0.99987663
test_01048,0.99999332
test_01049,0.00867983
test_01050,0.01126151
test_01051,0.98354931
test_01052,0.99061543
test_01053,0.00059482
test_01054,0.66147903
test_01055,0.03671865
test_01056,0.00000131
test_01057,0.00000270
test_01058,0.99999788
test_01059,0.66285052
test_01060,0.99238867
test_01061,0.99997455
test_01062,0.15644612
test_01063,0.00000036
test_01064,0.00114584
test_01065,0.01905448
test_01066,0.97580142
test_01067,0.05870146
test_01068,0.99999940
test_01069,0.00186192
test_01070,0.99999969
test_01071,0.99999971
test_01072,0.99292224
test_01073,0.99969545
test_01074,0.98757379
test_01075,0.00081959
test_01076,0.00098371
test_01077,0.97743082
test_01078,0.00000087
test_01079,0.99998119
test_01080,0.99999545
test_01081,0.99999914
test_01082,0.97795514
test_01083,0.99999990
test_01084,0.09515111
test_01085,0.99276947
test_01086,0.96637619
test_01087,0.00166846
test_01088,0.09255675
test_01089,0.99353964
test_01090,0.99999847
test_01091,0.99999975
test_01092,0.09906242
test_01093,0.00109071
test_01094,0.00000091
test_01095,0.99999990
test_01096,0.05642380
test_01097,0.99843322
test_01098,0.99902229
test_01099,0.54632588
test_01100,0.00001182
test_01101,0.00000587
test_01102,0.99983909
test_01103,0.02502695
test_01104,0.00081890
test_01105,0.98460632
test_01106,0.00240880
test_01107,0.99980528
test_01108,0.97184621
test_01109,0.03737377
test_01110,0.99964454
test_01111,0.00000011
test_01112,0.00239692
test_01113,0.99389612
test_01114,0.00085414
test_01115,0.00847555
test_01116,0.99994842
test_01117,0.97052632
test_01118,0.00000022
test_01119,0.00000680
test_01120,0.00921115
test_01121,0.99901202
test_01122,0.00025590
test_01123,0.99087051
test_01124,0.00270655
test_01125,0.99651736
test_01126,0.99999977
test_01127,0.00000000
test_01128,0.97766110
test_01129,0.21997007
test_01130,0.99995053
test_01131,0.74612227
test_01132,0.00000073
test_01133,0.00675965
test_01134,0.00000040
test_01135,0.99140988
test_01136,0.45475351
test_01137,0.99996553
test_01138,0.99967933
test_01139,0.00038703
test_01140,0.00267034
test_01141,0.99999847
test_01142,0.99960041
test_01143,0.99999913
test_01144,0.99926891
test_01145,0.81566729
test_01146,0.99999883
test_01147,0.05137469
test_01148,0.99999797
test_01149,0.02573121
test_01150,0.98099795
test_01151,0.00000158
test_01152,0.00166687
test_01153,0.99999884
test_01154,0.99956285
test_01155,0.00353918
test_01156,0.00000025
test_01157,0.00068344
test_01158,0.00071530
test_01159,0.00000043
test_01160,0.00003654
test_01161,0.00293939
test_01162,0.00000014
test_01163,0.99999993
test_01164,0.00000023
test_01165,0.00106561
test_01166,0.99602770
test_01167,0.99836392
test_01168,0.45738155
test_01169,0.01786935
test_01170,0.00329163
test_01171,0.99492796
test_01172,0.99999866
test_01173,0.02306308
test_01174,0.99980920
test_01175,0.00131230
test_01176,0.00000033
test_01177,0.99993857
test_01178,0.95867249
test_01179,0.00031520
test_01180,0.00000077
test_01181,0.00099830
test_01182,0.95772723
test_01183,0.99999935
test_01184,0.99999976
test_01185,0.00435562
test_01186,0.00427227
test_01187,0.00041297
test_01188,0.00000002
test_01189,0.00000024
test_01190,0.00393854
test_01191,0.28420220
test_01192,0.99998285
test_01193,0.00079281
test_01194,0.99293265
test_01195,0.99624153
test_01196,0.89680212
test_01197,0.97263653
test_01198,0.02870727
test_01199,0.00020427
test_01200,0.95939848
test_01201,0.00449885
test_01202,0.99999972
test_01203,0.99060017
test_01204,0.00059579
test_01205,0.00005295
test_01206,0.98407062
test_01207,0.00000007
test_01208,0.97206804
test_01209,0.05179389
test_01210,0.99992132
test_01211,0.99928858
test_01212,0.04407935
test_01213,0.99898901
test_01214,0.76579427
test_01215,0.01868538
test_01216,0.99999974
test_01217,0.00203778
test_01218,0.00662816
test_01219,0.00099289
test_01220,0.99999993
test_01221,0.99999999
test_01222,0.22501017
test_01223,0.99999979
test_01224,0.99988869
test_01225,0.99782134
test_01226,0.00121797
test_01227,0.99182507
test_01228,0.00030047
test_01229,0.99515443
test_01230,0.99708695
test_01231,0.99134828
test_01232,0.00000030
test_01233,0.99991442
test_01234,0.05627454
test_01235,0.99825850
test_01236,0.99932121
test_01237,0.00012914
test_01238,0.00000020
test_01239,0.99968363
test_01240,0.99999815
test_01241,0.99880726
test_01242,0.00170676
test_01243,0.00000532
test_01244,0.00000211
test_01245,0.99999996
test_01246,0.99999973
test_01247,0.99989928
test_01248,0.00103285
test_01249,0.99999993
test_01250,0.95052359
test_01251,0.88867996
test_01252,0.01215664
test_01253,0.00045362
test_01254,0.99999596
test_01255,0.99999937
test_01256,0.99989311
test_01257,0.31102438
test_01258,0.00000007
test_01259,0.00047052
test_01260,0.00002264
test_01261,0.99999921
test_01262,0.69785705
test_01263,0.99999194
test_01264,0.00012695
test_01265,0.99998813
test_01266,0.00000061
test_01267,0.00000012
test_01268,0.00065003
test_01269,0.99590159
test_01270,0.99790755
test_01271,0.00000002
test_01272,0.00000004
test_01273,0.00000311
test_01274,0.00140401
test_01275,0.99999983
test_01276,0.00024568
test_01277,0.00063478
test_01278,0.28109048
test_01279,0.00000644
test_01280,0.77661899
test_01281,0.99308572
test_01282,0.99991528
test_01283,0.99916992
test_01284,0.01092599
test_01285,0.09131263
test_01286,0.99901317
test_01287,0.99958183
test_01288,0.07340329
test_01289,0.99418491
test_01290,0.99982512
test_01291,0.00000551
test_01292,0.95252159
test_01293,0.00291734
test_01294,0.99954363
test_01295,0.99696343
test_01296,0.99991036
test_01297,0.99958622
test_01298,0.19290115
test_01299,0.99996566
test_01300,0.00000060
test_01301,0.99997837
test_01302,0.99826575
test_01303,0.00121457
test_01304,0.00017725
test_01305,0.00192145
test_01306,0.00380395
test_01307,0.99984875
test_01308,0.99999991
test_01309,0.00101234
test_01310,0.92857711
test_01311,0.00017322
test_01312,0.99999935
test_01313,0.00024895
test_01314,0.99886013
test_01315,0.01174416
test_01316,0.45789852
test_01317,0.99999609
test_01318,0.00011254
test_01319,0.02150787
test_01320,0.99975543
test_01321,0.00248105
test_01322,0.94467607
test_01323,0.00152755
test_01324,0.00000045
test_01325,0.99999987
test_01326,0.00331738
test_01327,0.99494455
test_01328,0.99914487
test_01329,0.99999994
test_01330,0.99999892
test_01331,0.00090348
test_01332,0.99954037
test_01333,0.99908655
test_01334,0.08725994
test_01335,0.99999954
test_01336,0.70350931
test_01337,0.99997944
test_01338,0.99989549
test_01339,0.96944666
test_01340,0.00015521
test_01341,0.99998596
test_01342,0.99999713
test_01343,0.99910403
test_01344,0.99999904
test_01345,0.90865168
test_01346,0.00000244
test_01347,0.99999982
test_01348,0.00010119
test_01349,0.00192687
test_01350,0.98219719
test_01351,0.99999979
test_01352,0.99999990
test_01353,0.00455306
test_01354,0.99825550
test_01355,0.99705251
test_01356,0.01339812
test_01357,0.00106595
test_01358,0.99999983
test_01359,0.50070709
test_01360,0.00000042
test_01361,0.99960995
test_01362,0.00032731
test_01363,1.00000000
test_01364,0.98694323
test_01365,0.03948935
test_01366,0.00004475
test_01367,0.99999886
test_01368,0.00002782
test_01369,0.01725374
test_01370,0.00000014
test_01371,0.00002009
test_01372,0.01807439
test_01373,0.99999993
test_01374,0.99999630
test_01375,0.00000002
test_01376,0.00000376
test_01377,0.00000024
test_01378,0.00014485
test_01379,0.00000027
test_01380,0.02138361
test_01381,0.00046344
test_01382,0.99802236
test_01383,0.99952504
test_01384,0.99999997
test_01385,0.99004782
test_01386,0.00107891
test_01387,0.01118912
test_01388,0.00075536
test_01389,0.00000097
test_01390,0.00009025
test_01391,0.00997973
test_01392,0.99657976
test_01393,0.99999957
test_01394,0.00000040
test_01395,0.99984965
test_01396,0.99999993
test_01397,0.93765268
test_01398,0.00002408
test_01399,0.00008560
test_01400,0.02692235
test_01401,0.00844923
test_01402,0.00007750
test_01403,0.76860583
test_01404,0.98818294
test_01405,0.99631294
test_01406,0.00356014
test_01407,0.99754314
test_01408,0.99999990
test_01409,0.99594818
test_01410,0.99999628
test_01411,0.00000369
test_01412,0.00000067
test_01413,0.00031101
test_01414,0.00001209
test_01415,0.87990818
test_01416,0.99999727
test_01417,0.00000085
test_01418,0.99146127
test_01419,0.01484999
test_01420,0.00000001
test_01421,0.00180733
test_01422,0.00000075
test_01423,0.99998347
test_01424,0.99998902
test_01425,0.99999903
test_01426,0.99811337
test_01427,0.00000025
test_01428,0.99583484
test_01429,0.99999962
test_01430,0.04111272
test_01431,0.00390484
test_01432,0.99943166
test_01433,0.99907916
test_01434,0.99999581
test_01435,0.00000122
test_01436,0.00019957
test_01437,0.00002669
test_01438,0.01062175
test_01439,0.99999938
test_01440,0.97837295
test_01441,0.02103899
test_01442,0.99809954
test_01443,0.00809336
test_01444,0.04677473
test_01445,0.99840950
test_01446,0.01735896
test_01447,0.98888169
test_01448,0.99510101
test_01449,0.85793374
test_01450,0.99938728
test_01451,0.04297139
test_01452,0.99945263
test_01453,0.99886451
test_01454,0.98032002
test_01455,0.99586102
test_01456,0.99231167
test_01457,0.99940808
test_01458,0.99994433
test_01459,0.99459197
test_01460,0.00004426
test_01461,0.00000014
test_01462,0.00070893
test_01463,0.99727683
test_01464,0.00000081
test_01465,0.97579460
test_01466,0.96875889
test_01467,0.99994397
test_01468,0.99618009
test_01469,0.00003783
test_01470,0.00037692
test_01471,0.71300355
test_01472,0.99913418
test_01473,0.00034663
test_01474,0.99989019
test_01475,0.00000016
test_01476,0.00003678
test_01477,0.46981454
test_01478,0.00306076
test_01479,0.93993076
test_01480,0.99753215
test_01481,0.98421668
test_01482,0.00168322
test_01483,0.97926826
test_01484,0.00000008
test_01485,0.99999740
test_01486,0.99602223
test_01487,0.00203607
test_01488,0.99999944
test_01489,0.22281897
test_01490,0.90438666
test_01491,0.00112387
test_01492,0.00000041
test_01493,0.00000279
test_01494,0.00000031
test_01495,0.00000439
test_01496,0.99695180
test_01497,0.90264860
test_01498,0.99565056
test_01499,0.00465843
test_01500,0.00563249
test_01501,0.39883422
test_01502,0.00195890
test_01503,0.78860567
test_01504,0.99999974
test_01505,0.00004048
test_01506,0.99555433
test_01507,0.99471269
test_01508,0.99777878
test_01509,0.99983940
test_01510,0.68733969
test_01511,0.99737855
test_01512,0.99999960
test_01513,0.99999941
test_01514,0.01287180
test_01515,0.99999509
test_01516,0.00003058
test_01517,0.05543022
test_01518,0.99967789
test_01519,0.99738939
test_01520,0.99999997
test_01521,0.99191756
test_01522,0.99999427
test_01523,0.88093311
test_01524,0.99999993
test_01525,0.97067681
test_01526,0.00000008
test_01527,0.99999294
test_01528,0.99776796
test_01529,0.00033835
test_01530,0.99950937
test_01531,0.02982412
test_01532,0.99589193
test_01533,0.97983313
test_01534,0.00000008
test_01535,0.00000013
test_01536,0.00042238
test_01537,0.99973155
test_01538,0.00198767
test_01539,0.99871952
test_01540,0.49221991
test_01541,0.78041681
test_01542,0.77553791
test_01543,0.99999951
test_01544,0.00292202
test_01545,0.99999974
test_01546,0.99902358
test_01547,0.94001895
test_01548,0.00000242
test_01549,0.80618415
test_01550,0.99988349
test_01551,0.03124822
test_01552,0.99862755
test_01553,0.99999183
test_01554,0.00028478
test_01555,0.83308469
test_01556,0.99918099
test_01557,0.99999308
test_01558,0.99997254
test_01559,0.00635619
test_01560,0.99864970
test_01561,0.00040650
test_01562,0.00047166
test_01563,0.99891950
test_01564,0.00000007
test_01565,0.97916915
test_01566,0.99999272
test_01567,0.02059444
test_01568,0.00000045
test_01569,0.00000242
test_01570,0.00003938
test_01571,0.99993737
test_01572,0.99201741
test_01573,0.89184457
test_01574,0.00127178
test_01575,0.00000110
test_01576,0.99999907
test_01577,0.06386311
test_01578,0.99681027
test_01579,0.98297978
test_01580,0.04799503
test_01581,0.99996033
test_01582,0.00113102
test_01583,0.00000142
test_01584,0.82650456
test_01585,0.04133379
test_01586,0.99999996
test_01587,0.99384047
test_01588,0.00000007
test_01589,0.06340801
test_01590,0.99999951
test_01591,0.99999980
test_01592,0.00677554
test_01593,0.02313375
test_01594,0.99690508
test_01595,0.99997796
test_01596,0.00000006
test_01597,0.00559384
test_01598,0.00043691
test_01599,0.99298905
test_01600,0.00002320
test_01601,0.99918275
test_01602,0.00108516
test_01603,0.99899476
test_01604,0.99984100
test_01605,0.00000666
test_01606,0.00100615
test_01607,0.99887589
test_01608,0.99890798
test_01609,0.99997263
test_01610,0.99330921
test_01611,0.00065148
test_01612,0.99814612
test_01613,0.17383766
test_01614,0.00616093
test_01615,0.97149912
test_01616,0.00088625
test_01617,0.89929865
test_01618,0.99897745
test_01619,0.00000199
test_01620,0.00003275
test_01621,0.00486218
test_01622,0.99999967
test_01623,0.99031123
test_01624,0.78028617
test_01625,0.91215109
test_01626,0.99999916
test_01627,0.99677383
test_01628,0.00307549
test_01629,0.99085262
test_01630,0.99821158
test_01631,0.99519629
test_01632,0.00000001
test_01633,0.99960359
test_01634,0.00002636
test_01635,0.96490298
test_01636,0.97915396
test_01637,0.00702307
test_01638,0.65372878
test_01639,0.05937502
test_01640,0.00010152
test_01641,0.00551607
test_01642,0.96936311
test_01643,0.00011666
test_01644,0.97272468
test_01645,0.99358299
test_01646,0.07143515
test_01647,0.98429139
test_01648,0.99950072
test_01649,0.01570759
test_01650,0.01503749
test_01651,0.00001213
test_01652,0.99992196
test_01653,0.00465526
test_01654,0.84715491
test_01655,0.99997406
test_01656,0.99999471
test_01657,0.00069480
test_01658,0.00097147
test_01659,0.00477525
test_01660,0.99957513
test_01661,0.00009769
test_01662,0.98332840
test_01663,0.00000008
test_01664,0.00463910
test_01665,0.99829504
test_01666,0.00000007
test_01667,0.00000007
test_01668,0.99929027
test_01669,0.00013907
test_01670,0.99818665
test_01671,0.99999558
test_01672,0.99999852
test_01673,0.05317240
test_01674,0.00001946
test_01675,0.00000019
test_01676,0.99939417
test_01677,0.10963281
test_01678,0.99909231
test_01679,0.99965413
test_01680,0.00018703
test_01681,0.99956123
test_01682,0.99988496
test_01683,0.00004858
test_01684,0.99999862
test_01685,0.99866399
test_01686,0.99999994
test_01687,0.97705690
test_01688,0.00057530
test_01689,0.00646016
test_01690,0.99995768
test_01691,0.00000144
test_01692,0.00068025
test_01693,0.00002313
test_01694,0.00016278
test_01695,0.04200914
test_01696,0.99561127
test_01697,0.99764177
test_01698,0.99996933
test_01699,0.00000013
test_01700,0.99999986
test_01701,0.00009639
test_01702,0.00016882
test_01703,0.99999956
test_01704,0.00000009
test_01705,0.22414672
test_01706,0.97417476
test_01707,0.99988029
test_01708,0.99484025
test_01709,0.99647103
test_01710,0.99622030
test_01711,0.00000013
test_01712,0.00231678
test_01713,0.00000192
test_01714,0.00299794
test_01715,0.99999834
test_01716,0.99999980
test_01717,0.99995685
test_01718,0.00026603
test_01719,0.00000010
test_01720,0.95890062
test_01721,0.00000054
test_01722,0.99999968
test_01723,0.00663948
test_01724,0.00281753
test_01725,0.01235207
test_01726,0.00000045
test_01727,0.99998745
test_01728,0.00786369
test_01729,0.99917892
test_01730,0.02053919
test_01731,0.00309994
test_01732,0.00014851
test_01733,0.99994511
test_01734,0.99999992
test_01735,0.99999983
test_01736,0.99776865
test_01737,0.99999936
test_01738,0.99999409
test_01739,0.36600731
test_01740,0.74511328
test_01741,0.00000003
test_01742,0.00000048
test_01743,0.99915924
test_01744,0.99105792
test_01745,0.00003561
test_01746,0.03505632
test_01747,0.99999893
test_01748,0.00464737
test_01749,0.93989182
test_01750,0.99777759
test_01751,0.09015583
test_01752,0.01192230
test_01753,0.75322726
test_01754,0.01000930
test_01755,0.84904739
test_01756,0.99786758
test_01757,0.99884784
test_01758,0.00000313
test_01759,0.00483313
test_01760,0.99579555
test_01761,0.01300242
test_01762,0.01302345
test_01763,0.00000011
test_01764,0.99773051
test_01765,0.99838808
test_01766,0.00000173
test_01767,0.00148197
test_01768,0.00000143
test_01769,0.93566168
test_01770,0.99807891
test_01771,0.00445358
test_01772,0.00856532
test_01773,0.99944042
test_01774,0.99999988
test_01775,0.99975709
test_01776,0.99705114
test_01777,0.92827992
test_01778,0.99992647
test_01779,0.04351432
test_01780,0.01360177
test_01781,0.99940338
test_01782,0.00017082
test_01783,0.98647123
test_01784,0.06490030
test_01785,0.99759552
test_01786,0.94145728
test_01787,0.27897339
test_01788,0.99346164
test_01789,0.63482741
test_01790,0.00294601
test_01791,0.99994478
test_01792,0.12508169
test_01793,0.01181770
test_01794,0.99996741
test_01795,0.00041081
test_01796,0.00006266
test_01797,0.00000209
test_01798,0.99369376
test_01799,0.13609554
test_01800,0.99982761
test_01801,0.99999991
test_01802,0.03624127
test_01803,0.99981108
test_01804,0.99997003
test_01805,0.00000040
test_01806,0.00010045
test_01807,0.99999976
test_01808,0.99999701
test_01809,0.99999992
test_01810,0.99259072
test_01811,0.99807906
test_01812,0.99958529
test_01813,0.02556046
test_01814,0.00000013
test_01815,0.99999967
test_01816,0.91235159
test_01817,0.00039736
test_01818,0.99611426
test_01819,0.73875423
test_01820,0.00886329
test_01821,0.99999825
test_01822,0.15332974
test_01823,0.00000225
test_01824,0.78719259
test_01825,0.01190891
test_01826,0.99934541
test_01827,0.00000005
test_01828,0.99999990
test_01829,0.00161380
test_01830,0.99999986
test_01831,0.00029843
test_01832,0.00066774
test_01833,0.00039013
test_01834,0.93024879
test_01835,0.46425727
test_01836,0.00000005
test_01837,0.99999917
test_01838,0.00079236
test_01839,0.99980113
test_01840,0.00033163
test_01841,0.99998914
test_01842,0.08569139
test_01843,0.00000005
test_01844,0.99983321
test_01845,0.90393204
test_01846,0.99999980
test_01847,0.99999958
test_01848,0.00000044
test_01849,0.99905510
test_01850,0.99914506
test_01851,0.99465017
test_01852,0.00021103
test_01853,0.00475928
test_01854,0.00000329
test_01855,0.00029517
test_01856,0.99897322
test_01857,0.00000005
test_01858,0.99999890
test_01859,0.99247365
test_01860,0.99965779
test_01861,0.01240524
test_01862,0.00140048
test_01863,0.99512381
test_01864,0.00000019
test_01865,0.99993684
test_01866,0.00389439
test_01867,0.00010440
test_01868,0.00273286
test_01869,0.99940541
test_01870,0.00000007
test_01871,0.99999938
test_01872,0.00553546
test_01873,0.99962522
test_01874,0.06681417
test_01875,0.00022425
test_01876,0.99395967
test_01877,0.99999992
test_01878,0.00780914
test_01879,0.99999875
test_01880,0.99272045
test_01881,0.98899752
test_01882,0.00000099
test_01883,0.06264851
test_01884,0.00000018
test_01885,0.00001929
test_01886,0.00000360
test_01887,0.95614690
test_01888,0.11468951
test_01889,0.00305073
test_01890,0.99970352
test_01891,0.01960662
test_01892,0.00099778
test_01893,0.99999018
test_01894,0.02111697
test_01895,0.00000174
test_01896,0.99999865
test_01897,0.00000892
test_01898,0.99999574
test_01899,0.03907453
test_01900,0.99999011
test_01901,0.00008207
test_01902,0.99968187
test_01903,0.00166694
test_01904,0.00000052
test_01905,0.99996207
test_01906,0.00579798
test_01907,0.99999941
test_01908,0.99998795
test_01909,0.00000144
test_01910,0.00000123
test_01911,0.00000001
test_01912,0.99999969
test_01913,0.00488800
test_01914,0.99944502
test_01915,0.03768536
test_01916,0.99961005
test_01917,0.99999977
test_01918,0.99751911
test_01919,0.05084309
test_01920,0.99999979
test_01921,0.02161795
test_01922,0.96659692
test_01923,0.73200727
test_01924,0.42822712
test_01925,0.99934775
test_01926,0.00869269
test_01927,0.99893428
test_01928,0.00010994
test_01929,0.99797669
test_01930,0.99885720
test_01931,0.00000027
test_01932,0.99999988
test_01933,0.91756140
test_01934,0.99997871
test_01935,0.00000842
test_01936,0.00065751
test_01937,0.99999966
test_01938,0.01207914
test_01939,0.99969305
test_01940,0.00000001
test_01941,0.99952111
test_01942,0.99141902
test_01943,0.00689405
test_01944,0.97825521
test_01945,0.00109421
test_01946,0.77989403
test_01947,0.00930335
test_01948,0.00547853
test_01949,0.02340351
test_01950,0.98485288
test_01951,0.00194757
test_01952,0.99735907
test_01953,0.00000007
test_01954,0.99981089
test_01955,0.04037812
test_01956,0.99999976
test_01957,0.99999891
test_01958,0.00375917
test_01959,0.00063330
test_01960,0.99999938
test_01961,0.99994518
test_01962,0.00000029
test_01963,0.03190452
test_01964,0.00001889
test_01965,0.99998971
test_01966,0.00005430
test_01967,0.00108283
test_01968,0.99999626
test_01969,0.00000020
test_01970,0.01499221
test_01971,0.99999894
test_01972,0.99669948
test_01973,0.00000015
test_01974,0.13173412
test_01975,0.99165847
test_01976,0.99999998
test_01977,0.00046477
test_01978,0.99828488
test_01979,0.00000020
test_01980,0.00849823
test_01981,0.00021416
test_01982,0.00000001
test_01983,0.07172243
test_01984,0.90599143
test_01985,0.99948997
test_01986,0.95064691
test_01987,0.00115134
test_01988,0.00000015
test_01989,0.96258457
test_01990,0.00166250
test_01991,0.99999950
test_01992,0.03863878
test_01993,0.98715666
test_01994,0.01296646
test_01995,0.99339404
test_01996,0.96700763
test_01997,0.98751345
test_01998,0.00419136
test_01999,0.01209293
test_02000,0.99999964
test_02001,0.00609743
test_02002,0.00001762
test_02003,0.97474444
test_02004,0.00010737
test_02005,0.99628620
test_02006,0.00882605
test_02007,0.08753062
test_02008,0.00074970
test_02009,0.99748459
test_02010,0.99975501
test_02011,0.99924685
test_02012,0.95683044
test_02013,0.99943487
test_02014,0.00011658
test_02015,0.00001961
test_02016,0.99999906
test_02017,0.00000098
test_02018,0.99124419
test_02019,0.99996164
test_02020,0.19439744
test_02021,0.99735724
test_02022,0.10687793
test_02023,0.00401406
test_02024,0.00000005
test_02025,0.99966029
test_02026,0.99836893
test_02027,0.10064212
test_02028,0.99999707
test_02029,0.98216986
test_02030,0.99999905
test_02031,0.91204106
test_02032,0.00398698
test_02033,0.00000031
test_02034,0.00093433
test_02035,0.99157379
test_02036,0.00188736
test_02037,0.00091378
test_02038,0.99379841
test_02039,0.99995502
test_02040,0.93202513
test_02041,0.99999984
test_02042,0.00271140
test_02043,0.00000236
test_02044,0.01251360
test_02045,0.99668740
test_02046,0.00073979
test_02047,0.00716674
test_02048,0.99995967
test_02049,0.00000076
test_02050,0.99846922
test_02051,0.99998264
test_02052,0.01736707
test_02053,0.99977444
test_02054,0.87553014
test_02055,0.99906678
test_02056,0.99691698
test_02057,0.99999998
test_02058,0.12352215
test_02059,0.99999948
test_02060,0.99999989
test_02061,0.99820031
test_02062,0.00000061
test_02063,0.00000016
test_02064,0.99529406
test_02065,0.99906684
test_02066,0.99999988
test_02067,0.00000075
test_02068,0.00149571
test_02069,0.98159647
test_02070,0.00000020
test_02071,0.00446065
test_02072,0.99999171
test_02073,0.00542859
test_02074,0.99922641
test_02075,0.95397885
test_02076,0.12955682
test_02077,0.00050639
test_02078,0.99999915
test_02079,0.00000061
test_02080,0.99980494
test_02081,0.00000053
test_02082,0.93502117
test_02083,0.00120097
test_02084,0.00236022
test_02085,0.05289918
test_02086,0.00197044
test_02087,0.00005943
test_02088,0.00000042
test_02089,0.00000051
test_02090,0.02955301
test_02091,0.00120180
test_02092,0.00000140
test_02093,0.00000003
test_02094,0.99991183
test_02095,0.00106328
test_02096,0.00001072
test_02097,0.00250392
test_02098,0.99636211
test_02099,0.99999991
test_02100,0.99999961
test_02101,0.96429355
test_02102,0.99999357
test_02103,0.00786686
test_02104,0.04774321
test_02105,0.99263865
test_02106,0.99961958
test_02107,0.00003435
test_02108,0.00109502
test_02109,0.00017911
test_02110,0.99946791
test_02111,0.00000003
test_02112,0.49770346
test_02113,0.99999866
test_02114,0.99447868
test_02115,0.00754069
test_02116,0.99821031
test_02117,0.00000796
test_02118,0.00186435
test_02119,0.99912317
test_02120,0.00011412
test_02121,0.99982073
test_02122,0.00012778
test_02123,0.00254501
test_02124,0.01006752
test_02125,0.99980494
test_02126,0.01280143
test_02127,0.00000049
test_02128,0.00002376
test_02129,0.99999506
test_02130,0.99999981
test_02131,0.99999841
test_02132,0.99904483
test_02133,0.99998422
test_02134,0.00000013
test_02135,0.99903699
test_02136,0.98704248
test_02137,0.99211639
test_02138,0.77092713
test_02139,0.99968557
test_02140,0.00177973
test_02141,0.99895734
test_02142,0.99999996
test_02143,0.00000111
test_02144,0.95535035
test_02145,0.00000099
test_02146,0.00064176
test_02147,0.80121062
test_02148,0.99330037
test_02149,0.00151672
test_02150,0.99999774
test_02151,0.00000052
test_02152,0.00038757
test_02153,0.99999994
test_02154,0.99999421
test_02155,0.99999992
test_02156,0.57917181
test_02157,0.00000132
test_02158,0.00726105
test_02159,0.99999301
test_02160,0.99995724
test_02161,0.99568981
test_02162,0.99999965
test_02163,0.00000002
test_02164,0.00000013
test_02165,0.00411676
test_02166,0.00002765
test_02167,0.48344564
test_02168,0.00575015
test_02169,0.00000007
test_02170,0.99999118
test_02171,0.00053988
test_02172,0.99475499
test_02173,0.00000031
test_02174,0.88381284
test_02175,0.97007907
test_02176,0.00511472
test_02177,0.93420495
test_02178,0.25936042
test_02179,0.98093740
test_02180,0.99999953
test_02181,0.99006955
test_02182,0.00280021
test_02183,0.00000175
test_02184,0.09603429
test_02185,0.99999249
test_02186,0.00007402
test_02187,0.99754755
test_02188,0.00390760
test_02189,0.99999682
test_02190,0.99994802
test_02191,0.99999605
test_02192,0.00531940
test_02193,0.00000190
test_02194,0.99992625
test_02195,0.99948506
test_02196,0.00024742
test_02197,0.99778946
test_02198,0.00000104
test_02199,0.20594210
test_02200,0.00009704
test_02201,0.04289735
test_02202,0.00197330
test_02203,0.00000171
test_02204,0.01417038
test_02205,0.00243266
test_02206,0.99971256
test_02207,0.00072350
test_02208,0.99684419
test_02209,0.98687940
test_02210,0.01379222
test_02211,0.68975169
test_02212,0.01755751
test_02213,0.99989826
test_02214,0.99999989
test_02215,0.00033358
test_02216,0.00072744
test_02217,0.00000001
test_02218,0.97385024
test_02219,0.00012548
test_02220,0.00000956
test_02221,0.00735124
test_02222,0.99982506
test_02223,0.11661029
test_02224,0.99999962
test_02225,0.00062338
test_02226,0.00001080
test_02227,0.00017346
test_02228,0.99987290
test_02229,0.99999984
test_02230,0.06226723
test_02231,0.05138050
test_02232,0.99260605
test_02233,0.99963635
test_02234,0.00021699
test_02235,0.99114944
test_02236,0.48951490
test_02237,0.99793798
test_02238,0.00190832
test_02239,0.98070882
test_02240,0.99686050
test_02241,0.99791572
test_02242,0.00045446
test_02243,0.00088258
test_02244,0.99999887
test_02245,0.00046678
test_02246,0.99950202
test_02247,0.99980387
test_02248,0.99999769
test_02249,0.99987611
test_02250,0.99996772
test_02251,0.00358047
test_02252,0.99933675
test_02253,0.99963211
test_02254,0.00105680
test_02255,0.96572768
test_02256,0.00310919
test_02257,0.99468145
test_02258,0.00344773
test_02259,0.99878863
test_02260,0.04177135
test_02261,0.00133038
test_02262,0.00727672
test_02263,0.99978575
test_02264,0.02414635
test_02265,0.99944431
test_02266,0.99539045
test_02267,0.06703987
test_02268,0.00010670
test_02269,0.99965921
test_02270,0.99999934
test_02271,0.00000411
test_02272,0.00000517
test_02273,0.77104019
test_02274,0.91898428
test_02275,0.99999975
test_02276,0.99999993
test_02277,0.99999979
test_02278,0.99999769
test_02279,0.99984732
test_02280,0.00000007
test_02281,0.98747203
test_02282,0.01119095
test_02283,0.69262723
test_02284,0.00000015
test_02285,0.99999318
test_02286,0.00019732
test_02287,0.00000126
test_02288,0.00000190
test_02289,0.00000001
test_02290,0.33972789
test_02291,0.00000091
test_02292,0.06127627
test_02293,0.00508620
test_02294,0.99999980
test_02295,0.82881796
test_02296,0.99999990
test_02297,0.99926838
test_02298,0.99821032
test_02299,0.99196877
test_02300,0.00000069
test_02301,0.30131749
test_02302,0.99999962
test_02303,0.99998372
test_02304,0.00006699
test_02305,0.99997067
test_02306,0.99996255
test_02307,0.00950359
test_02308,0.00014120
test_02309,0.00012470
test_02310,0.99845551
test_02311,0.99750072
test_02312,0.00000049
test_02313,0.48007414
test_02314,0.01740874
test_02315,0.99669166
test_02316,0.99478526
test_02317,0.00000024
test_02318,0.99968058
test_02319,0.99994458
test_02320,0.57402617
test_02321,0.95736243
test_02322,0.99149216
test_02323,0.00002234
test_02324,0.99994000
test_02325,0.98422432
test_02326,0.00120425
test_02327,0.85450868
test_02328,0.00376530
test_02329,0.00038028
test_02330,0.00015284
test_02331,0.00081752
test_02332,0.00191517
test_02333,0.00000171
test_02334,0.81661875
test_02335,0.99870018
test_02336,0.99999993
test_02337,0.25553533
test_02338,0.07806358
test_02339,0.99982945
test_02340,0.99999565
test_02341,0.98672592
test_02342,0.01150246
test_02343,0.99976075
test_02344,0.00027370
test_02345,0.00000044
test_02346,0.99840820
test_02347,0.99440952
test_02348,0.94715307
test_02349,0.99999991
test_02350,0.00000021
test_02351,0.00000004
test_02352,0.00477931
test_02353,0.00175502
test_02354,0.99999370
test_02355,0.99981996
test_02356,0.99783003
test_02357,0.00000009
test_02358,0.31009498
test_02359,0.99999840
test_02360,0.01735803
test_02361,0.91704206
test_02362,0.93680007
test_02363,0.98615742
test_02364,0.99999957
test_02365,0.99985251
test_02366,0.00107878
test_02367,0.99999942
test_02368,0.00000307
test_02369,0.00000022
test_02370,0.99963668
test_02371,0.99923797
test_02372,0.00008619
test_02373,0.00000474
test_02374,0.99999883
test_02375,0.97651694
test_02376,0.46969550
test_02377,0.99973451
test_02378,0.96480065
test_02379,0.00149596
test_02380,0.99983791
test_02381,0.99999986
test_02382,0.99992910
test_02383,0.00284091
test_02384,0.00000337
test_02385,0.69716028
test_02386,0.00003527
test_02387,0.99999777
test_02388,0.00001835
test_02389,0.00000008
test_02390,0.97944679
test_02391,0.00320166
test_02392,0.99744335
test_02393,0.00000852
test_02394,0.00019269
test_02395,0.99987220
test_02396,0.00081760
test_02397,0.99842934
test_02398,0.99999825
test_02399,0.00000213
test_02400,0.99990525
test_02401,0.99938726
test_02402,0.99881237
test_02403,0.11276436
test_02404,0.99949009
test_02405,0.97965116
test_02406,0.53729642
test_02407,0.99992824
test_02408,0.01906861
test_02409,0.00000546
test_02410,0.00004665
test_02411,0.99784861
test_02412,0.84862575
test_02413,0.99515806
test_02414,0.99999871
test_02415,0.99916137
test_02416,0.00478685
test_02417,0.95682946
test_02418,0.00981721
test_02419,0.00953959
test_02420,0.00000014
test_02421,0.99935478
test_02422,0.00179422
test_02423,0.99945225
test_02424,0.00005120
test_02425,0.00000058
test_02426,0.99999752
test_02427,0.99943793
test_02428,0.00000008
test_02429,0.00118117
test_02430,0.99905596
test_02431,0.00014310
test_02432,0.00036964
test_02433,0.99941539
test_02434,0.99815045
test_02435,0.75884511
test_02436,0.00367488
test_02437,0.99525488
test_02438,0.99999948
test_02439,0.99999936
test_02440,0.99992853
test_02441,0.99953383
test_02442,0.00050939
test_02443,0.99996828
test_02444,0.37666472
test_02445,0.28757227
test_02446,0.00000028
test_02447,0.99621255
test_02448,0.99998866
test_02449,0.00000711
test_02450,0.99998380
test_02451,0.99999991
test_02452,0.00000289
test_02453,0.77432527
test_02454,0.99778565
test_02455,0.00006178
test_02456,0.00002772
test_02457,0.00001217
test_02458,0.00000226
test_02459,0.02171773
test_02460,0.99997678
test_02461,0.99980533
test_02462,0.99999974
test_02463,0.00000815
test_02464,0.99999970
test_02465,0.00168161
test_02466,0.00320214
test_02467,0.00001217
test_02468,0.99999628
test_02469,0.00093524
test_02470,0.99993097
test_02471,0.99999996
test_02472,0.00000019
test_02473,0.99999828
test_02474,0.00000033
test_02475,0.00149787
test_02476,0.00123176
test_02477,0.83145775
test_02478,0.99999874
test_02479,0.99999271
test_02480,0.99740938
test_02481,0.99999994
test_02482,0.36500652
test_02483,0.00000096
test_02484,0.07286300
test_02485,0.00021596
test_02486,0.99426053
test_02487,0.00253510
test_02488,0.00819447
test_02489,0.99971719
test_02490,0.99999934
test_02491,0.19611264
test_02492,0.00410351
test_02493,0.00015297
test_02494,0.99999997
test_02495,0.00000002
test_02496,0.99999987
test_02497,0.08931311
test_02498,0.99891063
test_02499,0.99938485
test_02500,0.99999924
test_02501,0.00024943
test_02502,0.00576326
test_02503,0.99980619
test_02504,0.99768350
test_02505,0.00194083
test_02506,0.00000108
test_02507,0.99974189
test_02508,0.00000036
test_02509,0.97615597
test_02510,0.01039121
test_02511,0.99999903
test_02512,0.99608126
test_02513,0.99999910
test_02514,0.00000050
test_02515,0.99995602
test_02516,0.99999908
test_02517,0.06201460
test_02518,0.00002500
test_02519,0.99797162
test_02520,0.00000555
test_02521,0.00003558
test_02522,0.99999931
test_02523,0.00000017
test_02524,0.98701922
test_02525,0.99999989
test_02526,0.00007581
test_02527,0.90611826
test_02528,0.92956318
test_02529,0.98830241
test_02530,0.99998248
test_02531,0.99252437
test_02532,0.00644187
test_02533,0.99605468
test_02534,0.00276412
test_02535,0.99794414
test_02536,0.99999936
test_02537,0.95614245
test_02538,0.04471545
test_02539,0.99996631
test_02540,0.00030339
test_02541,0.00173365
test_02542,0.99984385
test_02543,0.97239734
test_02544,0.98575905
test_02545,0.99155718
test_02546,0.00001308
test_02547,0.99780351
test_02548,0.03369529
test_02549,0.99995401
test_02550,0.99999999
test_02551,0.00009051
test_02552,0.99709420
test_02553,0.99919687
test_02554,0.99849804
test_02555,0.06354123
test_02556,0.30793262
test_02557,0.93982128
test_02558,0.99758812
test_02559,0.00144872
test_02560,0.00065001
test_02561,0.99997089
test_02562,0.05418176
test_02563,0.96528607
test_02564,0.92008844
test_02565,0.99361621
test_02566,0.77091495
test_02567,0.22127832
test_02568,0.00074344
test_02569,0.00806725
test_02570,0.99616484
test_02571,0.00063353
test_02572,0.35582826
test_02573,0.02043646
test_02574,0.81434984
test_02575,0.03685625
test_02576,0.98591102
test_02577,0.52715125
test_02578,0.99664578
test_02579,0.00054975
test_02580,0.03493838
test_02581,0.64216032
test_02582,0.00000057
test_02583,0.67086985
test_02584,0.99999965
test_02585,0.00089261
test_02586,0.99164539
test_02587,0.00247493
test_02588,0.01895590
test_02589,0.04057574
test_02590,0.99689210
test_02591,0.99964573
test_02592,0.99364819
test_02593,0.99919509
test_02594,0.99998064
test_02595,0.99996963
test_02596,0.01204690
test_02597,0.99999965
test_02598,0.99998365
test_02599,0.04211428
test_02600,0.99999031
test_02601,0.00000594
test_02602,0.03488564
test_02603,0.00073168
test_02604,0.00004553
test_02605,0.03470495
test_02606,0.98233571
test_02607,0.99999983
test_02608,0.93119696
test_02609,0.99990112
test_02610,0.00000019
test_02611,0.99138273
test_02612,0.00034206
test_02613,0.00000072
test_02614,0.00074214
test_02615,0.00002298
test_02616,0.44764503
test_02617,0.99999950
test_02618,0.02599488
test_02619,0.99137244
test_02620,0.00007575
test_02621,0.99999889
test_02622,0.05666224
test_02623,0.56910360
test_02624,0.99999885
test_02625,0.01519194
test_02626,0.99999887
test_02627,0.99746183
test_02628,0.00028097
test_02629,0.00000079
test_02630,0.99999826
test_02631,0.00923005
test_02632,0.00832796
test_02633,0.99999323
test_02634,0.00005684
test_02635,0.01235293
test_02636,0.03067357
test_02637,0.99999981
test_02638,0.98298307
test_02639,0.28316903
test_02640,0.99990658
test_02641,0.99999952
test_02642,0.00617205
test_02643,0.99984823
test_02644,0.00000013
test_02645,0.05277607
test_02646,0.00002323
test_02647,0.00149438
test_02648,0.00000009
test_02649,0.99999907
test_02650,0.01228974
test_02651,0.99940364
test_02652,0.04900764
test_02653,0.98031572
test_02654,0.95155226
test_02655,0.00649231
test_02656,0.00000471
test_02657,0.03112772
test_02658,0.99746941
test_02659,0.99223668
test_02660,0.29769557
test_02661,0.99796641
test_02662,0.91982265
test_02663,0.00060276
test_02664,0.99193897
test_02665,0.99999592
test_02666,0.98580340
test_02667,0.98188879
test_02668,0.99342749
test_02669,0.05173652
test_02670,0.42907368
test_02671,0.00032798
test_02672,0.99992284
test_02673,0.99999572
test_02674,0.37703942
test_02675,0.58056557
test_02676,0.99810514
test_02677,0.04362756
test_02678,0.99639500
test_02679,0.99389445
test_02680,0.01819545
test_02681,0.02932253
test_02682,0.01044261
test_02683,0.99391702
test_02684,0.03076099
test_02685,0.07191785
test_02686,0.99999901
test_02687,0.02081079
test_02688,0.99999973
test_02689,0.99992572
test_02690,0.54936432
test_02691,0.00386205
test_02692,0.99985483
test_02693,0.88366797
test_02694,0.99293901
test_02695,0.93874178
test_02696,0.99042314
test_02697,0.00406803
test_02698,0.00178613
test_02699,0.99162938
test_02700,0.00419834
test_02701,0.01473865
test_02702,0.79948607
test_02703,0.00021776
test_02704,0.00107389
test_02705,0.99996252
test_02706,0.00000409
test_02707,0.99363220
test_02708,0.99802276
test_02709,0.99755058
test_02710,0.99908022
test_02711,0.00207994
test_02712,0.98463166
test_02713,0.00280443
test_02714,0.00000144
test_02715,0.99656831
test_02716,0.04054115
test_02717,0.98479676
test_02718,0.00000127
test_02719,0.92942090
test_02720,0.00149017
test_02721,0.00081856
test_02722,0.02678392
test_02723,0.99998846
test_02724,0.01677841
test_02725,0.00454308
test_02726,0.99906353
test_02727,0.00005631
test_02728,0.00798128
test_02729,0.00053347
test_02730,0.99999780
test_02731,0.00191422
test_02732,0.99756411
test_02733,0.98699355
test_02734,0.00066797
test_02735,0.99997756
test_02736,0.00910708
test_02737,0.99999965
test_02738,0.99898240
test_02739,0.97071309
test_02740,0.99999984
test_02741,0.00445466
test_02742,0.06865956
test_02743,0.00081538
test_02744,0.00000200
test_02745,0.99999992
test_02746,0.10443000
test_02747,0.01048255
test_02748,0.00081168
test_02749,0.99660308
test_02750,0.99999955
test_02751,0.41063857
test_02752,0.98962216
test_02753,0.99999953
test_02754,0.00000015
test_02755,0.99878443
test_02756,0.99271789
test_02757,0.00132953
test_02758,0.13990905
test_02759,0.97297286
test_02760,0.00000003
test_02761,0.99999883
test_02762,0.00000089
test_02763,0.00000113
test_02764,0.99485331
test_02765,0.00033190
test_02766,0.14181401
test_02767,0.00000125
test_02768,0.08720996
test_02769,0.00000695
test_02770,0.00218075
test_02771,0.99921080
test_02772,0.97933515
test_02773,0.01034000
test_02774,0.99901951
test_02775,0.98252000
test_02776,0.99851572
test_02777,0.99950304
test_02778,0.02251849
test_02779,0.00587290
test_02780,0.99835015
test_02781,0.97078293
test_02782,0.56365183
test_02783,0.00005690
test_02784,0.00272480
test_02785,0.99999966
test_02786,0.00017486
test_02787,0.00000014
test_02788,0.99999143
test_02789,0.00009700
test_02790,0.00138299
test_02791,0.00001032
test_02792,0.98714555
test_02793,0.00000008
test_02794,0.00089802
test_02795,0.99999958
test_02796,0.99999821
test_02797,0.00011608
test_02798,0.99999936
test_02799,0.05725894
test_02800,0.00251578
test_02801,0.00000291
test_02802,0.00000009
test_02803,0.00164899
test_02804,0.00815814
test_02805,0.00148977
test_02806,0.99999999
test_02807,0.00073310
test_02808,0.01902282
test_02809,0.32333974
test_02810,0.00130093
test_02811,0.00000002
test_02812,0.45223515
test_02813,0.99973640
test_02814,0.99912985
test_02815,0.00124633
test_02816,0.37221933
test_02817,0.00168518
test_02818,0.00435147
test_02819,0.99187703
test_02820,0.00008927
test_02821,0.99793755
test_02822,0.92646205
test_02823,0.99999776
test_02824,0.00000003
test_02825,0.99965087
test_02826,0.99999898
test_02827,0.88813595
test_02828,0.99999878
test_02829,0.99984634
test_02830,0.99999934
test_02831,0.99999980
test_02832,0.05091814
test_02833,0.00466694
test_02834,0.93847456
test_02835,0.00000056
test_02836,0.99996990
test_02837,0.99999920
test_02838,0.00000008
test_02839,0.99303726
test_02840,0.99684959
test_02841,0.99983735
test_02842,0.99999966
test_02843,0.00000866
test_02844,0.00000054
test_02845,0.00003136
test_02846,0.99863552
test_02847,0.99995217
test_02848,0.01049664
test_02849,0.17247794
test_02850,0.00010782
test_02851,0.99998139
test_02852,0.00011080
test_02853,0.00293610
test_02854,0.34746288
test_02855,0.99993373
test_02856,0.01277951
test_02857,0.99130492
test_02858,0.99999820
test_02859,0.99999782
test_02860,0.65296621
test_02861,0.99999958
test_02862,0.00991994
test_02863,0.02210760
test_02864,0.70367158
test_02865,0.99996052
test_02866,0.99670077
test_02867,0.99828355
test_02868,0.00000052
test_02869,0.99641225
test_02870,0.98281622
test_02871,0.97933785
test_02872,0.00193644
test_02873,0.99996708
test_02874,0.99999603
test_02875,0.99959662
test_02876,0.99999948
test_02877,0.00310803
test_02878,0.00469974
test_02879,0.00078252
test_02880,0.99999997
test_02881,0.00015898
test_02882,0.00424747
test_02883,0.99999889
test_02884,0.00005536
test_02885,0.99978954
test_02886,0.00000066
test_02887,0.00000036
test_02888,0.00000117
test_02889,0.00000020
test_02890,0.00000377
test_02891,0.00218661
test_02892,0.06911206
test_02893,0.00127138
test_02894,0.00195398
test_02895,0.00149756
test_02896,0.99872146
test_02897,0.00407387
test_02898,0.99121299
test_02899,0.99998642
test_02900,0.99964337
test_02901,0.99999987
test_02902,0.00022467
test_02903,0.00025055
test_02904,0.02318728
test_02905,0.99734506
test_02906,0.99788255
test_02907,0.99999618
test_02908,0.62771234
test_02909,0.00001518
test_02910,0.00000053
test_02911,0.00000076
test_02912,0.99999982
test_02913,0.00000031
test_02914,0.99714618
test_02915,0.99999429
test_02916,0.99783485
test_02917,0.00412791
test_02918,0.00001596
test_02919,0.00000836
test_02920,0.00000234
test_02921,0.99990958
test_02922,0.99999985
test_02923,0.00000591
test_02924,0.00074800
test_02925,0.00223528
test_02926,0.99893407
test_02927,0.98314413
test_02928,0.97286729
test_02929,0.00023604
test_02930,0.99999993
test_02931,0.99165321
test_02932,0.96112552
test_02933,0.00603403
test_02934,0.51798217
test_02935,0.98133657
test_02936,0.99999977
test_02937,0.00101964
test_02938,0.58819758
test_02939,0.99999842
test_02940,0.00000996
test_02941,0.99024578
test_02942,0.00010763
test_02943,0.99521624
test_02944,0.00040446
test_02945,0.99999773
test_02946,0.00000849
test_02947,0.70206650
test_02948,0.00000011
test_02949,0.97790083
test_02950,0.03112156
test_02951,0.28743273
test_02952,0.99899939
test_02953,0.99780702
test_02954,0.99982639
test_02955,0.00736177
test_02956,0.00080725
test_02957,0.00000006
test_02958,0.99548116
test_02959,0.00017959
test_02960,0.80750008
test_02961,0.00009440
test_02962,0.99476816
test_02963,0.00090194
test_02964,0.99814562
test_02965,0.00000026
test_02966,0.00000018
test_02967,0.00411395
test_02968,0.99999995
test_02969,0.99998993
test_02970,0.95889841
test_02971,0.99999941
test_02972,0.99999996
test_02973,0.00000112
test_02974,0.06759742
test_02975,0.00065096
test_02976,0.93811484
test_02977,0.53984452
test_02978,0.99974571
test_02979,0.99969485
test_02980,0.00048651
test_02981,0.95644955
test_02982,0.99937223
test_02983,0.95642440
test_02984,0.99884647
test_02985,0.00079725
test_02986,0.97824707
test_02987,0.00002985
test_02988,0.00000605
test_02989,0.99150087
test_02990,0.99999882
test_02991,0.99998165
test_02992,0.00884279
test_02993,0.00048833
test_02994,0.96002777
test_02995,0.00000006
test_02996,0.00190205
test_02997,0.00411790
test_02998,0.00007579
test_02999,0.99999812
test_03000,0.99999950
test_03001,0.99997401
test_03002,0.99999948
test_03003,0.99981355
test_03004,0.00193192
test_03005,0.00904187
test_03006,0.99141633
test_03007,0.01167248
test_03008,0.00985030
test_03009,0.02559569
test_03010,0.99317910
test_03011,0.99959341
test_03012,0.00253745
test_03013,0.99995205
test_03014,0.99999990
test_03015,0.00178876
test_03016,0.01448720
test_03017,0.97987010
test_03018,0.00073901
test_03019,0.00001367
test_03020,0.99510265
test_03021,0.00015203
test_03022,0.99946973
test_03023,0.02043550
test_03024,0.99773887
test_03025,0.80428644
test_03026,0.00002532
test_03027,0.00000110
test_03028,0.00000006
test_03029,0.00285509
test_03030,0.30102790
test_03031,0.03428094
test_03032,0.00147521
test_03033,0.99746132
test_03034,0.00254955
test_03035,0.00083794
test_03036,0.00034838
test_03037,0.00000168
test_03038,0.00017398
test_03039,0.00048037
test_03040,0.99999887
test_03041,0.99999967
test_03042,0.99999976
test_03043,0.99999811
test_03044,0.99999975
test_03045,0.99760008
test_03046,0.99010284
test_03047,0.99025307
test_03048,0.00000088
test_03049,0.99929827
test_03050,0.00000007
test_03051,0.00053438
test_03052,0.00138442
test_03053,0.00173503
test_03054,0.00002272
test_03055,0.99962095
test_03056,0.99999692
test_03057,0.00000008
test_03058,0.00506118
test_03059,0.99999918
test_03060,0.99999918
test_03061,0.99999981
test_03062,0.99999997
test_03063,0.00288240
test_03064,0.99999916
test_03065,0.00754499
test_03066,0.99741567
test_03067,0.99997459
test_03068,0.80140227
test_03069,0.99999994
test_03070,0.51550001
test_03071,0.99998926
test_03072,0.11193452
test_03073,0.00000056
test_03074,0.99999981
test_03075,0.99995525
test_03076,0.00000006
test_03077,0.65675639
test_03078,0.00000394
test_03079,0.00176876
test_03080,0.00174676
test_03081,0.26327415
test_03082,0.99997450
test_03083,0.99986015
test_03084,0.00837256
test_03085,0.08793745
test_03086,0.00682145
test_03087,0.00008246
test_03088,0.99628621
test_03089,0.00001425
test_03090,0.99896073
test_03091,0.99998104
test_03092,0.00000061
test_03093,0.98342167
test_03094,0.99999905
test_03095,0.87490235
test_03096,0.99999949
test_03097,0.00637918
test_03098,0.00041736
test_03099,0.99999697
test_03100,0.99299444
test_03101,0.99487230
test_03102,0.99958503
test_03103,0.00003197
test_03104,0.15285209
test_03105,0.01743881
test_03106,0.05420346
test_03107,0.01288053
test_03108,0.00058776
test_03109,0.00008962
test_03110,0.04988763
test_03111,0.00502676
test_03112,0.00085018
test_03113,0.00119383
test_03114,0.00000037
test_03115,0.01446363
test_03116,0.99973943
test_03117,0.00573908
test_03118,0.00930744
test_03119,0.99361501
test_03120,0.00473333
test_03121,0.00000001
test_03122,0.64158487
test_03123,0.99987064
test_03124,0.96135231
test_03125,0.00029420
test_03126,0.99204153
test_03127,0.93051244
test_03128,0.00000004
test_03129,0.01433537
test_03130,0.98848797
test_03131,0.05807517
test_03132,0.83672925
test_03133,0.00099237
test_03134,0.43847143
test_03135,0.99878929
test_03136,0.01609106
test_03137,0.00448953
test_03138,0.00000408
test_03139,0.00000141
test_03140,0.00015923
test_03141,0.99013564
test_03142,0.99999955
test_03143,0.00393394
test_03144,0.99934034
test_03145,0.99999502
test_03146,0.00130890
test_03147,0.00001675
test_03148,0.00000055
test_03149,0.09105557
test_03150,0.99999970
test_03151,0.00000845
test_03152,0.99927166
test_03153,0.00023337
test_03154,0.99998532
test_03155,0.00000008
test_03156,0.99982220
test_03157,0.00000010
test_03158,0.99999962
test_03159,0.99019704
test_03160,0.00694046
test_03161,0.00019248
test_03162,0.99948566
test_03163,0.00000080
test_03164,0.99953235
test_03165,0.00000009
test_03166,0.00001887
test_03167,0.00000002
test_03168,0.00000005
test_03169,0.00057862
test_03170,0.00000002
test_03171,0.97903472
test_03172,0.99996199
test_03173,0.99320088
test_03174,0.96644783
test_03175,0.92551867
test_03176,0.99999957
test_03177,0.08427689
test_03178,0.99999522
test_03179,0.03007926
test_03180,0.99998529
test_03181,0.99928364
test_03182,0.00000239
test_03183,0.96415732
test_03184,0.99986227
test_03185,0.99991809
test_03186,0.00019872
test_03187,0.98981284
test_03188,0.00045450
test_03189,0.99998061
test_03190,0.01085802
test_03191,0.00000062
test_03192,0.99702143
test_03193,0.01458481
test_03194,0.99953827
test_03195,0.00131011
test_03196,0.99992273
test_03197,0.00257717
test_03198,0.00000069
test_03199,0.17556664
test_03200,0.04330595
test_03201,0.00400660
test_03202,0.00130830
test_03203,0.00026216
test_03204,0.99892453
test_03205,0.61285793
test_03206,0.00015994
test_03207,0.99160220
test_03208,0.00335521
test_03209,0.06208344
test_03210,0.99418632
test_03211,0.00000015
test_03212,0.99986870
test_03213,0.99999782
test_03214,0.00000100
test_03215,0.99999997
test_03216,0.03171551
test_03217,0.00000024
test_03218,0.00468604
test_03219,0.99999827
test_03220,0.98447737
test_03221,0.99998716
test_03222,0.00006868
test_03223,0.00734636
test_03224,0.99999996
test_03225,0.99980673
test_03226,0.00002340
test_03227,0.99999390
test_03228,0.99974683
test_03229,0.00000008
test_03230,0.99823406
test_03231,0.99999999
test_03232,0.99999794
test_03233,0.00165577
test_03234,0.06068516
test_03235,0.10104776
test_03236,0.00000002
test_03237,0.99976236
test_03238,0.04349862
test_03239,0.00005813
test_03240,0.00344141
test_03241,0.26730657
test_03242,0.00000258
test_03243,0.00000012
test_03244,0.00069535
test_03245,0.98920264
test_03246,0.97738350
test_03247,0.99913356
test_03248,0.01982956
test_03249,0.99786159
test_03250,0.00010300
test_03251,0.00000197
test_03252,0.99997937
test_03253,0.99999891
test_03254,0.00011620
test_03255,0.00009244
test_03256,0.99518431
test_03257,0.99999841
test_03258,0.01481902
test_03259,0.99933916
test_03260,0.00032996
test_03261,0.00000011
test_03262,0.99999270
test_03263,0.04274057
test_03264,0.01582628
test_03265,0.00000049
test_03266,0.99985743
test_03267,0.99999901
test_03268,0.05649560
test_03269,0.99999985
test_03270,0.00000846
test_03271,0.00002492
test_03272,0.99069437
test_03273,0.00107534
test_03274,0.00018944
test_03275,0.00000020
test_03276,0.00000072
test_03277,0.00000135
test_03278,0.99769375
test_03279,0.99994290
test_03280,0.97512990
test_03281,0.99999183
test_03282,0.75269496
test_03283,0.01340335
test_03284,0.00000002
test_03285,0.99999826
test_03286,0.99999969
test_03287,0.99999995
test_03288,0.06976652
test_03289,0.99672562
test_03290,0.27376246
test_03291,0.07974067
test_03292,0.60356919
test_03293,0.99999387
test_03294,0.99988985
test_03295,0.00051074
test_03296,0.00006416
test_03297,0.99999974
test_03298,0.00000052
test_03299,0.99999410
test_03300,0.99999993
test_03301,0.00000541
test_03302,0.99996162
test_03303,0.00000101
test_03304,0.00000019
test_03305,0.99945529
test_03306,0.99979383
test_03307,0.99953534
test_03308,0.99988776
test_03309,0.00000223
test_03310,0.99999956
test_03311,0.00000502
test_03312,0.99980112
test_03313,0.00175068
test_03314,0.00000100
test_03315,0.91490473
test_03316,0.99999957
test_03317,0.98476606
test_03318,0.99999946
test_03319,0.00016014
test_03320,0.99999962
test_03321,0.99800665
test_03322,0.99999975
test_03323,0.99997387
test_03324,0.00000529
test_03325,0.00616449
test_03326,0.00649257
test_03327,0.99989412
test_03328,0.84586169
test_03329,0.00020232
test_03330,0.99993032
test_03331,0.00104385
test_03332,0.99772653
test_03333,0.00613601
test_03334,0.99999779
test_03335,0.99360078
test_03336,0.00000004
test_03337,0.00030613
test_03338,0.00008708
test_03339,0.98907604
test_03340,0.99866504
test_03341,0.00035807
test_03342,0.12985419
test_03343,0.00002896
test_03344,0.97742307
test_03345,0.00000106
test_03346,0.00148103
test_03347,0.32983856
test_03348,0.00000009
test_03349,0.99997048
test_03350,0.99998290
test_03351,0.20166612
test_03352,0.99999866
test_03353,0.00375489
test_03354,0.00000086
test_03355,0.99367110
test_03356,0.00791915
test_03357,0.99895323
test_03358,0.00001304
test_03359,0.99962798
test_03360,0.47038732
test_03361,0.00032979
test_03362,0.99587064
test_03363,0.99899233
test_03364,0.97776783
test_03365,0.90468991
test_03366,0.45383494
test_03367,0.86995234
test_03368,0.97977564
test_03369,0.04646656
test_03370,0.99999921
test_03371,0.99999993
test_03372,0.00174089
test_03373,0.20293164
test_03374,0.97756078
test_03375,0.00012917
test_03376,0.99911481
test_03377,0.01380701
test_03378,0.00742779
test_03379,0.99890837
test_03380,0.99999930
test_03381,0.99999979
test_03382,0.98540852
test_03383,0.00062322
test_03384,0.98923425
test_03385,0.99832046
test_03386,0.72876623
test_03387,0.99999979
test_03388,0.04080117
test_03389,0.99999979
test_03390,0.96347141
test_03391,0.99942621
test_03392,0.79135836
test_03393,0.00000026
test_03394,0.16444700
test_03395,0.94125342
test_03396,0.00433502
test_03397,0.00043627
test_03398,0.99999958
test_03399,0.99999977
test_03400,0.00616997
test_03401,0.02945315
test_03402,0.98857401
test_03403,0.00178519
test_03404,0.00000010
test_03405,0.99999810
test_03406,0.00199072
test_03407,0.00000041
test_03408,0.01407540
test_03409,0.00286922
test_03410,0.04776002
test_03411,0.99826617
test_03412,0.99999895
test_03413,0.00012456
test_03414,0.00119343
test_03415,0.96395672
test_03416,0.14873354
test_03417,0.00785979
test_03418,0.01014359
test_03419,0.00002263
test_03420,0.99827440
test_03421,0.00032432
test_03422,0.99966826
test_03423,0.00002796
test_03424,0.00000305
test_03425,0.01110007
test_03426,0.99999710
test_03427,0.99421696
test_03428,0.00067208
test_03429,0.98304164
test_03430,0.99999959
test_03431,0.97404955
test_03432,0.00000420
test_03433,0.99998359
test_03434,0.00041027
test_03435,0.99988079
test_03436,0.00000717
test_03437,0.02173541
test_03438,0.00026953
test_03439,0.99999892
test_03440,0.97050951
test_03441,0.99845202
test_03442,0.88144185
test_03443,0.99810455
test_03444,0.24834118
test_03445,0.01174338
test_03446,0.98163400
test_03447,0.99996682
test_03448,0.99999517
test_03449,0.99999986
test_03450,0.64921057
test_03451,0.11619206
test_03452,0.00000015
test_03453,0.00558986
test_03454,0.00000423
test_03455,0.00000176
test_03456,0.00051136
test_03457,0.00605081
test_03458,0.99999992
test_03459,0.00000029
test_03460,0.00319433
test_03461,0.28368692
test_03462,0.99556052
test_03463,0.00000044
test_03464,0.99951330
test_03465,0.00000442
test_03466,0.04285672
test_03467,0.99890979
test_03468,0.00000051
test_03469,0.01617112
test_03470,0.00000008
test_03471,0.71996251
test_03472,0.99999507
test_03473,0.97755251
test_03474,0.99999968
test_03475,0.98681804
test_03476,0.00001648
test_03477,0.06341410
test_03478,0.00000013
test_03479,0.00323928
test_03480,0.99999805
test_03481,0.99122367
test_03482,0.99776812
test_03483,0.86448126
test_03484,0.99114343
test_03485,0.01072655
test_03486,0.99995196
test_03487,0.99999986
test_03488,0.99999930
test_03489,0.00136864
test_03490,0.96036650
test_03491,0.97536949
test_03492,0.99966735
test_03493,0.99923886
test_03494,0.00000332
test_03495,0.00285836
test_03496,0.00135876
test_03497,0.99999899
test_03498,0.99882602
test_03499,0.99976572
test_03500,0.99908633
test_03501,0.00010436
test_03502,0.02923344
test_03503,0.00105315
test_03504,0.00175286
test_03505,0.00000009
test_03506,0.00112908
test_03507,0.00286964
test_03508,0.00441697
test_03509,0.04200853
test_03510,0.99966528
test_03511,0.00032169
test_03512,0.94979420
test_03513,0.00000644
test_03514,0.99999966
test_03515,0.93504809
test_03516,0.00000019
test_03517,0.99999982
test_03518,0.00061515
test_03519,0.99793986
test_03520,0.99999915
test_03521,0.99954145
test_03522,0.98010361
test_03523,0.99999999
test_03524,0.00001906
test_03525,0.99999998
test_03526,0.99935997
test_03527,0.97622036
test_03528,0.00412411
test_03529,0.00001116
test_03530,0.00000509
test_03531,0.00024059
test_03532,0.99978325
test_03533,0.00000044
test_03534,0.99689821
test_03535,0.00000001
test_03536,0.99942740
test_03537,0.00261149
test_03538,0.00000045
test_03539,0.08318284
test_03540,0.87019207
test_03541,0.01773871
test_03542,0.14497134
test_03543,0.90813289
test_03544,0.00000043
test_03545,0.00000040
test_03546,0.99292751
test_03547,0.99997909
test_03548,0.99913481
test_03549,0.00211192
test_03550,0.99962167
test_03551,0.99999993
test_03552,0.99997421
test_03553,0.99423252
test_03554,0.18664260
test_03555,0.00000347
test_03556,0.00401373
test_03557,0.99978067
test_03558,0.99247554
test_03559,0.00000118
test_03560,0.98242303
test_03561,0.99999998
test_03562,0.99981463
test_03563,0.97976535
test_03564,0.99886851
test_03565,0.99999994
test_03566,0.00211886
test_03567,0.78801615
test_03568,0.00000049
test_03569,0.00000949
test_03570,0.99999985
test_03571,0.00019701
test_03572,0.99995456
test_03573,0.99936944
test_03574,0.87921385
test_03575,0.99979482
test_03576,0.99945295
test_03577,0.03968867
test_03578,0.00000004
test_03579,0.00000860
test_03580,0.99207640
test_03581,0.00000001
test_03582,0.97527824
test_03583,0.99999978
test_03584,0.00000081
test_03585,0.99713726
test_03586,0.00577395
test_03587,0.07654513
test_03588,0.00000033
test_03589,0.08068945
test_03590,0.00001124
test_03591,0.00092291
test_03592,0.99999759
test_03593,0.99407849
test_03594,0.00004952
test_03595,0.99378730
test_03596,0.99211790
test_03597,0.00000051
test_03598,0.17863475
test_03599,0.99959580
test_03600,0.01155885
test_03601,0.99999996
test_03602,0.00000007
test_03603,0.99999640
test_03604,0.99999669
test_03605,0.99998130
test_03606,0.03971620
test_03607,0.00005180
test_03608,0.99999996
test_03609,0.00000186
test_03610,0.00409644
test_03611,0.99233948
test_03612,0.99999688
test_03613,0.99363133
test_03614,0.00000010
test_03615,0.99714108
test_03616,0.00074839
test_03617,0.00000977
test_03618,0.99999997
test_03619,0.00000056
test_03620,0.00483749
test_03621,0.00501428
test_03622,0.00000095
test_03623,0.00069718
test_03624,0.00702152
test_03625,0.99999996
test_03626,0.42929906
test_03627,0.01000108
test_03628,0.00000046
test_03629,0.96189584
test_03630,0.00001807
test_03631,0.00000065
test_03632,0.99852197
test_03633,0.00026665
test_03634,0.01190868
test_03635,0.99975329
test_03636,0.01047516
test_03637,0.00042549
test_03638,0.99860606
test_03639,0.00005886
test_03640,0.00207569
test_03641,0.99907373
test_03642,0.85336719
test_03643,0.99995976
test_03644,0.00009718
test_03645,0.99981751
test_03646,0.99915488
test_03647,0.65766470
test_03648,0.97479752
test_03649,0.99999974
test_03650,0.99973163
test_03651,0.01728928
test_03652,0.00001891
test_03653,0.99933848
test_03654,0.99552000
test_03655,0.99999987
test_03656,0.90733901
test_03657,0.00181074
test_03658,0.93937034
test_03659,0.99999255
test_03660,0.99941726
test_03661,0.00000175
test_03662,0.99926375
test_03663,0.99906206
test_03664,0.99999997
test_03665,0.99999980
test_03666,0.00008587
test_03667,0.05078616
test_03668,0.99999976
test_03669,0.99938923
test_03670,0.00813590
test_03671,0.00000001
test_03672,0.99957027
test_03673,0.99691341
test_03674,0.00236633
test_03675,0.99999966
test_03676,0.99999005
test_03677,0.95028552
test_03678,0.87438269
test_03679,0.00000189
test_03680,0.98003829
test_03681,0.00153920
test_03682,0.99101020
test_03683,0.99999997
test_03684,0.99999860
test_03685,0.99999996
test_03686,0.99999915
test_03687,0.12723677
test_03688,0.99979941
test_03689,0.00000003
test_03690,0.93387562
test_03691,0.99998791
test_03692,0.00301072
test_03693,0.99744792
test_03694,0.99999812
test_03695,0.00000061
test_03696,0.00000024
test_03697,0.96675850
test_03698,0.99999934
test_03699,0.99995706
test_03700,0.99999979
test_03701,0.00109624
test_03702,0.99972858
test_03703,0.99999984
test_03704,0.00593338
test_03705,0.00076768
test_03706,0.00000092
test_03707,0.99999971
test_03708,0.00248270
test_03709,0.99999998
test_03710,0.15820039
test_03711,0.02212892
test_03712,0.99999708
test_03713,0.00025709
test_03714,0.00228396
test_03715,0.99999989
test_03716,0.99999932
test_03717,0.00208188
test_03718,0.00000022
test_03719,0.99999955
test_03720,0.00002416
test_03721,0.00000007
test_03722,0.00109053
test_03723,0.00016228
test_03724,0.99858607
test_03725,0.00000002
test_03726,0.99999923
test_03727,0.00000876
test_03728,0.03302594
test_03729,0.00108985
test_03730,0.98733238
test_03731,0.16638307
test_03732,0.98343548
test_03733,0.99874138
test_03734,0.99994206
test_03735,0.00002600
test_03736,0.00000088
test_03737,0.99999920
test_03738,0.24131115
test_03739,0.99943266
test_03740,0.00000351
test_03741,0.00527294
test_03742,0.90146532
test_03743,0.99783350
test_03744,0.99818551
test_03745,0.99921686
test_03746,0.00225399
test_03747,0.28472010
test_03748,0.00005831
test_03749,0.97375149
test_03750,0.99999968
test_03751,0.89363380
test_03752,0.94356223
test_03753,0.30891050
test_03754,0.99999968
test_03755,0.99999975
test_03756,0.99907455
test_03757,0.00000043
test_03758,0.99999975
test_03759,0.00000113
test_03760,0.00371497
test_03761,0.02913228
test_03762,0.99998918
test_03763,0.11074672
test_03764,0.98922451
test_03765,0.00007878
test_03766,0.99999996
test_03767,0.83952449
test_03768,0.00073167
test_03769,0.02766282
test_03770,0.97709397
test_03771,0.63534468
test_03772,0.99921627
test_03773,0.00000007
test_03774,0.20061025
test_03775,0.99999905
test_03776,0.00000005
test_03777,0.00008835
test_03778,0.99998854
test_03779,0.00000005
test_03780,0.00034227
test_03781,0.00000512
test_03782,0.00000153
test_03783,0.00025173
test_03784,0.00000009
test_03785,0.99999992
test_03786,0.06937486
test_03787,0.00000013
test_03788,0.00000078
test_03789,0.03565141
test_03790,0.78677211
test_03791,0.99950651
test_03792,0.99999975
test_03793,0.00000059
test_03794,0.98496876
test_03795,0.99928073
test_03796,0.98186553
test_03797,0.02465964
test_03798,0.99999967
test_03799,0.00529364
test_03800,0.99999951
test_03801,0.00000000
test_03802,0.02905320
test_03803,0.00041236
test_03804,0.00366846
test_03805,0.55784080
test_03806,0.00000874
test_03807,0.65893432
test_03808,0.99882866
test_03809,0.01448186
test_03810,0.00000010
test_03811,0.00040524
test_03812,0.00818332
test_03813,0.99998164
test_03814,0.00001860
test_03815,0.99913440
test_03816,0.00162491
test_03817,0.92193680
test_03818,0.00003734
test_03819,0.25246320
test_03820,0.99958022
test_03821,0.98301026
test_03822,0.99477454
test_03823,0.01935092
test_03824,0.99454341
test_03825,0.98082619
test_03826,0.99999995
test_03827,0.03711240
test_03828,0.99922248
test_03829,0.01643423
test_03830,0.96865528
test_03831,0.01121923
test_03832,0.00023355
test_03833,0.00000450
test_03834,0.99976569
test_03835,0.97741420
test_03836,0.00001308
test_03837,0.00284048
test_03838,0.00083808
test_03839,0.00000521
test_03840,0.99986151
test_03841,0.99999971
test_03842,0.00004063
test_03843,0.98021289
test_03844,0.00027555
test_03845,0.99999987
test_03846,0.99999987
test_03847,0.00037742
test_03848,0.99976575
test_03849,0.99995486
test_03850,0.05873400
test_03851,0.00589522
test_03852,0.00016972
test_03853,0.99999962
test_03854,0.99999996
test_03855,0.00066384
test_03856,0.10650516
test_03857,0.00000004
test_03858,0.01831257
test_03859,0.00000002
test_03860,0.00129309
test_03861,0.00001608
test_03862,0.99968257
test_03863,0.99662242
test_03864,0.99999905
test_03865,0.00304422
test_03866,0.99999679
test_03867,0.00193757
test_03868,0.00092999
test_03869,0.99051089
test_03870,0.96968690
test_03871,0.00023222
test_03872,0.02529090
test_03873,0.00619434
test_03874,0.00062277
test_03875,0.01393533
test_03876,0.99883182
test_03877,0.07249538
test_03878,0.99668966
test_03879,0.99999998
test_03880,0.99867241
test_03881,0.00000072
test_03882,0.99999994
test_03883,0.03812627
test_03884,0.99993671
test_03885,0.00009825
test_03886,0.00776786
test_03887,0.00642888
test_03888,0.99999994
test_03889,0.00000178
test_03890,0.96046903
test_03891,0.00001112
test_03892,0.00772883
test_03893,0.03008073
test_03894,0.08969680
test_03895,0.01189129
test_03896,0.99396251
test_03897,0.99963685
test_03898,0.00000271
test_03899,0.99790403
test_03900,0.10303581
test_03901,0.00135821
test_03902,0.00000052
test_03903,0.97777874
test_03904,0.00013687
test_03905,0.99998154
test_03906,0.00000413
test_03907,0.99954288
test_03908,0.97911773
test_03909,0.99999971
test_03910,0.00066782
test_03911,0.97588990
test_03912,0.99999987
test_03913,0.00475167
test_03914,0.10084918
test_03915,0.00288621
test_03916,0.99999978
test_03917,0.99393221
test_03918,0.99546423
test_03919,0.99968461
test_03920,0.64076689
test_03921,0.00000830
test_03922,0.00000458
test_03923,0.99850011
test_03924,0.00571221
test_03925,0.00000004
test_03926,0.99848098
test_03927,0.01347837
test_03928,0.00000067
test_03929,0.99999958
test_03930,0.97489056
test_03931,0.99999563
test_03932,0.00140482
test_03933,0.00000456
test_03934,0.99971112
test_03935,0.00000114
test_03936,0.13540931
test_03937,0.00391244
test_03938,0.89083770
test_03939,0.00020457
test_03940,0.00027486
test_03941,0.59668228
test_03942,0.00826342
test_03943,0.01013583
test_03944,0.99999802
test_03945,0.99974482
test_03946,0.69363569
test_03947,0.96972220
test_03948,0.99899131
test_03949,0.92060473
test_03950,0.99955179
test_03951,0.00000017
test_03952,0.74785280
test_03953,0.99999979
test_03954,0.99999706
test_03955,0.00016640
test_03956,0.00000047
test_03957,0.92804016
test_03958,0.99999987
test_03959,0.26632998
test_03960,0.03222634
test_03961,0.99999988
test_03962,0.99998319
test_03963,0.00000710
test_03964,0.99576990
test_03965,0.00000001
test_03966,0.00480840
test_03967,0.00001474
test_03968,0.99638621
test_03969,0.99944149
test_03970,0.99841203
test_03971,0.00750452
test_03972,0.00299687
test_03973,0.99751190
test_03974,0.01920031
test_03975,0.99999991
test_03976,0.99998736
test_03977,0.99999961
test_03978,0.07998584
test_03979,0.99999978
test_03980,0.99999552
test_03981,0.99999973
test_03982,0.95388919
test_03983,0.99999927
test_03984,0.99622895
test_03985,0.00164803
test_03986,0.00000072
test_03987,0.59204916
test_03988,0.99999966
test_03989,0.00000054
test_03990,0.00000034
test_03991,0.00000003
test_03992,0.97146211
test_03993,0.00190329
test_03994,0.00067369
test_03995,0.01060092
test_03996,0.99999995
test_03997,0.96821400
test_03998,0.99969455
test_03999,0.99999503
test_04000,0.99910581
test_04001,0.11995202
test_04002,0.99994246
test_04003,0.93877261
test_04004,0.98960090
test_04005,0.00027271
test_04006,0.07322290
test_04007,0.00000005
test_04008,0.74949381
test_04009,0.00000010
test_04010,0.00308355
test_04011,0.00089126
test_04012,0.00009999
test_04013,0.00000552
test_04014,0.99777486
test_04015,0.99429777
test_04016,0.97026121
test_04017,0.08189694
test_04018,0.99430364
test_04019,0.99392128
test_04020,0.99994786
test_04021,0.01317363
test_04022,0.00945636
test_04023,0.45955158
test_04024,0.00020381
test_04025,0.00008675
test_04026,0.99991614
test_04027,0.00077847
test_04028,0.01208075
test_04029,0.44602306
test_04030,0.99999917
test_04031,0.00000003
test_04032,0.00454555
test_04033,0.99998195
test_04034,0.99999870
test_04035,0.99409156
test_04036,0.99999879
test_04037,0.99999978
test_04038,0.00239285
test_04039,0.00001533
test_04040,0.99997530
test_04041,0.99994457
test_04042,0.98855196
test_04043,0.00735132
test_04044,0.00000054
test_04045,0.00314097
test_04046,0.00000559
test_04047,0.98802258
test_04048,0.99973874
test_04049,0.96925953
test_04050,0.00000132
test_04051,0.99999991
test_04052,0.96840864
test_04053,0.91254302
test_04054,0.00115824
test_04055,0.99928295
test_04056,0.99999996
test_04057,0.99999874
test_04058,0.99999513
test_04059,0.82444892
test_04060,0.99999997
test_04061,0.99803159
test_04062,0.00013820
test_04063,0.00001678
test_04064,0.99999994
test_04065,0.99971753
test_04066,0.99709440
test_04067,0.00004298
test_04068,0.00051295
test_04069,0.00002440
test_04070,0.00044020
test_04071,0.97845737
test_04072,0.01164384
test_04073,0.00021353
test_04074,0.00956296
test_04075,0.97958301
test_04076,0.99963062
test_04077,0.99513369
test_04078,0.99999962
test_04079,0.00000268
test_04080,0.01902591
test_04081,0.99941062
test_04082,0.00000010
test_04083,0.43888978
test_04084,0.99344116
test_04085,0.00003892
test_04086,0.53666518
test_04087,0.99860880
test_04088,0.99999975
test_04089,0.00138727
test_04090,0.99999967
test_04091,0.99877703
test_04092,0.99999909
test_04093,0.99840804
test_04094,0.02428336
test_04095,0.23074272
test_04096,0.00694272
test_04097,0.97585977
test_04098,0.00016982
test_04099,0.99994266
test_04100,0.99991537
test_04101,0.00096967
test_04102,0.00240601
test_04103,0.00036359
test_04104,0.99873823
test_04105,0.00228947
test_04106,0.00006987
test_04107,0.05669868
test_04108,0.99777487
test_04109,0.78983057
test_04110,0.84241192
test_04111,0.98658553
test_04112,0.00056787
test_04113,0.99909613
test_04114,0.99763840
test_04115,0.79166568
test_04116,0.99988299
test_04117,0.99999998
test_04118,0.01939635
test_04119,0.00216720
test_04120,0.98834262
test_04121,0.69609802
test_04122,0.00087215
test_04123,0.99954723
test_04124,0.97946065
test_04125,0.00051805
test_04126,0.00029455
test_04127,0.00017331
test_04128,0.99999826
test_04129,0.99999762
test_04130,0.00010600
test_04131,0.00000012
test_04132,0.44658496
test_04133,0.00000112
test_04134,0.99999958
test_04135,0.99999985
test_04136,0.93858215
test_04137,0.00001160
test_04138,0.01779317
test_04139,0.98507912
test_04140,0.99999991
test_04141,0.00967162
test_04142,0.98499339
test_04143,0.97454450
test_04144,0.99948268
test_04145,0.99428121
test_04146,0.00002475
test_04147,0.00051082
test_04148,0.99694487
test_04149,0.99999042
test_04150,0.00044565
test_04151,0.88705360
test_04152,0.02950831
test_04153,0.99289866
test_04154,0.00021085
test_04155,0.00477157
test_04156,0.90719133
test_04157,0.99989199
test_04158,0.98238623
test_04159,0.00000085
test_04160,0.99999891
test_04161,0.00000270
test_04162,0.99999969
test_04163,0.00135937
test_04164,0.99735325
test_04165,0.99999992
test_04166,0.00028800
test_04167,0.00000007
test_04168,0.00000950
test_04169,0.99999974
test_04170,0.99999963
test_04171,0.99809535
test_04172,0.00186696
test_04173,0.99994390
test_04174,0.00000004
test_04175,0.99645490
test_04176,0.82189286
test_04177,0.00009416
test_04178,0.99941103
test_04179,0.00867191
test_04180,0.00120660
test_04181,0.99671054
test_04182,0.99999950
test_04183,0.24767681
test_04184,0.99345305
test_04185,0.95448525
test_04186,0.94171157
test_04187,0.99999926
test_04188,0.00138411
test_04189,0.00038239
test_04190,0.99999734
test_04191,0.99819173
test_04192,0.00113149
test_04193,0.01602447
test_04194,0.05775515
test_04195,0.00000149
test_04196,0.99868428
test_04197,0.00000030
test_04198,0.99986163
test_04199,0.00002489
test_04200,0.00000570
test_04201,0.99973179
test_04202,0.99228192
test_04203,0.96290103
test_04204,0.00324869
test_04205,0.00068581
test_04206,0.00018839
test_04207,0.99318404
test_04208,0.00067087
test_04209,0.00844927
test_04210,0.99749255
test_04211,0.99968306
test_04212,0.99602322
test_04213,0.00098926
test_04214,0.99999997
test_04215,0.02254713
test_04216,0.00007363
test_04217,0.99998561
test_04218,0.00034076
test_04219,0.99956880
test_04220,0.00000074
test_04221,0.99783088
test_04222,0.99992494
test_04223,0.99999997
test_04224,0.99988857
test_04225,0.12891486
test_04226,0.99999974
test_04227,0.99999990
test_04228,0.99985007
test_04229,0.98818905
test_04230,0.00102866
test_04231,0.85992860
test_04232,0.99980171
test_04233,0.99999885
test_04234,0.99995555
test_04235,0.99997596
test_04236,0.00000459
test_04237,0.52483425
test_04238,0.00000058
test_04239,0.99961866
test_04240,0.94779146
test_04241,0.99999961
test_04242,0.99887860
test_04243,0.00046418
test_04244,0.99985621
test_04245,0.99971997
test_04246,0.99999994
test_04247,0.99834159
test_04248,0.99931088
test_04249,0.99999992
test_04250,0.99863389
test_04251,0.99964515
test_04252,0.00033838
test_04253,0.00000087
test_04254,0.00000146
test_04255,0.88512467
test_04256,0.99999969
test_04257,0.00002623
test_04258,0.03178713
test_04259,0.99760815
test_04260,0.96252843
test_04261,0.99954862
test_04262,0.41773863
test_04263,0.01035556
test_04264,0.99999978
test_04265,0.99985092
test_04266,0.04390257
test_04267,0.00000065
test_04268,0.99999990
test_04269,0.99416567
test_04270,0.00088717
test_04271,0.03340256
test_04272,0.00011453
test_04273,0.63917461
test_04274,0.00074572
test_04275,0.00223164
test_04276,0.99997504
test_04277,0.02846315
test_04278,0.99002042
test_04279,0.00011629
test_04280,0.00563097
test_04281,0.99999971
test_04282,0.49150163
test_04283,0.00019653
test_04284,0.00000161
test_04285,0.98888836
test_04286,0.00000003
test_04287,0.99999988
test_04288,0.00000031
test_04289,0.99999996
test_04290,0.15593811
test_04291,0.00003018
test_04292,0.02129785
test_04293,0.99337763
test_04294,0.77463443
test_04295,0.00000007
test_04296,0.85260449
test_04297,0.96965992
test_04298,0.99843032
test_04299,0.00005677
test_04300,0.00000127
test_04301,0.99674277
test_04302,0.00539703
test_04303,0.99802595
test_04304,0.99999492
test_04305,0.92129716
test_04306,0.00000026
test_04307,0.99602134
test_04308,0.00000118
test_04309,0.70454106
test_04310,0.99999996
test_04311,0.99965997
test_04312,0.99964924
test_04313,0.00016141
test_04314,0.99794904
test_04315,0.99977890
test_04316,0.00000020
test_04317,0.00000004
test_04318,0.02577320
test_04319,0.00000026
test_04320,0.00310397
test_04321,0.99999970
test_04322,0.90516405
test_04323,0.00000038
test_04324,0.97600571
test_04325,0.99988016
test_04326,0.97280826
test_04327,0.02578093
test_04328,0.00001949
test_04329,0.99999367
test_04330,0.99984155
test_04331,0.99999980
test_04332,0.02010808
test_04333,0.00000008
test_04334,0.99999539
test_04335,0.00391159
test_04336,0.00004217
test_04337,0.99849573
test_04338,0.99989006
test_04339,0.99890024
test_04340,0.07409300
test_04341,0.99894117
test_04342,0.00354857
test_04343,0.99664637
test_04344,0.19426214
test_04345,0.99421931
test_04346,0.01875726
test_04347,0.00199151
test_04348,0.99881395
test_04349,0.99786131
test_04350,0.99997530
test_04351,0.02962057
test_04352,0.01384786
test_04353,0.92106123
test_04354,0.00017402
test_04355,0.99320731
test_04356,0.00028817
test_04357,0.71420920
test_04358,0.00005962
test_04359,0.03644503
test_04360,0.44344677
test_04361,0.07578816
test_04362,0.03724079
test_04363,0.90875975
test_04364,0.98743703
test_04365,0.02373198
test_04366,0.00171175
test_04367,0.00107603
test_04368,0.04651038
test_04369,0.47678735
test_04370,0.00013572
test_04371,0.99989200
test_04372,0.79509387
test_04373,0.00806395
test_04374,0.13137205
test_04375,0.99995903
test_04376,0.01973423
test_04377,0.00393422
test_04378,0.99999827
test_04379,0.00097424
test_04380,0.00127119
test_04381,0.99999979
test_04382,0.00121602
test_04383,0.03512139
test_04384,0.99933806
test_04385,0.98737016
test_04386,0.00027687
test_04387,0.00000002
test_04388,0.00114027
test_04389,0.01221314
test_04390,0.99803823
test_04391,0.99242019
test_04392,0.99973366
test_04393,0.99999218
test_04394,0.99996966
test_04395,0.00000227
test_04396,0.00127267
test_04397,0.97892966
test_04398,0.00000539
test_04399,0.00000221
test_04400,0.00022281
test_04401,0.00008324
test_04402,0.99998786
test_04403,0.90368528
test_04404,0.00038514
test_04405,0.99999941
test_04406,0.99999976
test_04407,0.00000342
test_04408,0.99993849
test_04409,0.99999470
test_04410,0.99999900
test_04411,0.99675437
test_04412,0.99988234
test_04413,0.99999188
test_04414,0.99994374
test_04415,0.00000020
test_04416,0.23588945
test_04417,0.00000755
test_04418,0.00119920
test_04419,0.00000402
test_04420,0.00000031
test_04421,0.99839674
test_04422,0.00081965
test_04423,0.00047050
test_04424,0.09026734
test_04425,0.99999995
test_04426,0.03536741
test_04427,0.99955583
test_04428,0.00006746
test_04429,0.99999998
test_04430,0.96344699
test_04431,0.99993143
test_04432,0.00000014
test_04433,0.00357090
test_04434,0.99999859
test_04435,0.01009054
test_04436,0.00027629
test_04437,0.99968741
test_04438,0.63566151
test_04439,0.00000003
test_04440,0.99999952
test_04441,0.99996750
test_04442,0.99998624
test_04443,0.00000039
test_04444,0.99984008
test_04445,0.99997982
test_04446,0.00000110
test_04447,0.99999911
test_04448,0.00000256
test_04449,0.90573143
test_04450,0.99995493
test_04451,0.00000006
test_04452,0.00155907
test_04453,0.99865026
test_04454,0.07041748
test_04455,0.96987120
test_04456,0.00000072
test_04457,0.03747731
test_04458,0.99942335
test_04459,0.00460100
test_04460,0.00002340
test_04461,0.99999987
test_04462,0.04159752
test_04463,0.98534119
test_04464,0.99999952
test_04465,0.03312723
test_04466,0.00000004
test_04467,0.99999976
test_04468,0.00007083
test_04469,0.00026837
test_04470,0.14225730
test_04471,0.90900095
test_04472,0.99997799
test_04473,0.00000128
test_04474,0.00000182
test_04475,0.00000021
test_04476,0.00012513
test_04477,0.09327454
test_04478,0.99990286
test_04479,0.65044489
test_04480,0.97429738
test_04481,0.98882714
test_04482,0.00724120
test_04483,0.99999746
test_04484,0.99201867
test_04485,0.97678810
test_04486,0.96803569
test_04487,0.00001464
test_04488,0.99999402
test_04489,0.00000076
test_04490,0.90224876
test_04491,0.44511697
test_04492,0.00000027
test_04493,0.08878306
test_04494,0.04608161
test_04495,0.99334645
test_04496,0.00000391
test_04497,0.00024383
test_04498,0.01571750
test_04499,0.00175844
test_04500,0.99968069
test_04501,0.00020025
test_04502,0.99971005
test_04503,0.00231624
test_04504,0.00000021
test_04505,0.01562899
test_04506,0.99999952
test_04507,0.00000192
test_04508,0.00000539
test_04509,0.00000525
test_04510,0.00000115
test_04511,0.00000044
test_04512,0.99991146
test_04513,0.00499126
test_04514,0.99988198
test_04515,0.00657219
test_04516,0.99274273
test_04517,0.99999962
test_04518,0.00000006
test_04519,0.00430211
test_04520,0.00351936
test_04521,0.99839835
test_04522,0.99999982
test_04523,0.00000103
test_04524,0.99646350
test_04525,0.00044023
test_04526,0.99999980
test_04527,0.34433311
test_04528,0.99941624
test_04529,0.00000019
test_04530,0.00016378
test_04531,0.08725695
test_04532,0.99999633
test_04533,0.00000660
test_04534,0.00687607
test_04535,0.97900774
test_04536,0.00092447
test_04537,0.00117214
test_04538,0.67347748
test_04539,0.99895770
test_04540,0.99711492
test_04541,0.99999996
test_04542,0.27238723
test_04543,0.00000006
test_04544,0.43403915
test_04545,0.99999956
test_04546,0.99790497
test_04547,0.98979815
test_04548,0.99990544
test_04549,0.00000004
test_04550,0.99485718
test_04551,0.99977793
test_04552,0.05266556
test_04553,0.00343443
test_04554,0.13465502
test_04555,0.01963100
test_04556,0.93423858
test_04557,0.00068332
test_04558,0.00028871
test_04559,0.00001631
test_04560,0.00000156
test_04561,0.00000465
test_04562,0.00285709
test_04563,0.99723697
test_04564,0.00000967
test_04565,0.99999872
test_04566,0.00000013
test_04567,0.99111403
test_04568,0.20096217
test_04569,0.99962185
test_04570,0.00004029
test_04571,0.00000022
test_04572,0.99999894
test_04573,0.99997021
test_04574,0.00000341
test_04575,0.99999887
test_04576,0.99999825
test_04577,0.99921040
test_04578,0.99999991
test_04579,0.00122559
test_04580,0.00069141
test_04581,0.00358395
test_04582,0.00000023
test_04583,0.99948012
test_04584,0.95657621
test_04585,0.85791802
test_04586,0.00000023
test_04587,0.97565943
test_04588,0.99443269
test_04589,0.99724230
test_04590,0.99999859
test_04591,0.99991294
test_04592,0.00140953
test_04593,0.99227612
test_04594,0.00639726
test_04595,0.99999765
test_04596,0.00040655
test_04597,0.00192212
test_04598,0.00023847
test_04599,0.98650303
test_04600,0.00006843
test_04601,0.00815588
test_04602,0.17831446
test_04603,0.99999936
test_04604,0.00009492
test_04605,0.99999964
test_04606,0.95062769
test_04607,0.00010765
test_04608,0.00100913
test_04609,0.93590027
test_04610,0.00000563
test_04611,0.99991154
test_04612,0.99999994
test_04613,0.99681311
test_04614,0.99999997
test_04615,0.99999772
test_04616,0.99944183
test_04617,0.00000200
test_04618,0.99999648
test_04619,0.85414977
test_04620,0.00176089
test_04621,0.99999917
test_04622,0.99998247
test_04623,0.99999805
test_04624,0.99365848
test_04625,0.99999937
test_04626,0.00000017
test_04627,0.00000188
test_04628,0.99263734
test_04629,0.99886119
test_04630,0.99995011
test_04631,0.99999980
test_04632,0.00000020
test_04633,0.02427527
test_04634,0.99999688
test_04635,0.99982834
test_04636,0.98965432
test_04637,0.99866370
test_04638,0.96677669
test_04639,0.99526536
test_04640,0.99044639
test_04641,0.99999811
test_04642,0.49282323
test_04643,0.97359776
test_04644,0.30279383
test_04645,0.99999369
test_04646,0.10467622
test_04647,0.99894299
test_04648,0.94311344
test_04649,0.99482585
test_04650,0.00049014
test_04651,0.99920455
test_04652,0.00057907
test_04653,0.99973949
test_04654,0.01805842
test_04655,0.43411149
test_04656,0.00009335
test_04657,0.99957321
test_04658,0.99813878
test_04659,0.96681711
test_04660,0.18295127
test_04661,0.02683259
test_04662,0.00235099
test_04663,0.03150504
test_04664,0.00107275
test_04665,0.99999968
test_04666,0.00000014
test_04667,0.99999763
test_04668,0.00025205
test_04669,0.99942479
test_04670,0.99757566
test_04671,0.01643654
test_04672,0.00271374
test_04673,0.01009561
test_04674,0.00036382
test_04675,0.01307955
test_04676,0.01319667
test_04677,0.99999994
test_04678,0.99614685
test_04679,0.00009994
test_04680,0.99772871
test_04681,0.99883449
test_04682,0.00000059
test_04683,0.00443050
test_04684,0.02820796
test_04685,0.94080556
test_04686,0.99997090
test_04687,0.99988206
test_04688,0.41975607
test_04689,0.99356296
test_04690,0.99977709
test_04691,0.00000245
test_04692,0.00000041
test_04693,0.99999888
test_04694,0.99482478
test_04695,0.00236950
test_04696,0.99994019
test_04697,0.00000611
test_04698,0.00150829
test_04699,0.11480440
test_04700,0.99999996
test_04701,0.09198255
test_04702,0.01174081
test_04703,0.99974567
test_04704,0.02211062
test_04705,0.46063785
test_04706,0.00000013
test_04707,0.81526491
test_04708,0.00107764
test_04709,0.00403906
test_04710,0.99144859
test_04711,0.99281369
test_04712,0.99973464
test_04713,0.99749881
test_04714,0.00304370
test_04715,0.99804680
test_04716,0.00000039
test_04717,0.00187824
test_04718,0.00021654
test_04719,0.00024002
test_04720,0.99986476
test_04721,0.99998899
test_04722,0.99958553
test_04723,0.99935888
test_04724,0.99976655
test_04725,0.99889582
test_04726,0.66239037
test_04727,0.99679778
test_04728,0.99999755
test_04729,0.00000084
test_04730,0.00000005
test_04731,0.00035162
test_04732,0.99153791
test_04733,0.00505958
test_04734,0.99999991
test_04735,0.99999906
test_04736,0.00085280
test_04737,0.00001448
test_04738,0.00112275
test_04739,0.00000282
test_04740,0.99975568
test_04741,0.99532544
test_04742,0.99999737
test_04743,0.91396655
test_04744,0.99983382
test_04745,0.99280655
test_04746,0.00000022
test_04747,0.00285253
test_04748,0.16147579
test_04749,0.99880555
test_04750,0.89131390
test_04751,0.99704513
test_04752,0.00026627
test_04753,0.99897173
test_04754,0.01102671
test_04755,0.00355334
test_04756,0.00007038
test_04757,0.00000307
test_04758,0.00000008
test_04759,0.99998261
test_04760,0.99999759
test_04761,0.84960822
test_04762,0.00196008
test_04763,0.09677776
test_04764,0.99998977
test_04765,0.99911412
test_04766,0.00000035
test_04767,0.99999991
test_04768,0.00000078
test_04769,0.99950157
test_04770,0.99899765
test_04771,0.00000008
test_04772,0.85994871
test_04773,0.99999922
test_04774,0.00000109
test_04775,0.99998028
test_04776,0.99999929
test_04777,0.01964107
test_04778,0.04796685
test_04779,0.05272577
test_04780,0.99998645
test_04781,0.01330073
test_04782,0.00017163
test_04783,0.99295411
test_04784,0.00001132
test_04785,0.99774926
test_04786,0.00000099
test_04787,0.99893249
test_04788,0.00219989
test_04789,0.00000050
test_04790,0.99970060
test_04791,0.00023357
test_04792,0.99698683
test_04793,1.00000000
test_04794,0.00025583
test_04795,0.00025576
test_04796,0.12165829
test_04797,0.99999821
test_04798,0.99999889
test_04799,0.00000878
test_04800,0.99999995
test_04801,0.87806642
test_04802,0.10357571
test_04803,0.99999970
test_04804,0.98389005
test_04805,0.00015137
test_04806,0.99916526
test_04807,0.02419671
test_04808,0.97360393
test_04809,0.99999982
test_04810,0.16753078
test_04811,0.00000010
test_04812,0.99999977
test_04813,0.99964745
test_04814,0.00004011
test_04815,0.99999694
test_04816,0.00055851
test_04817,0.00000019
test_04818,0.00824292
test_04819,0.00591574
test_04820,0.00000124
test_04821,0.99999915
test_04822,0.99997753
test_04823,0.99999983
test_04824,0.00000145
test_04825,0.01224047
test_04826,0.99923446
test_04827,0.00000021
test_04828,0.98136930
test_04829,0.99999992
test_04830,0.00537085
test_04831,0.01546592
test_04832,0.98529234
test_04833,0.02677979
test_04834,0.00052570
test_04835,0.99999997
test_04836,0.00108842
test_04837,0.86494143
test_04838,0.00102294
test_04839,0.00000021
test_04840,0.00021412
test_04841,0.00590728
test_04842,0.98610130
test_04843,0.00093565
test_04844,0.00005750
test_04845,0.99999999
test_04846,0.00275414
test_04847,0.96665128
test_04848,0.74660630
test_04849,0.99723224
test_04850,0.99999899
test_04851,0.99831169
test_04852,0.99999672
test_04853,0.00863090
test_04854,0.01092788
test_04855,0.99999999
test_04856,0.00276377
test_04857,0.00051032
test_04858,0.99262952
test_04859,0.01803156
test_04860,0.02796065
test_04861,0.99988745
test_04862,0.00084940
test_04863,0.07158806
test_04864,0.97747482
test_04865,0.00135132
test_04866,0.00009320
test_04867,0.00000148
test_04868,0.00763903
test_04869,0.09887917
test_04870,0.99980629
test_04871,0.99999988
test_04872,0.99097383
test_04873,0.99523238
test_04874,0.00787445
test_04875,0.99921736
test_04876,0.00000082
test_04877,0.00701488
test_04878,0.00901783
test_04879,0.95934406
test_04880,0.00016210
test_04881,0.00018867
test_04882,0.97834797
test_04883,0.99999951
test_04884,0.00000268
test_04885,0.00137814
test_04886,0.99999534
test_04887,0.00800013
test_04888,0.01481264
test_04889,0.97982938
test_04890,0.00001804
test_04891,0.99953728
test_04892,0.14253261
test_04893,0.85950549
test_04894,0.00000098
test_04895,0.00000033
test_04896,0.00339417
test_04897,0.00101676
test_04898,0.00029158
test_04899,0.00257976
test_04900,0.99999940
test_04901,0.99204263
test_04902,0.00000047
test_04903,0.99999338
test_04904,0.99999867
test_04905,0.00988839
test_04906,0.99999949
test_04907,0.99868006
test_04908,0.07380174
test_04909,0.99847906
test_04910,0.99724802
test_04911,0.99997868
test_04912,0.99999879
test_04913,0.99999905
test_04914,0.00000062
test_04915,0.98808457
test_04916,0.00000038
test_04917,0.99899624
test_04918,0.99960425
test_04919,0.08543225
test_04920,0.52650020
test_04921,0.99999997
test_04922,0.00000000
test_04923,0.01703832
test_04924,0.00000727
test_04925,0.99999970
test_04926,0.99997223
test_04927,0.00000018
test_04928,0.00017182
test_04929,0.99997153
test_04930,0.00764252
test_04931,0.99851562
test_04932,0.99984240
test_04933,0.99916874
test_04934,0.08214304
test_04935,0.00000085
test_04936,0.99999978
test_04937,0.00002705
test_04938,0.00370591
test_04939,0.99996365
test_04940,0.99999977
test_04941,0.99999920
test_04942,0.03076818
test_04943,0.99999488
test_04944,0.99829233
test_04945,0.00000935
test_04946,0.00000136
test_04947,0.99998800
test_04948,0.99999984
test_04949,0.98609221
test_04950,0.00029501
test_04951,0.00186884
test_04952,0.99999928
test_04953,0.00000137
test_04954,0.99930266
test_04955,0.99666727
test_04956,0.99888832
test_04957,0.98117526
test_04958,0.00000039
test_04959,0.00000061
test_04960,0.96651500
test_04961,0.08737425
test_04962,0.99972643
test_04963,0.00064400
test_04964,0.39226352
test_04965,0.99815181
test_04966,1.00000000
test_04967,0.60719306
test_04968,0.00003227
test_04969,0.95860299
test_04970,0.99999981
test_04971,0.99999992
test_04972,0.00000001
test_04973,0.99929851
test_04974,0.99999969
test_04975,0.00060308
test_04976,0.00331540
test_04977,0.00000013
test_04978,0.00067911
test_04979,0.00146047
test_04980,0.99540623
test_04981,0.99999989
test_04982,0.99971578
test_04983,0.00065507
test_04984,0.10562990
test_04985,0.99657642
test_04986,0.00296544
test_04987,0.99999991
test_04988,0.00000021
test_04989,0.00000053
test_04990,0.99999999
test_04991,0.00634107
test_04992,0.00044878
test_04993,0.99999988
test_04994,0.00019746
test_04995,0.98785040
test_04996,0.73026217
test_04997,0.00027283
test_04998,0.00579939
test_04999,0.00107929
test_05000,0.99893557
test_05001,0.99999981
test_05002,0.07720996
test_05003,0.95907428
test_05004,0.00000905
test_05005,0.99867435
test_05006,0.00000065
test_05007,0.95098516
test_05008,0.99999568
test_05009,0.99140359
test_05010,0.01086107
test_05011,0.11823469
test_05012,0.99999956
test_05013,0.99151111
test_05014,0.99949765
test_05015,0.99999973
test_05016,0.07355944
test_05017,0.99984065
test_05018,0.00544099
test_05019,0.00005482
test_05020,0.99999647
test_05021,0.03523918
test_05022,0.99997273
test_05023,0.99625287
test_05024,0.89959740
test_05025,0.00175037
test_05026,0.99999921
test_05027,0.99412475
test_05028,0.99930671
test_05029,0.99972265
test_05030,0.99979832
test_05031,0.02349920
test_05032,0.99971235
test_05033,0.99999991
test_05034,0.05775482
test_05035,0.09713674
test_05036,0.99357078
test_05037,0.99978121
test_05038,0.00016848
test_05039,0.99770652
test_05040,0.10044992
test_05041,0.99999249
test_05042,0.99672841
test_05043,0.97154847
test_05044,0.91265814
test_05045,0.96411912
test_05046,0.00012262
test_05047,0.99999978
test_05048,0.02216387
test_05049,0.99999993
test_05050,0.05064705
test_05051,0.00288006
test_05052,0.97938713
test_05053,0.99998683
test_05054,0.00268224
test_05055,0.00661684
test_05056,0.99995163
test_05057,0.99996208
test_05058,0.99999375
test_05059,0.00000143
test_05060,0.99999914
test_05061,0.99999968
test_05062,0.00000449
test_05063,0.99999878
test_05064,0.99907380
test_05065,0.00004088
test_05066,0.00002216
test_05067,0.99999947
test_05068,0.99875409
test_05069,0.98155734
test_05070,0.90155660
test_05071,0.02777214
test_05072,0.01352540
test_05073,0.00016857
test_05074,0.00000090
test_05075,0.99999988
test_05076,0.99997554
test_05077,0.00000012
test_05078,0.99941884
test_05079,0.00000112
test_05080,0.99999976
test_05081,0.00000216
test_05082,0.00000144
test_05083,0.97660513
test_05084,0.78516546
test_05085,0.99999990
test_05086,0.99999336
test_05087,0.41130539
test_05088,0.99157776
test_05089,0.04648273
test_05090,0.01644768
test_05091,0.99896789
test_05092,0.00039584
test_05093,0.00000020
test_05094,0.18398957
test_05095,0.98681581
test_05096,0.00337664
test_05097,0.99998600
test_05098,0.00053575
test_05099,0.99923660
test_05100,0.00646785
test_05101,0.00001094
test_05102,0.00007301
test_05103,0.99659191
test_05104,0.00000016
test_05105,0.97876743
test_05106,0.95353117
test_05107,0.01065845
test_05108,0.00050804
test_05109,0.00000049
test_05110,0.98344437
test_05111,0.94135159
test_05112,0.99616730
test_05113,0.01152149
test_05114,0.03865996
test_05115,0.00049399
test_05116,0.00336568
test_05117,0.99892088
test_05118,0.02049540
test_05119,0.99967168
test_05120,0.99909484
test_05121,0.00161826
test_05122,0.00296324
test_05123,0.02264425
test_05124,0.00073207
test_05125,0.98977583
test_05126,0.98352763
test_05127,0.99992760
test_05128,0.00006663
test_05129,0.94401835
test_05130,0.00051439
test_05131,0.00058608
test_05132,0.00000717
test_05133,0.01249386
test_05134,0.84103988
test_05135,0.00232839
test_05136,0.00866279
test_05137,0.99999490
test_05138,0.99796868
test_05139,0.98259061
test_05140,0.99999935
test_05141,0.71846668
test_05142,0.99208416
test_05143,0.81404482
test_05144,0.91106924
test_05145,0.99999993
test_05146,0.99999919
test_05147,0.99989813
test_05148,0.10531556
test_05149,0.00778173
test_05150,0.00440000
test_05151,0.99973804
test_05152,0.99999974
test_05153,0.00822061
test_05154,0.00205336
test_05155,0.16769336
test_05156,0.99974075
test_05157,0.00000702
test_05158,0.99245702
test_05159,0.00351966
test_05160,0.94657547
test_05161,0.99877954
test_05162,0.00069501
test_05163,0.00000130
test_05164,0.06786629
test_05165,0.00030013
test_05166,0.99991889
test_05167,0.40365476
test_05168,0.99863615
test_05169,0.98745878
test_05170,0.00000030
test_05171,0.99808116
test_05172,0.99640646
test_05173,0.01328441
test_05174,0.95826741
test_05175,0.00123371
test_05176,0.00014329
test_05177,0.99888458
test_05178,0.91064618
test_05179,0.00020491
test_05180,0.01176860
test_05181,0.02304488
test_05182,0.00000009
test_05183,0.01628260
test_05184,0.99027924
test_05185,0.99999983
test_05186,0.99856494
test_05187,0.99762183
test_05188,0.99999390
test_05189,0.08281380
test_05190,0.99998022
test_05191,0.99302606
test_05192,0.00043603
test_05193,0.00864379
test_05194,0.99167838
test_05195,0.00537217
test_05196,0.00000053
test_05197,0.00117069
test_05198,0.99821828
test_05199,0.92218814
test_05200,0.99986550
test_05201,0.99999995
test_05202,0.99820982
test_05203,0.99206474
test_05204,0.00003869
test_05205,0.00290157
test_05206,0.99999876
test_05207,0.00276289
test_05208,0.99742567
test_05209,0.00865620
test_05210,0.99557151
test_05211,0.99222617
test_05212,0.99999995
test_05213,0.00000221
test_05214,0.00365868
test_05215,0.99921686
test_05216,0.99938731
test_05217,0.98745103
test_05218,0.99999994
test_05219,0.18308139
test_05220,0.99779203
test_05221,0.00000041
test_05222,0.00162838
test_05223,0.99999998
test_05224,0.00000065
test_05225,0.99999581
test_05226,0.00000009
test_05227,0.99999967
test_05228,0.66219402
test_05229,0.04333355
test_05230,0.13793144
test_05231,0.00090807
test_05232,0.00000009
test_05233,0.93499471
test_05234,0.00099961
test_05235,0.99996728
test_05236,0.90621985
test_05237,0.99883924
test_05238,0.00000032
test_05239,0.99999663
test_05240,0.99979256
test_05241,0.00795597
test_05242,0.97307411
test_05243,0.99999991
test_05244,0.11259771
test_05245,0.00000045
test_05246,0.02961824
test_05247,0.00065240
test_05248,0.00017260
test_05249,0.28083557
test_05250,0.99169192
test_05251,0.99999997
test_05252,0.00000062
test_05253,0.00059158
test_05254,0.99982093
test_05255,0.99552844
test_05256,0.00000073
test_05257,0.67597863
test_05258,0.00065157
test_05259,0.00000015
test_05260,0.99990944
test_05261,0.99999968
test_05262,0.99996040
test_05263,0.99999682
test_05264,0.99724296
test_05265,0.00005718
test_05266,0.99999713
test_05267,0.99999974
test_05268,0.99993794
test_05269,0.99834582
test_05270,0.99859615
test_05271,0.97508510
test_05272,0.99999619
test_05273,0.00000001
test_05274,0.00000127
test_05275,0.00422309
test_05276,0.99963261
test_05277,0.03474646
test_05278,0.97175626
test_05279,0.00000007
test_05280,0.00240168
test_05281,0.99999980
test_05282,0.00180913
test_05283,0.99999667
test_05284,0.97335823
test_05285,0.00077806
test_05286,0.99773182
test_05287,0.00000273
test_05288,0.99806271
test_05289,0.99999648
test_05290,0.99999963
test_05291,0.00000002
test_05292,0.99999968
test_05293,0.00004207
test_05294,0.98211128
test_05295,0.99999978
test_05296,0.00213282
test_05297,0.00009022
test_05298,0.99962570
test_05299,0.99986490
test_05300,0.00510616
test_05301,0.00019683
test_05302,0.00000049
test_05303,0.99970088
test_05304,0.00000064
test_05305,0.99999934
test_05306,0.12287793
test_05307,0.97192909
test_05308,0.99995987
test_05309,0.00000007
test_05310,0.00000141
test_05311,0.99999962
test_05312,0.99999867
test_05313,0.99992797
test_05314,0.97688042
test_05315,0.00368655
test_05316,0.99936069
test_05317,0.99999996
test_05318,0.01839154
test_05319,0.99990943
test_05320,0.99999883
test_05321,0.99999947
test_05322,0.38529402
test_05323,0.99833878
test_05324,0.99999532
test_05325,0.99999896
test_05326,0.99992257
test_05327,0.98005940
test_05328,0.00655469
test_05329,0.99999996
test_05330,0.00000056
test_05331,0.00000057
test_05332,0.00068719
test_05333,0.85103035
test_05334,0.00265285
test_05335,0.00096653
test_05336,0.99997762
test_05337,0.99993546
test_05338,0.99996593
test_05339,0.00000018
test_05340,0.99999984
test_05341,0.00805089
test_05342,0.00008209
test_05343,0.70482275
test_05344,0.00048963
test_05345,0.00103484
test_05346,0.95448200
test_05347,0.19841440
test_05348,0.90575322
test_05349,0.51197614
test_05350,0.06042069
test_05351,0.99999933
test_05352,0.00124504
test_05353,0.00145166
test_05354,0.00009581
test_05355,0.00041247
test_05356,0.00000241
test_05357,0.99731728
test_05358,0.00000184
test_05359,0.00000352
test_05360,0.00009518
test_05361,0.96771800
test_05362,0.98069863
test_05363,0.00031536
test_05364,0.99917910
test_05365,0.02088874
test_05366,0.13999367
test_05367,0.00000008
test_05368,0.33273648
test_05369,0.00290754
test_05370,0.99999987
test_05371,0.00000181
test_05372,0.95345917
test_05373,0.99696332
test_05374,0.01072619
test_05375,0.00001995
test_05376,0.00217912
test_05377,0.99767276
test_05378,0.99952694
test_05379,0.99909544
test_05380,0.00893552
test_05381,0.99999948
test_05382,0.58634437
test_05383,0.99999751
test_05384,0.01302586
test_05385,0.99006406
test_05386,0.57276119
test_05387,0.99990486
test_05388,0.99738247
test_05389,0.00682318
test_05390,0.99687606
test_05391,0.99999380
test_05392,0.96506915
test_05393,0.99665146
test_05394,0.99834068
test_05395,0.99999876
test_05396,0.00427355
test_05397,0.00325113
test_05398,0.99907185
test_05399,0.98452134
test_05400,0.88894276
test_05401,0.08449376
test_05402,0.99236194
test_05403,0.98303694
test_05404,0.99968824
test_05405,0.00175377
test_05406,0.99896945
test_05407,0.98806106
test_05408,0.99478800
test_05409,0.00000035
test_05410,0.99998904
test_05411,0.99903339
test_05412,0.99999850
test_05413,0.00000031
test_05414,0.00143975
test_05415,0.03154094
test_05416,0.99317468
test_05417,0.00000251
test_05418,0.99939333
test_05419,0.99999994
test_05420,0.00062057
test_05421,0.99280860
test_05422,0.99927692
test_05423,0.01576136
test_05424,0.00000043
test_05425,0.26541311
test_05426,0.00320733
test_05427,0.00000001
test_05428,0.99998744
test_05429,0.99991968
test_05430,0.99270304
test_05431,0.00255355
test_05432,0.99994121
test_05433,0.99145330
test_05434,0.99973327
test_05435,0.99999994
test_05436,0.01892813
test_05437,0.97335907
test_05438,0.09050392
test_05439,0.00037797
test_05440,0.00049209
test_05441,0.99999995
test_05442,0.99985599
test_05443,0.00008044
test_05444,0.99999997
test_05445,0.00000600
test_05446,0.00086705
test_05447,0.98794913
test_05448,0.99999997
test_05449,0.00303251
test_05450,0.99866795
test_05451,0.10286006
test_05452,0.99963848
test_05453,0.99999991
test_05454,0.03176247
test_05455,0.00002413
test_05456,0.00000004
test_05457,0.00000005
test_05458,0.01232065
test_05459,0.00001806
test_05460,0.99506187
test_05461,0.00468665
test_05462,0.99999715
test_05463,0.99999991
test_05464,0.99999965
test_05465,0.02092493
test_05466,0.99897045
test_05467,0.00000131
test_05468,0.99754452
test_05469,0.99664894
test_05470,0.01048614
test_05471,0.00002365
test_05472,0.96501436
test_05473,0.57593333
test_05474,0.00000007
test_05475,0.00747779
test_05476,0.00000050
test_05477,0.19186737
test_05478,0.66321249
test_05479,0.99797013
test_05480,0.00319209
test_05481,0.99999888
test_05482,0.00000076
test_05483,0.99974452
test_05484,0.01153167
test_05485,0.00137411
test_05486,0.83559073
test_05487,0.53718455
test_05488,0.99999987
test_05489,0.08854446
test_05490,0.00496400
test_05491,0.62059073
test_05492,0.00349450
test_05493,0.00235277
test_05494,0.99999955
test_05495,0.99982183
test_05496,0.96015623
test_05497,0.00006249
test_05498,0.00000013
test_05499,0.00094535
test_05500,0.99985691
test_05501,0.99948352
test_05502,0.00000005
test_05503,0.00032852
test_05504,0.99933853
test_05505,0.97439828
test_05506,0.05578914
test_05507,0.00000129
test_05508,0.99999997
test_05509,0.00012600
test_05510,0.99999934
test_05511,0.99923249
test_05512,0.00416156
test_05513,0.01011654
test_05514,0.00842978
test_05515,0.00000147
test_05516,0.00006225
test_05517,0.00000002
test_05518,0.00000475
test_05519,0.18719002
test_05520,0.99396252
test_05521,0.99983441
test_05522,0.00413634
test_05523,0.99995091
test_05524,0.99199885
test_05525,0.00000051
test_05526,0.00335308
test_05527,0.99843943
test_05528,0.01077695
test_05529,0.99683593
test_05530,0.00104895
test_05531,0.00000250
test_05532,0.99919466
test_05533,0.99895077
test_05534,0.99679535
test_05535,0.99999945
test_05536,0.97554397
test_05537,0.99999915
test_05538,0.00005968
test_05539,0.99991451
test_05540,0.98065345
test_05541,0.06485489
test_05542,0.99825491
test_05543,0.00000028
test_05544,0.99990472
test_05545,0.00255760
test_05546,0.03285224
test_05547,0.00000168
test_05548,0.99614206
test_05549,0.76882462
test_05550,0.00005268
test_05551,0.99999745
test_05552,0.08549239
test_05553,0.99999827
test_05554,0.99731069
test_05555,0.99999988
test_05556,0.99983212
test_05557,0.99998118
test_05558,0.00746128
test_05559,0.00000007
test_05560,0.99984471
test_05561,0.00336967
test_05562,0.99999961
test_05563,0.76638512
test_05564,0.98728508
test_05565,0.99999279
test_05566,0.00606627
test_05567,0.99999988
test_05568,0.99999990
test_05569,0.52548959
test_05570,0.00001052
test_05571,0.99922178
test_05572,0.99979919
test_05573,0.99999993
test_05574,0.01041347
test_05575,0.98312971
test_05576,0.11863676
test_05577,0.99981180
test_05578,0.98042307
test_05579,0.00000009
test_05580,0.00706661
test_05581,0.03289548
test_05582,0.99999395
test_05583,0.00000475
test_05584,0.99999991
test_05585,0.00011717
test_05586,0.02543726
test_05587,0.00058598
test_05588,0.99825953
test_05589,0.00000304
test_05590,0.99452232
test_05591,0.00535892
test_05592,0.00120851
test_05593,0.99225964
test_05594,0.99800091
test_05595,0.99999512
test_05596,0.99357404
test_05597,0.00000037
test_05598,0.53615672
test_05599,0.00113496
test_05600,0.99999930
test_05601,0.99999911
test_05602,0.02337973
test_05603,0.99900414
test_05604,0.99791558
test_05605,0.90267670
test_05606,0.00000002
test_05607,0.07661330
test_05608,0.00053900
test_05609,0.00221830
test_05610,0.99999955
test_05611,0.00128704
test_05612,0.99983714
test_05613,0.00368115
test_05614,0.00188895
test_05615,0.99999977
test_05616,0.00377665
test_05617,0.00002257
test_05618,0.00000033
test_05619,0.00000221
test_05620,0.03867812
test_05621,0.31502554
test_05622,0.99980660
test_05623,0.00005959
test_05624,0.99735615
test_05625,0.00000089
test_05626,0.99980707
test_05627,0.00000166
test_05628,0.49831517
test_05629,0.01294424
test_05630,0.00133052
test_05631,0.01640129
test_05632,0.99999972
test_05633,0.99999932
test_05634,0.99999983
test_05635,0.00000022
test_05636,0.99989133
test_05637,0.99999973
test_05638,0.00275747
test_05639,0.93918617
test_05640,0.99999996
test_05641,0.00511265
test_05642,0.99970802
test_05643,0.39831460
test_05644,0.00013919
test_05645,0.99973646
test_05646,0.13342116
test_05647,0.01650970
test_05648,0.00000027
test_05649,0.00497509
test_05650,0.99999902
test_05651,0.00000197
test_05652,0.99951201
test_05653,0.02012134
test_05654,0.62320586
test_05655,0.99999536
test_05656,0.30673280
test_05657,0.00244385
test_05658,0.00003610
test_05659,0.99999989
test_05660,0.99999972
test_05661,0.00815268
test_05662,0.99999950
test_05663,0.99501633
test_05664,0.99887229
test_05665,0.00464983
test_05666,0.00000065
test_05667,0.00180662
test_05668,0.03861181
test_05669,0.99999959
test_05670,0.62695918
test_05671,0.85506817
test_05672,0.99999983
test_05673,0.00135004
test_05674,0.01408780
test_05675,0.90886192
test_05676,0.00000216
test_05677,0.00029480
test_05678,0.00000026
test_05679,0.99992110
test_05680,0.00000033
test_05681,0.00165421
test_05682,0.99999966
test_05683,0.01688536
test_05684,0.00365073
test_05685,0.06505934
test_05686,0.98963922
test_05687,0.00045900
test_05688,0.66950450
test_05689,0.99983672
test_05690,0.04459648
test_05691,0.99975671
test_05692,0.87047800
test_05693,0.99517488
test_05694,0.90015361
test_05695,0.00000010
test_05696,0.99999786
test_05697,0.88670439
test_05698,0.00000233
test_05699,0.84247480
test_05700,0.99983437
test_05701,0.99998804
test_05702,0.03599325
test_05703,0.99962547
test_05704,0.99999971
test_05705,0.00377496
test_05706,0.00125596
test_05707,0.99999725
test_05708,0.00610255
test_05709,0.16588439
test_05710,0.99832382
test_05711,0.00974982
test_05712,0.99909631
test_05713,0.00814616
test_05714,0.99999825
test_05715,0.25015418
test_05716,0.99961170
test_05717,0.95684148
test_05718,0.99734232
test_05719,0.00000006
test_05720,0.00028474
test_05721,0.99999992
test_05722,0.99738881
test_05723,0.00000054
test_05724,0.99999966
test_05725,0.00661874
test_05726,0.00000034
test_05727,0.99390530
test_05728,0.99999993
test_05729,0.00229431
test_05730,0.99999998
test_05731,0.99999953
test_05732,0.00004372
test_05733,0.99999814
test_05734,0.96136785
test_05735,0.00000675
test_05736,0.00000107
test_05737,0.00000157
test_05738,0.05488476
test_05739,0.02931164
test_05740,0.64699153
test_05741,0.00054256
test_05742,0.00000927
test_05743,0.00030808
test_05744,0.02866458
test_05745,0.00067544
test_05746,0.00049874
test_05747,0.74728007
test_05748,0.00001105
test_05749,0.99999945
test_05750,0.00241800
test_05751,0.00000005
test_05752,0.00000038
test_05753,0.00000333
test_05754,0.99996717
test_05755,0.99999889
test_05756,0.12905144
test_05757,0.72121670
test_05758,0.01417019
test_05759,0.32333132
test_05760,0.99948608
test_05761,0.91255810
test_05762,0.00000213
test_05763,0.99943980
test_05764,0.99847787
test_05765,0.99988652
test_05766,0.00776439
test_05767,0.01152598
test_05768,0.01309981
test_05769,0.00433176
test_05770,0.99994623
test_05771,0.36333597
test_05772,0.66541793
test_05773,0.99935324
test_05774,0.97889131
test_05775,0.86621357
test_05776,0.00006327
test_05777,0.99474833
test_05778,0.99190341
test_05779,0.04448365
test_05780,0.93052132
test_05781,0.99816699
test_05782,0.99910929
test_05783,0.99962125
test_05784,0.99706767
test_05785,0.99565537
test_05786,0.99997113
test_05787,0.05773331
test_05788,0.98914419
test_05789,0.86990658
test_05790,0.99114487
test_05791,0.00418556
test_05792,0.00348747
test_05793,0.99999991
test_05794,0.99631882
test_05795,0.97948561
test_05796,0.99939612
test_05797,0.99991123
test_05798,0.99999979
test_05799,0.99942635
test_05800,0.99934230
test_05801,0.01067065
test_05802,0.00000038
test_05803,0.99999748
test_05804,0.99999905
test_05805,0.99993120
test_05806,0.00050237
test_05807,0.00000399
test_05808,0.79393481
test_05809,0.85154828
test_05810,0.99999985
test_05811,0.00940877
test_05812,0.99974405
test_05813,0.99621042
test_05814,0.99999977
test_05815,0.96940079
test_05816,0.00000208
test_05817,0.99994049
test_05818,0.99996534
test_05819,0.93223750
test_05820,0.00000041
test_05821,0.99999795
test_05822,0.01989725
test_05823,0.04544808
test_05824,0.00153716
test_05825,0.00054189
test_05826,0.97831815
test_05827,0.00027703
test_05828,0.02240507
test_05829,0.00201810
test_05830,0.00002449
test_05831,0.00000181
test_05832,0.99945955
test_05833,0.77800213
test_05834,0.03636443
test_05835,0.99991190
test_05836,0.99841097
test_05837,0.00000027
test_05838,0.00006985
test_05839,0.99830174
test_05840,0.99997169
test_05841,0.00551860
test_05842,0.00028765
test_05843,0.99787970
test_05844,0.03718425
test_05845,0.00883493
test_05846,0.70957164
test_05847,0.99826104
test_05848,0.01092582
test_05849,0.00000002
test_05850,0.07931052
test_05851,0.04419822
test_05852,0.99967888
test_05853,0.98790062
test_05854,0.41877536
test_05855,0.97449000
test_05856,0.99999967
test_05857,0.99999985
test_05858,0.00000561
test_05859,0.00003872
test_05860,0.00000013
test_05861,0.00000215
test_05862,0.00343270
test_05863,0.00000224
test_05864,0.04936175
test_05865,0.00027700
test_05866,0.75332747
test_05867,0.99582088
test_05868,0.94125888
test_05869,0.99999947
test_05870,0.00369308
test_05871,0.99866936
test_05872,0.99999971
test_05873,0.00370887
test_05874,0.02080219
test_05875,0.01712509
test_05876,0.00033143
test_05877,0.99965884
test_05878,0.99999982
test_05879,0.99975190
test_05880,0.99999927
test_05881,0.99999984
test_05882,0.99660539
test_05883,0.99999994
test_05884,0.99999781
test_05885,0.00816596
test_05886,0.00000042
test_05887,0.00003050
test_05888,0.00000198
test_05889,0.00000228
test_05890,0.00012251
test_05891,0.00000474
test_05892,0.99985254
test_05893,0.00002594
test_05894,0.98796901
test_05895,0.00003167
test_05896,0.99913648
test_05897,0.98796867
test_05898,0.00000099
test_05899,0.99939498
test_05900,0.99943166
test_05901,0.99272901
test_05902,0.99813107
test_05903,0.00005597
test_05904,0.00756031
test_05905,0.00002183
test_05906,0.03812211
test_05907,0.05582258
test_05908,0.00000052
test_05909,0.00100904
test_05910,0.99999983
test_05911,0.00123887
test_05912,0.00000767
test_05913,0.00030436
test_05914,0.01708459
test_05915,0.92086084
test_05916,0.00288517
test_05917,0.00000135
test_05918,0.08488991
test_05919,0.99644262
test_05920,0.01620482
test_05921,0.98658839
test_05922,0.99990486
test_05923,0.99999366
test_05924,0.00000028
test_05925,0.00022753
test_05926,0.00001130
test_05927,0.00748453
test_05928,0.99999994
test_05929,0.00272637
test_05930,0.00000146
test_05931,0.99968930
test_05932,0.00730430
test_05933,0.00123816
test_05934,0.00000005
test_05935,0.00270691
test_05936,0.99998625
test_05937,0.00354534
test_05938,0.99999947
test_05939,0.00000007
test_05940,0.02148484
test_05941,0.99999997
test_05942,0.00000463
test_05943,0.99999827
test_05944,0.99999974
test_05945,0.00159700
test_05946,0.01533472
test_05947,0.99689127
test_05948,0.96272341
test_05949,0.99999971
test_05950,0.06537477
test_05951,0.00913673
test_05952,0.00000014
test_05953,0.99990781
test_05954,0.00002630
test_05955,0.99633310
test_05956,0.19605675
test_05957,0.00033891
test_05958,0.00014143
test_05959,0.99557673
test_05960,0.00000218
test_05961,0.93315099
test_05962,0.99951940
test_05963,0.99999957
test_05964,0.24257343
test_05965,0.00008559
test_05966,0.00788289
test_05967,0.86466600
test_05968,0.99942692
test_05969,0.00000122
test_05970,0.98393801
test_05971,0.00089156
test_05972,0.99834456
test_05973,0.00198924
test_05974,0.00023906
test_05975,0.81063165
test_05976,0.00001954
test_05977,0.99675745
test_05978,0.99788852
test_05979,0.00127238
test_05980,0.00171405
test_05981,0.98638165
test_05982,0.99875337
test_05983,0.00045811
test_05984,0.00048988
test_05985,0.00000264
test_05986,0.99793291
test_05987,0.99547325
test_05988,0.99990344
test_05989,0.99995148
test_05990,0.99999967
test_05991,0.99907286
test_05992,0.99804214
test_05993,0.98775107
test_05994,0.00805059
test_05995,0.09701610
test_05996,0.43394753
test_05997,0.99999963
test_05998,0.85793039
test_05999,0.00396169
test_06000,0.99999871
test_06001,0.99996880
test_06002,0.99999946
test_06003,0.99998865
test_06004,0.00000009
test_06005,0.99999916
test_06006,0.99989992
test_06007,0.00000072
test_06008,0.00000115
test_06009,0.00001024
test_06010,0.99501179
test_06011,0.80890208
test_06012,0.99722869
test_06013,0.95541402
test_06014,0.00000185
test_06015,0.00000019
test_06016,0.00003426
test_06017,0.00014184
test_06018,0.00000236
test_06019,0.98957855
test_06020,0.01589190
test_06021,0.00001720
test_06022,0.00000405
test_06023,0.04217391
test_06024,0.99869865
test_06025,0.99908896
test_06026,0.00239483
test_06027,0.99900504
test_06028,0.00386159
test_06029,0.00001264
test_06030,0.99954182
test_06031,0.00517093
test_06032,0.00021096
test_06033,0.00000460
test_06034,0.99757047
test_06035,0.00001247
test_06036,0.99952694
test_06037,0.00246826
test_06038,0.99999981
test_06039,0.00000123
test_06040,0.15987368
test_06041,0.24226290
test_06042,0.99964884
test_06043,0.01125413
test_06044,0.99999977
test_06045,0.72323143
test_06046,0.00041627
test_06047,0.00013643
test_06048,0.99569166
test_06049,0.00877173
test_06050,0.06667235
test_06051,0.00009041
test_06052,0.99934056
test_06053,0.00030583
test_06054,0.00012216
test_06055,0.00444263
test_06056,0.99982809
test_06057,0.99947743
test_06058,0.99999991
test_06059,0.99999953
test_06060,0.99999913
test_06061,0.00008232
test_06062,0.90700539
test_06063,0.99312754
test_06064,0.99819608
test_06065,0.00054631
test_06066,0.00007203
test_06067,0.72287429
test_06068,1.00000000
test_06069,0.99998051
test_06070,0.00000012
test_06071,0.01278612
test_06072,0.99850501
test_06073,0.99741349
test_06074,0.00479491
test_06075,0.00002302
test_06076,0.99927879
test_06077,0.98807478
test_06078,0.66471446
test_06079,0.99859503
test_06080,0.99861373
test_06081,0.97829942
test_06082,0.98816539
test_06083,0.00016806
test_06084,0.00242248
test_06085,0.99534743
test_06086,0.00050932
test_06087,0.98676157
test_06088,0.00000219
test_06089,0.96619945
test_06090,0.99999889
test_06091,0.99999957
test_06092,0.00000020
test_06093,0.07075345
test_06094,0.99806074
test_06095,0.27105980
test_06096,0.99992537
test_06097,0.00000912
test_06098,0.00000129
test_06099,0.00000083
test_06100,0.00000006
test_06101,0.00284227
test_06102,0.99981186
test_06103,0.99999998
test_06104,0.99969260
test_06105,0.99999934
test_06106,0.99999955
test_06107,0.96878809
test_06108,0.34705483
test_06109,0.00029234
test_06110,0.88467749
test_06111,0.00055643
test_06112,0.29996400
test_06113,0.00000171
test_06114,0.00184427
test_06115,0.99999964
test_06116,0.99995141
test_06117,0.00053169
test_06118,0.00150340
test_06119,0.99999985
test_06120,0.82405616
test_06121,0.99941029
test_06122,0.00166979
test_06123,0.00000202
test_06124,0.12953400
test_06125,0.99999987
test_06126,0.45784953
test_06127,0.00000796
test_06128,0.98814021
test_06129,0.15065931
test_06130,0.20721758
test_06131,0.00035296
test_06132,0.99946709
test_06133,0.14748118
test_06134,0.00079099
test_06135,0.00050478
test_06136,0.99992875
test_06137,0.99990710
test_06138,0.99838823
test_06139,0.99999976
test_06140,0.99591101
test_06141,0.99887446
test_06142,0.99039171
test_06143,0.00000033
test_06144,0.99971226
test_06145,0.01266463
test_06146,0.00017951
test_06147,0.98260337
test_06148,0.00057992
test_06149,0.00015995
test_06150,0.02886412
test_06151,0.99933212
test_06152,0.00000181
test_06153,0.99999938
test_06154,0.00026214
test_06155,0.99993530
test_06156,0.00149567
test_06157,0.00377941
test_06158,0.00000466
test_06159,0.20773885
test_06160,0.99999977
test_06161,0.00000425
test_06162,0.91141318
test_06163,0.99622801
test_06164,0.99871466
test_06165,0.00111827
test_06166,0.13104475
test_06167,0.22821898
test_06168,0.32513844
test_06169,0.99865744
test_06170,0.98402282
test_06171,0.00038523
test_06172,0.99999920
test_06173,0.99999943
test_06174,0.00000005
test_06175,0.00000019
test_06176,0.87911049
test_06177,0.99999992
test_06178,0.99999027
test_06179,0.99997190
test_06180,0.99999941
test_06181,0.00311582
test_06182,0.00000030
test_06183,0.99999994
test_06184,0.98951437
test_06185,0.24718913
test_06186,0.99999988
test_06187,0.00168641
test_06188,0.93819256
test_06189,0.00000432
test_06190,0.99853182
test_06191,0.00000005
test_06192,0.00000050
test_06193,0.97708435
test_06194,0.99998001
test_06195,0.00039289
test_06196,0.00131447
test_06197,0.99999960
test_06198,0.00000037
test_06199,0.99999998
test_06200,0.99999860
test_06201,0.99952426
test_06202,0.00616189
test_06203,0.00006353
test_06204,0.04521858
test_06205,0.99777111
test_06206,0.00154556
test_06207,0.99164455
test_06208,0.00042420
test_06209,0.00000254
test_06210,0.99960475
test_06211,0.45546540
test_06212,0.99999992
test_06213,0.00000121
test_06214,0.01313274
test_06215,0.99999934
test_06216,0.99999936
test_06217,0.99999995
test_06218,0.99376796
test_06219,0.09079893
test_06220,0.00006855
test_06221,0.00000013
test_06222,0.00000018
test_06223,0.00000612
test_06224,0.95165581
test_06225,0.99837286
test_06226,0.99999964
test_06227,0.00000216
test_06228,0.99999330
test_06229,0.00000020
test_06230,0.00000993
test_06231,0.00697027
test_06232,0.01384963
test_06233,0.00009481
test_06234,0.99961370
test_06235,0.00000004
test_06236,0.00000038
test_06237,0.99612632
test_06238,0.00000292
test_06239,0.99950155
test_06240,0.99923911
test_06241,0.99180728
test_06242,0.14557680
test_06243,0.99524868
test_06244,0.72593479
test_06245,0.99333395
test_06246,0.99899836
test_06247,0.97461933
test_06248,0.99999951
test_06249,0.98763837
test_06250,0.99997313
test_06251,0.01070819
test_06252,0.81461497
test_06253,0.47423748
test_06254,0.99467191
test_06255,0.00646829
test_06256,0.99992339
test_06257,0.99999978
test_06258,0.99787938
test_06259,0.77817370
test_06260,0.99992035
test_06261,0.02957461
test_06262,0.97702583
test_06263,0.99827133
test_06264,0.94903051
test_06265,0.99656828
test_06266,0.99265703
test_06267,0.99974463
test_06268,0.99999998
test_06269,0.01563342
test_06270,0.54893460
test_06271,0.99798882
test_06272,0.99999119
test_06273,0.94619947
test_06274,0.99271427
test_06275,0.99898358
test_06276,0.00000203
test_06277,0.99508409
test_06278,0.00052689
test_06279,0.00006216
test_06280,0.04988992
test_06281,0.98942626
test_06282,0.99980076
test_06283,0.00073083
test_06284,0.05894267
test_06285,0.02575989
test_06286,0.99999941
test_06287,0.00087472
test_06288,0.99907795
test_06289,0.02889518
test_06290,0.00345410
test_06291,0.00000067
test_06292,0.00000255
test_06293,0.00678613
test_06294,0.37890081
test_06295,0.00009137
test_06296,0.01394576
test_06297,0.98721745
test_06298,0.99980782
test_06299,0.99987314
test_06300,0.99999958
test_06301,0.00000701
test_06302,0.98202616
test_06303,0.00918167
test_06304,0.99917518
test_06305,0.01337416
test_06306,0.00235603
test_06307,0.11924199
test_06308,0.98134672
test_06309,0.99021401
test_06310,0.00000018
test_06311,0.00000050
test_06312,0.00447473
test_06313,0.19230883
test_06314,0.00164152
test_06315,0.00138125
test_06316,0.08541458
test_06317,0.98087755
test_06318,0.99999919
test_06319,0.41943049
test_06320,0.99999994
test_06321,0.53981566
test_06322,0.99999950
test_06323,0.10666684
test_06324,0.00000016
test_06325,0.99844493
test_06326,0.98911145
test_06327,0.00010379
test_06328,0.99999354
test_06329,0.43136599
test_06330,0.00000280
test_06331,0.00000028
test_06332,0.01397746
test_06333,0.83686430
test_06334,0.00046356
test_06335,0.91338017
test_06336,0.07848248
test_06337,0.01665935
test_06338,0.97770032
test_06339,0.99997213
test_06340,0.99995208
test_06341,0.00273282
test_06342,0.99583650
test_06343,0.02282880
test_06344,0.00039340
test_06345,0.03684547
test_06346,0.99980575
test_06347,0.00014383
test_06348,0.99999979
test_06349,0.00001021
test_06350,0.00000082
test_06351,0.99999993
test_06352,0.18418408
test_06353,0.00008829
test_06354,0.36693544
test_06355,0.45523592
test_06356,0.99940614
test_06357,0.00000032
test_06358,0.99285555
test_06359,0.99976880
test_06360,0.99999997
test_06361,0.01758958
test_06362,0.00543289
test_06363,0.50119167
test_06364,0.92852327
test_06365,0.00000021
test_06366,0.99765769
test_06367,0.76875651
test_06368,0.99999771
test_06369,0.99999951
test_06370,0.99999715
test_06371,0.00041524
test_06372,0.99209120
test_06373,0.99996298
test_06374,0.99994544
test_06375,0.04238430
test_06376,0.00563938
test_06377,0.99145138
test_06378,0.99736990
test_06379,0.00000010
test_06380,0.05667326
test_06381,0.00079070
test_06382,0.93658508
test_06383,0.99928700
test_06384,0.99888350
test_06385,0.04860548
test_06386,0.99999996
test_06387,0.99881655
test_06388,0.99649118
test_06389,0.00238347
test_06390,0.99992660
test_06391,0.00000148
test_06392,0.00229038
test_06393,0.00140192
test_06394,0.99986415
test_06395,0.04722354
test_06396,0.06587564
test_06397,0.00000074
test_06398,0.92314017
test_06399,0.00000501
test_06400,0.00013672
test_06401,0.89174182
test_06402,0.95516447
test_06403,0.00578651
test_06404,0.32704846
test_06405,0.00000045
test_06406,0.00000002
test_06407,0.00008229
test_06408,0.00000047
test_06409,0.99830330
test_06410,0.99999873
test_06411,0.83915790
test_06412,0.44052582
test_06413,0.00044896
test_06414,0.99999338
test_06415,0.01739151
test_06416,0.99947178
test_06417,0.94954489
test_06418,0.00046439
test_06419,0.99657719
test_06420,0.00000006
test_06421,0.99864082
test_06422,0.99999945
test_06423,0.99971764
test_06424,0.99801410
test_06425,0.02523149
test_06426,0.00000179
test_06427,0.03470708
test_06428,0.99978454
test_06429,0.00041167
test_06430,0.00064918
test_06431,0.99764902
test_06432,0.00000070
test_06433,0.99035838
test_06434,0.99973170
test_06435,0.99999947
test_06436,0.00885547
test_06437,0.00008542
test_06438,0.02694816
test_06439,0.99874725
test_06440,0.00055302
test_06441,0.98316369
test_06442,0.00087404
test_06443,0.00804794
test_06444,0.00002520
test_06445,0.02013632
test_06446,0.99876399
test_06447,0.99155853
test_06448,0.99625605
test_06449,0.00000015
test_06450,0.99725768
test_06451,0.99999940
test_06452,0.99476167
test_06453,0.00047801
test_06454,0.99956902
test_06455,0.99997201
test_06456,0.00003866
test_06457,0.99623652
test_06458,0.02067047
test_06459,0.99943076
test_06460,0.00080281
test_06461,0.00030468
test_06462,0.99886686
test_06463,0.99997023
test_06464,0.00000212
test_06465,0.00000026
test_06466,0.05394066
test_06467,0.09403146
test_06468,0.00000007
test_06469,0.99998139
test_06470,0.99051510
test_06471,0.00000063
test_06472,0.00064552
test_06473,0.99963211
test_06474,0.00016155
test_06475,0.99948807
test_06476,0.00023360
test_06477,0.00528706
test_06478,0.99999286
test_06479,0.99941300
test_06480,0.97252173
test_06481,0.00000057
test_06482,0.99999922
test_06483,0.05898666
test_06484,0.00000001
test_06485,0.99832781
test_06486,0.99999935
test_06487,0.00116100
test_06488,0.99999969
test_06489,0.00000003
test_06490,0.99995772
test_06491,0.00000008
test_06492,0.99447957
test_06493,0.00000021
test_06494,0.99548309
test_06495,0.00013003
test_06496,0.00000347
test_06497,0.99998845
test_06498,0.99999694
test_06499,0.00002516
test_06500,0.11138145
test_06501,0.00083255
test_06502,0.99980958
test_06503,0.00143602
test_06504,0.00360655
test_06505,0.00000084
test_06506,0.98168037
test_06507,0.99948159
test_06508,0.99828764
test_06509,0.00797255
test_06510,0.99913527
test_06511,0.76544208
test_06512,0.99015531
test_06513,0.99768244
test_06514,0.00071723
test_06515,0.99996082
test_06516,0.99999914
test_06517,0.98534064
test_06518,0.81509898
test_06519,0.00048782
test_06520,0.00000020
test_06521,0.97199591
test_06522,0.99971007
test_06523,0.99999888
test_06524,0.00041604
test_06525,0.00000234
test_06526,0.99998731
test_06527,0.00000016
test_06528,0.99901438
test_06529,0.01418019
test_06530,0.00000936
test_06531,0.99999985
test_06532,0.99914590
test_06533,0.99997724
test_06534,0.99801029
test_06535,0.99999929
test_06536,0.42773706
test_06537,0.00221027
test_06538,0.98573685
test_06539,0.22921957
test_06540,0.00139062
test_06541,0.66022913
test_06542,0.00000058
test_06543,0.01668853
test_06544,0.99861389
test_06545,0.99999865
test_06546,0.00001093
test_06547,0.88117033
test_06548,0.99999988
test_06549,0.00059375
test_06550,0.99819481
test_06551,0.00999759
test_06552,0.99068895
test_06553,0.99896247
test_06554,0.95289563
test_06555,0.00441527
test_06556,0.99999981
test_06557,0.01230624
test_06558,0.94354127
test_06559,0.00429166
test_06560,0.14931037
test_06561,0.69305360
test_06562,0.00032044
test_06563,0.00786459
test_06564,0.85597651
test_06565,0.99953129
test_06566,0.99670213
test_06567,0.89402417
test_06568,0.00072060
test_06569,0.01232996
test_06570,0.00000197
test_06571,0.00041589
test_06572,0.00091024
test_06573,0.05004761
test_06574,0.02681397
test_06575,0.00004770
test_06576,0.04277889
test_06577,0.00000971
test_06578,0.99989977
test_06579,0.00380310
test_06580,0.96925447
test_06581,0.00001381
test_06582,0.99502596
test_06583,0.01306663
test_06584,0.97149197
test_06585,0.00368511
test_06586,0.00000843
test_06587,0.99980174
test_06588,0.00369028
test_06589,0.99827791
test_06590,0.00623528
test_06591,0.00000082
test_06592,0.98174107
test_06593,0.99788272
test_06594,0.99999935
test_06595,0.05019661
test_06596,0.28454197
test_06597,0.35893019
test_06598,0.00029420
test_06599,0.00044730
test_06600,0.00036342
test_06601,0.00007090
test_06602,0.00746279
test_06603,0.03230637
test_06604,0.12104614
test_06605,0.01951217
test_06606,0.99981536
test_06607,0.00000003
test_06608,0.99992373
test_06609,0.87245383
test_06610,0.00031468
test_06611,0.99173163
test_06612,0.00011879
test_06613,0.00000050
test_06614,0.00000095
test_06615,0.04898673
test_06616,0.99687678
test_06617,0.99999849
test_06618,0.00079794
test_06619,0.00112182
test_06620,0.14144314
test_06621,0.00212581
test_06622,0.00559077
test_06623,0.00885587
test_06624,0.99988763
test_06625,0.99999834
test_06626,0.00000056
test_06627,0.00000010
test_06628,0.97776356
test_06629,0.00017290
test_06630,0.00000035
test_06631,0.00015308
test_06632,0.00554525
test_06633,0.01020171
test_06634,0.99958077
test_06635,0.00017799
test_06636,0.00023983
test_06637,0.01677005
test_06638,0.00648965
test_06639,0.97212896
test_06640,0.99956685
test_06641,0.00270457
test_06642,0.99237733
test_06643,0.99999901
test_06644,0.99988448
test_06645,0.99964423
test_06646,0.99998974
test_06647,0.99769449
test_06648,0.00024266
test_06649,0.44781712
test_06650,0.00100685
test_06651,0.74272416
test_06652,0.00049595
test_06653,0.99980677
test_06654,0.01367104
test_06655,0.00000010
test_06656,0.98843717
test_06657,0.99916278
test_06658,0.00225010
test_06659,0.99768187
test_06660,0.99815332
test_06661,0.00646597
test_06662,0.01606874
test_06663,0.01661367
test_06664,0.00101797
test_06665,0.00752204
test_06666,0.00203134
test_06667,0.99873325
test_06668,0.33375644
test_06669,0.00133752
test_06670,0.01312418
test_06671,0.99769152
test_06672,0.01721957
test_06673,0.00049493
test_06674,0.99999991
test_06675,0.00319871
test_06676,0.99112241
test_06677,0.99598915
test_06678,0.99999840
test_06679,0.00027566
test_06680,0.00022267
test_06681,0.99992799
test_06682,0.00000010
test_06683,0.90935553
test_06684,0.00156758
test_06685,0.99685777
test_06686,0.99743296
test_06687,0.02017617
test_06688,0.43431794
test_06689,0.99476555
test_06690,0.85315601
test_06691,0.00000168
test_06692,0.99930552
test_06693,0.96648775
test_06694,0.99899267
test_06695,0.00000343
test_06696,0.99999654
test_06697,0.99999995
test_06698,0.00148183
test_06699,0.19989864
test_06700,0.99999993
test_06701,0.99871512
test_06702,0.99915347
test_06703,0.00187588
test_06704,0.99999199
test_06705,0.99999890
test_06706,0.13818836
test_06707,0.00496256
test_06708,0.99560484
test_06709,0.75459816
test_06710,0.99923144
test_06711,0.99988656
test_06712,0.01151995
test_06713,0.99999990
test_06714,0.65557128
test_06715,0.00876041
test_06716,0.99999792
test_06717,0.99999920
test_06718,0.98490763
test_06719,0.96746482
test_06720,0.99629522
test_06721,0.00321490
test_06722,0.99741593
test_06723,0.99918294
test_06724,0.00002667
test_06725,0.53956357
test_06726,0.99472891
test_06727,0.89752565
test_06728,0.00109131
test_06729,0.00022530
test_06730,0.00227929
test_06731,0.96247780
test_06732,0.50321226
test_06733,0.99591848
test_06734,0.00000047
test_06735,0.99918377
test_06736,0.99936761
test_06737,0.99999982
test_06738,0.99990341
test_06739,0.99824951
test_06740,0.99999450
test_06741,0.99656159
test_06742,0.99979192
test_06743,0.99999960
test_06744,0.00199041
test_06745,0.00000008
test_06746,0.99981879
test_06747,0.99262881
test_06748,0.03032430
test_06749,0.99999810
test_06750,0.98009405
test_06751,0.00000326
test_06752,0.00000093
test_06753,0.00042931
test_06754,0.00000010
test_06755,0.97500618
test_06756,0.00000093
test_06757,0.98895546
test_06758,0.00000088
test_06759,0.02148496
test_06760,0.00012292
test_06761,0.99730834
test_06762,0.99999961
test_06763,0.99912447
test_06764,0.99897692
test_06765,0.99999974
test_06766,0.00000029
test_06767,0.00000016
test_06768,0.99999998
test_06769,0.00000023
test_06770,0.01433003
test_06771,0.97724619
test_06772,0.00628960
test_06773,0.99998194
test_06774,0.13067936
test_06775,0.00740968
test_06776,0.99930865
test_06777,0.99956402
test_06778,0.00000106
test_06779,0.00137174
test_06780,0.99999994
test_06781,0.99999626
test_06782,0.96890507
test_06783,0.97340578
test_06784,0.00007887
test_06785,0.99884224
test_06786,0.99987897
test_06787,0.00000008
test_06788,0.03797562
test_06789,0.00390740
test_06790,0.99999806
test_06791,0.97337295
test_06792,0.99947962
test_06793,0.00112741
test_06794,0.99768263
test_06795,0.00023812
test_06796,0.98077243
test_06797,0.99997481
test_06798,0.99999997
test_06799,0.04088183
test_06800,0.00000009
test_06801,0.99772638
test_06802,0.00000086
test_06803,0.02013043
test_06804,0.96904927
test_06805,0.00035444
test_06806,0.99999485
test_06807,0.99947001
test_06808,0.99968084
test_06809,0.99726846
test_06810,0.96297781
test_06811,0.99940232
test_06812,0.00042042
test_06813,0.94892006
test_06814,0.99997453
test_06815,0.99999996
test_06816,0.99999870
test_06817,0.00029571
test_06818,0.99801867
test_06819,0.99592747
test_06820,0.00387588
test_06821,0.83753348
test_06822,0.10982998
test_06823,0.00001000
test_06824,0.96229026
test_06825,0.00248734
test_06826,0.00948758
test_06827,0.00076396
test_06828,0.99999975
test_06829,0.99999935
test_06830,0.00000026
test_06831,0.97893303
test_06832,0.00000016
test_06833,0.00000110
test_06834,0.00708540
test_06835,0.00000035
test_06836,0.03914177
test_06837,0.00413810
test_06838,0.00000003
test_06839,0.01013870
test_06840,0.99999612
test_06841,0.00754076
test_06842,0.99829273
test_06843,0.00081835
test_06844,0.00000011
test_06845,0.00000012
test_06846,0.99999919
test_06847,0.99918952
test_06848,0.00000426
test_06849,0.99999199
test_06850,0.00809387
test_06851,0.00035168
test_06852,0.00001593
test_06853,0.00000309
test_06854,0.93361512
test_06855,0.00000022
test_06856,0.00029518
test_06857,0.02705029
test_06858,0.00000034
test_06859,0.90141413
test_06860,0.99817484
test_06861,0.00000009
test_06862,0.99999964
test_06863,0.99632830
test_06864,0.99999682
test_06865,0.00003349
test_06866,0.00282269
test_06867,0.05909677
test_06868,0.97478946
test_06869,0.00012833
test_06870,0.99993289
test_06871,0.99786724
test_06872,0.05780985
test_06873,0.00573054
test_06874,0.99836917
test_06875,0.00001051
test_06876,0.00012457
test_06877,0.99999983
test_06878,0.00299985
test_06879,0.97946290
test_06880,0.00203098
test_06881,0.98918761
test_06882,0.00001322
test_06883,0.38346913
test_06884,0.00001511
test_06885,0.01759993
test_06886,0.02175641
test_06887,0.94000446
test_06888,0.00383866
test_06889,0.99933029
test_06890,0.06142963
test_06891,0.00017977
test_06892,0.00000013
test_06893,0.04043521
test_06894,0.00000077
test_06895,0.00000063
test_06896,0.99999962
test_06897,0.45098327
test_06898,0.26182944
test_06899,0.00091153
test_06900,0.01069365
test_06901,0.92603977
test_06902,0.09041498
test_06903,0.99999623
test_06904,0.99969518
test_06905,0.99997734
test_06906,0.00153127
test_06907,0.99631312
test_06908,0.99977371
test_06909,0.00068733
test_06910,0.99999995
test_06911,0.99999994
test_06912,0.00067406
test_06913,0.00291404
test_06914,0.99636756
test_06915,0.33447055
test_06916,0.99510979
test_06917,0.00030816
test_06918,0.94018552
test_06919,0.99999947
test_06920,0.00001409
test_06921,0.99948059
test_06922,0.99919064
test_06923,0.93677899
test_06924,0.87198710
test_06925,0.01409175
test_06926,0.00000320
test_06927,0.00211704
test_06928,0.00023562
test_06929,0.70750331
test_06930,0.00565027
test_06931,0.00033760
test_06932,0.99918509
test_06933,0.99762578
test_06934,0.00172406
test_06935,0.00561450
test_06936,0.99817515
test_06937,0.91800613
test_06938,0.02864787
test_06939,0.00451171
test_06940,0.99643269
test_06941,0.97598569
test_06942,0.02126821
test_06943,0.04258114
test_06944,0.04554340
test_06945,0.00003712
test_06946,0.08180513
test_06947,0.99841404
test_06948,0.19350560
test_06949,0.99999853
test_06950,0.00754744
test_06951,0.00016779
test_06952,0.96411450
test_06953,0.00000019
test_06954,0.97005086
test_06955,0.99999926
test_06956,0.97276798
test_06957,0.99845777
test_06958,0.99289912
test_06959,0.00072735
test_06960,0.00133272
test_06961,0.99855231
test_06962,0.00342767
test_06963,0.43070835
test_06964,0.99999972
test_06965,0.11351009
test_06966,0.02620013
test_06967,0.00236174
test_06968,0.00008864
test_06969,0.00000002
test_06970,0.99999998
test_06971,0.99999854
test_06972,0.00016660
test_06973,0.99464449
test_06974,0.00034936
test_06975,0.99832858
test_06976,0.99999813
test_06977,0.99484263
test_06978,0.00091448
test_06979,0.65489833
test_06980,0.99756349
test_06981,0.98983368
test_06982,0.99862485
test_06983,0.00001384
test_06984,0.01731122
test_06985,0.00016144
test_06986,0.11897075
test_06987,0.00036008
test_06988,0.00018818
test_06989,0.00998933
test_06990,0.99959033
test_06991,0.98963450
test_06992,0.04072333
test_06993,0.00025344
test_06994,0.00677604
test_06995,0.00065587
test_06996,0.01191023
test_06997,0.99304454
test_06998,0.00012367
test_06999,0.99153291
test_07000,0.01381350
test_07001,0.95381967
test_07002,0.99846575
test_07003,0.81986979
test_07004,0.96527997
test_07005,0.99387101
test_07006,0.00005003
test_07007,0.00006408
test_07008,0.00000697
test_07009,0.99999419
test_07010,0.99910661
test_07011,0.99981748
test_07012,0.99374120
test_07013,0.09793135
test_07014,0.99999997
test_07015,0.99999988
test_07016,0.99871445
test_07017,0.00000005
test_07018,0.99924257
test_07019,0.98188800
test_07020,0.00000805
test_07021,0.99976009
test_07022,0.00000047
test_07023,0.99164623
test_07024,0.01031363
test_07025,0.99999996
test_07026,0.99936091
test_07027,0.00033160
test_07028,0.98481602
test_07029,0.88315638
test_07030,0.49410279
test_07031,0.00021799
test_07032,0.99969299
test_07033,0.99958524
test_07034,0.00000842
test_07035,0.00033224
test_07036,0.00185867
test_07037,0.01523876
test_07038,0.99997091
test_07039,0.00626349
test_07040,0.00001956
test_07041,0.99790364
test_07042,0.99979098
test_07043,0.00104113
test_07044,0.99993366
test_07045,0.00529044
test_07046,0.99868897
test_07047,0.99999984
test_07048,0.00059609
test_07049,0.01964642
test_07050,0.45616945
test_07051,0.01056966
test_07052,0.99429794
test_07053,0.00005168
test_07054,0.99427520
test_07055,0.99999993
test_07056,0.99999900
test_07057,0.00560495
test_07058,0.98353721
test_07059,0.74075477
test_07060,0.99999973
test_07061,0.99999682
test_07062,0.00139353
test_07063,0.00017254
test_07064,0.00000058
test_07065,0.05452861
test_07066,0.19474877
test_07067,0.99999994
test_07068,0.99854809
test_07069,0.99992783
test_07070,0.00021843
test_07071,0.00000009
test_07072,0.99996083
test_07073,0.99191144
test_07074,0.99999733
test_07075,0.99931098
test_07076,0.99999932
test_07077,0.05841751
test_07078,0.99999988
test_07079,0.99999994
test_07080,0.01776788
test_07081,0.01317661
test_07082,0.99908463
test_07083,0.00275571
test_07084,0.00573220
test_07085,0.00623904
test_07086,0.99975160
test_07087,0.00037077
test_07088,0.99231171
test_07089,0.00216416
test_07090,0.99997501
test_07091,0.00000016
test_07092,0.99756130
test_07093,0.97402017
test_07094,0.99936448
test_07095,0.00000066
test_07096,0.99999695
test_07097,0.00001339
test_07098,0.00083703
test_07099,0.00001017
test_07100,0.99994682
test_07101,0.99999897
test_07102,0.99983713
test_07103,0.99999993
test_07104,0.99471333
test_07105,0.00000007
test_07106,0.98990889
test_07107,0.00000079
test_07108,0.91233559
test_07109,0.13423786
test_07110,0.97444508
test_07111,0.05083781
test_07112,0.99882096
test_07113,0.00024969
test_07114,0.99088390
test_07115,0.88837448
test_07116,0.70547477
test_07117,0.00000022
test_07118,0.00256869
test_07119,0.00216634
test_07120,0.00000435
test_07121,0.00090998
test_07122,0.99999182
test_07123,0.07576752
test_07124,0.99999927
test_07125,0.99999991
test_07126,0.99999953
test_07127,0.99992724
test_07128,0.00000021
test_07129,0.00000011
test_07130,0.99998842
test_07131,0.99987781
test_07132,0.00000011
test_07133,0.00306384
test_07134,0.39782603
test_07135,0.00001558
test_07136,0.99955219
test_07137,0.99998459
test_07138,0.00000070
test_07139,0.00010578
test_07140,0.00029752
test_07141,0.04617077
test_07142,0.00559700
test_07143,0.00000361
test_07144,0.00000097
test_07145,0.00004358
test_07146,0.99999988
test_07147,0.04239211
test_07148,0.99999958
test_07149,0.00001061
test_07150,0.27609076
test_07151,0.03823571
test_07152,0.99859009
test_07153,0.98281840
test_07154,0.94901243
test_07155,0.00000019
test_07156,0.00000755
test_07157,0.99999935
test_07158,0.99999942
test_07159,0.00000108
test_07160,0.00138015
test_07161,0.00000006
test_07162,0.96542534
test_07163,0.97815726
test_07164,0.99364343
test_07165,0.53447601
test_07166,0.99967227
test_07167,0.00000040
test_07168,0.99999862
test_07169,0.00046395
test_07170,0.99999986
test_07171,0.99998437
test_07172,0.99999891
test_07173,0.99999773
test_07174,0.99760788
test_07175,0.99958437
test_07176,0.00327568
test_07177,0.00000044
test_07178,0.99998728
test_07179,0.00839452
test_07180,0.00000153
test_07181,0.09914265
test_07182,0.00065544
test_07183,0.00116727
test_07184,0.00000006
test_07185,0.99992338
test_07186,0.98972213
test_07187,0.00004710
test_07188,0.86163985
test_07189,0.00000012
test_07190,0.96902945
test_07191,0.00017258
test_07192,0.00000365
test_07193,0.00008587
test_07194,0.96457949
test_07195,0.94897175
test_07196,0.99999699
test_07197,0.00000536
test_07198,0.00000370
test_07199,0.00000004
test_07200,0.99999996
test_07201,0.01534319
test_07202,0.00042321
test_07203,0.99904195
test_07204,0.83941264
test_07205,0.00001149
test_07206,0.21292433
test_07207,0.99656098
test_07208,0.00000050
test_07209,0.34810037
test_07210,0.00000013
test_07211,0.00000724
test_07212,0.82977904
test_07213,0.02838230
test_07214,0.99798508
test_07215,0.94583954
test_07216,0.02005871
test_07217,0.00000005
test_07218,0.00283801
test_07219,0.99999980
test_07220,0.00111509
test_07221,0.99777321
test_07222,0.00008032
test_07223,0.00000232
test_07224,0.99480556
test_07225,0.00746651
test_07226,0.97376372
test_07227,0.99999995
test_07228,0.01168227
test_07229,0.00009582
test_07230,0.03493035
test_07231,0.00001545
test_07232,0.43556376
test_07233,0.99662936
test_07234,0.99999821
test_07235,0.98407205
test_07236,0.00029019
test_07237,0.99999995
test_07238,0.00036131
test_07239,0.84669883
test_07240,0.01402850
test_07241,0.00034151
test_07242,0.00044762
test_07243,0.01748538
test_07244,0.99999784
test_07245,0.06374301
test_07246,0.11614059
test_07247,0.98358600
test_07248,0.99986128
test_07249,0.00001094
test_07250,0.00000082
test_07251,0.00865648
test_07252,0.97717115
test_07253,0.00000282
test_07254,0.00161746
test_07255,0.56217878
test_07256,0.00030389
test_07257,0.98548622
test_07258,0.01945065
test_07259,0.98243514
test_07260,0.99717411
test_07261,0.00163634
test_07262,0.00000078
test_07263,0.99999994
test_07264,0.00085825
test_07265,0.99223393
test_07266,0.00000071
test_07267,0.05792055
test_07268,0.99863135
test_07269,0.99998599
test_07270,0.90832643
test_07271,0.99949437
test_07272,0.04879778
test_07273,0.98279575
test_07274,0.93120638
test_07275,0.00200256
test_07276,0.00343166
test_07277,0.99649524
test_07278,0.99673235
test_07279,0.00040525
test_07280,0.00000002
test_07281,0.00000021
test_07282,0.95553450
test_07283,0.00520633
test_07284,0.21119579
test_07285,0.99999956
test_07286,0.01546991
test_07287,0.99489851
test_07288,0.00001454
test_07289,0.00001739
test_07290,0.00006071
test_07291,0.99786978
test_07292,0.00394268
test_07293,0.00000115
test_07294,0.99999200
test_07295,0.75708973
test_07296,0.54733718
test_07297,0.99999961
test_07298,0.00140231
test_07299,0.79165623
test_07300,0.01186234
test_07301,0.99971803
test_07302,0.00007591
test_07303,0.99999995
test_07304,0.05807874
test_07305,0.01105473
test_07306,0.07128101
test_07307,0.00000112
test_07308,0.00000132
test_07309,0.00080221
test_07310,0.03419069
test_07311,0.01218260
test_07312,0.99046239
test_07313,0.00068523
test_07314,0.98417315
test_07315,0.11054709
test_07316,0.59675973
test_07317,0.99674302
test_07318,0.00518048
test_07319,0.99630332
test_07320,0.99999980
test_07321,0.14700264
test_07322,0.11639382
test_07323,0.00041170
test_07324,0.48189162
test_07325,0.67805498
test_07326,0.94500682
test_07327,0.99999895
test_07328,0.99999988
test_07329,0.00043507
test_07330,0.00196933
test_07331,0.00003329
test_07332,0.00000325
test_07333,0.06128456
test_07334,0.94596117
test_07335,0.79164516
test_07336,0.00602005
test_07337,0.65662207
test_07338,0.99897503
test_07339,0.00000134
test_07340,0.99976030
test_07341,0.00932488
test_07342,0.01659331
test_07343,0.99999652
test_07344,0.95755163
test_07345,0.00000032
test_07346,0.00137684
test_07347,0.00000031
test_07348,0.94966082
test_07349,0.00590281
test_07350,0.99999972
test_07351,0.00035685
test_07352,0.98955828
test_07353,0.99999016
test_07354,0.97632998
test_07355,0.99997691
test_07356,0.99992478
test_07357,0.99747299
test_07358,0.99952586
test_07359,0.00049533
test_07360,0.99999496
test_07361,0.97298892
test_07362,0.00045441
test_07363,0.99999962
test_07364,0.00959218
test_07365,0.96497436
test_07366,0.99999968
test_07367,0.99999827
test_07368,0.00421751
test_07369,0.02714134
test_07370,0.99999944
test_07371,0.00517473
test_07372,0.00055080
test_07373,0.99999977
test_07374,0.00952048
test_07375,0.24518677
test_07376,0.55945640
test_07377,0.00200268
test_07378,0.99948208
test_07379,0.01067185
test_07380,0.00000782
test_07381,0.00265580
test_07382,0.88339358
test_07383,0.98650131
test_07384,0.99294009
test_07385,0.00083864
test_07386,0.00032464
test_07387,0.00000046
test_07388,0.99514258
test_07389,0.00331728
test_07390,0.00030459
test_07391,0.99999994
test_07392,0.97179442
test_07393,0.99940287
test_07394,0.98337143
test_07395,0.99999996
test_07396,0.00011788
test_07397,0.99999845
test_07398,0.99980392
test_07399,0.99886081
test_07400,0.99998905
test_07401,0.00081406
test_07402,0.99942511
test_07403,0.00010695
test_07404,0.00000067
test_07405,1.00000000
test_07406,0.00006953
test_07407,0.00000003
test_07408,0.03351186
test_07409,0.99848471
test_07410,0.99999037
test_07411,0.00000430
test_07412,0.00000017
test_07413,0.99993139
test_07414,0.00000010
test_07415,0.95960614
test_07416,0.00000645
test_07417,0.02127884
test_07418,0.99977828
test_07419,0.00007968
test_07420,0.00000012
test_07421,0.00004785
test_07422,0.99957022
test_07423,0.99999930
test_07424,0.00144229
test_07425,0.00271815
test_07426,0.20982498
test_07427,0.07219897
test_07428,0.00630978
test_07429,0.17321593
test_07430,0.00000237
test_07431,0.99999620
test_07432,0.00000016
test_07433,0.00203907
test_07434,0.00021665
test_07435,0.00000053
test_07436,0.00001092
test_07437,0.99999733
test_07438,0.99446681
test_07439,0.02279944
test_07440,0.00000064
test_07441,0.00872412
test_07442,0.00000077
test_07443,0.99998970
test_07444,0.00002519
test_07445,0.00166241
test_07446,0.00000011
test_07447,0.00010818
test_07448,0.00000218
test_07449,0.99999944
test_07450,0.99973884
test_07451,0.98100771
test_07452,0.00084561
test_07453,0.00000637
test_07454,0.99896222
test_07455,0.08735050
test_07456,0.99790154
test_07457,0.99847514
test_07458,0.99999989
test_07459,0.99984431
test_07460,0.00000111
test_07461,0.99885192
test_07462,0.95738730
test_07463,0.00000185
test_07464,0.02252168
test_07465,0.98525403
test_07466,0.03765599
test_07467,0.99986929
test_07468,0.99999988
test_07469,0.12593899
test_07470,0.99999999
test_07471,0.59390799
test_07472,0.94771025
test_07473,0.00000005
test_07474,0.00064170
test_07475,0.94340137
test_07476,0.03227627
test_07477,0.00014491
test_07478,0.99999952
test_07479,0.99876104
test_07480,0.00063243
test_07481,0.01446626
test_07482,0.38999399
test_07483,0.91363175
test_07484,0.11249292
test_07485,0.99998823
test_07486,0.99999967
test_07487,0.00000046
test_07488,0.00000078
test_07489,0.99987241
test_07490,0.33362839
test_07491,0.00365167
test_07492,0.00000204
test_07493,0.97525544
test_07494,0.99864723
test_07495,0.99999982
test_07496,0.00000012
test_07497,0.00000544
test_07498,0.54500591
test_07499,0.00000009
test_07500,0.00000759
test_07501,0.00000009
test_07502,0.99993491
test_07503,0.01342058
test_07504,0.00000368
test_07505,0.98410366
test_07506,0.99999182
test_07507,0.00000812
test_07508,0.00000058
test_07509,0.96819841
test_07510,0.90160567
test_07511,0.96256063
test_07512,0.00063004
test_07513,0.99999784
test_07514,0.99896019
test_07515,0.99976393
test_07516,0.99985046
test_07517,0.99999997
test_07518,0.00000062
test_07519,0.01121661
test_07520,0.00012498
test_07521,0.02006537
test_07522,0.99999996
test_07523,0.00459611
test_07524,0.92888666
test_07525,0.76003879
test_07526,0.00000033
test_07527,0.55585095
test_07528,0.99999989
test_07529,0.00000011
test_07530,0.99973351
test_07531,0.97889765
test_07532,0.99251181
test_07533,0.01716371
test_07534,0.17448321
test_07535,0.30354706
test_07536,0.03861319
test_07537,0.00596292
test_07538,0.06194975
test_07539,0.99999902
test_07540,0.00237343
test_07541,0.99999853
test_07542,0.99193708
test_07543,0.00429009
test_07544,0.99934635
test_07545,0.09657578
test_07546,0.99295332
test_07547,0.99956234
test_07548,0.00497400
test_07549,0.99999010
test_07550,0.99945884
test_07551,0.99999983
test_07552,0.00029200
test_07553,0.99975041
test_07554,0.99999994
test_07555,0.00004738
test_07556,0.00000023
test_07557,0.99999924
test_07558,0.99997329
test_07559,0.99368141
test_07560,0.54490009
test_07561,0.00000002
test_07562,0.48933387
test_07563,0.99999944
test_07564,0.99999944
test_07565,0.00002335
test_07566,0.09340881
test_07567,0.00096023
test_07568,0.00379922
test_07569,0.97616312
test_07570,0.95232983
test_07571,0.00000406
test_07572,0.99999921
test_07573,0.99997242
test_07574,0.99992502
test_07575,0.00000025
test_07576,0.00609920
test_07577,0.00033351
test_07578,0.00000051
test_07579,0.00000043
test_07580,0.99999535
test_07581,0.00000025
test_07582,0.00000072
test_07583,0.99999926
test_07584,0.99998968
test_07585,0.84464119
test_07586,0.99999998
test_07587,0.03295554
test_07588,0.99621208
test_07589,0.96703223
test_07590,0.00719685
test_07591,0.99992856
test_07592,0.00001714
test_07593,0.99870795
test_07594,0.51746495
test_07595,0.00000597
test_07596,0.00307770
test_07597,0.97570504
test_07598,0.90570783
test_07599,0.99876987
test_07600,0.00000145
test_07601,0.00000081
test_07602,0.00000023
test_07603,0.99999996
test_07604,0.00138217
test_07605,0.00026317
test_07606,0.00000002
test_07607,0.00015588
test_07608,0.13064097
test_07609,0.99999980
test_07610,0.00000038
test_07611,0.00000022
test_07612,0.00000004
test_07613,0.00908414
test_07614,0.99938480
test_07615,0.99999957
test_07616,0.99434789
test_07617,0.75083165
test_07618,0.99987484
test_07619,0.00000032
test_07620,0.69488982
test_07621,0.00000039
test_07622,0.00341503
test_07623,0.99999985
test_07624,0.00002957
test_07625,0.00000140
test_07626,0.99999985
test_07627,0.96341460
test_07628,0.99999949
test_07629,0.00502077
test_07630,0.99925122
test_07631,0.00007151
test_07632,0.00998608
test_07633,0.01162656
test_07634,0.99999989
test_07635,0.99985023
test_07636,0.00000048
test_07637,0.99278018
test_07638,0.99999587
test_07639,0.00320337
test_07640,0.00257133
test_07641,0.99386685
test_07642,0.00112071
test_07643,0.99996475
test_07644,0.99938112
test_07645,0.00011211
test_07646,0.91511354
test_07647,0.99999994
test_07648,0.00000049
test_07649,0.99999311
test_07650,0.99997892
test_07651,0.39308872
test_07652,0.99992403
test_07653,0.99988786
test_07654,0.99991317
test_07655,0.00787669
test_07656,0.00000707
test_07657,0.99999986
test_07658,0.00052037
test_07659,0.99984644
test_07660,0.60819571
test_07661,0.99999987
test_07662,0.02287933
test_07663,0.00075994
test_07664,0.00000041
test_07665,0.00000009
test_07666,0.99989427
test_07667,0.00641287
test_07668,0.00024095
test_07669,0.99999582
test_07670,0.00181562
test_07671,0.00201643
test_07672,0.00004080
test_07673,0.00000007
test_07674,0.95110573
test_07675,0.00000025
test_07676,0.00211006
test_07677,0.01432757
test_07678,0.01137605
test_07679,0.00064281
test_07680,0.99805904
test_07681,0.00000216
test_07682,0.00001257
test_07683,0.99999990
test_07684,0.98264018
test_07685,0.02039588
test_07686,0.00000161
test_07687,0.65285036
test_07688,0.08484420
test_07689,0.99957874
test_07690,0.99980325
test_07691,0.00000019
test_07692,0.99999970
test_07693,0.99999980
test_07694,0.00000068
test_07695,0.02019463
test_07696,0.00923759
test_07697,0.99984028
test_07698,0.99942470
test_07699,0.00000025
test_07700,0.98708117
test_07701,0.01471331
test_07702,0.00497794
test_07703,0.99999993
test_07704,0.99998311
test_07705,0.00000218
test_07706,0.99532171
test_07707,0.12066019
test_07708,0.99999998
test_07709,0.95043721
test_07710,0.99997959
test_07711,0.99972607
test_07712,0.00044197
test_07713,0.00000061
test_07714,0.00000015
test_07715,0.99956810
test_07716,0.99853661
test_07717,0.00000067
test_07718,0.00463032
test_07719,0.00002238
test_07720,0.00000213
test_07721,0.00308770
test_07722,0.00046374
test_07723,0.00039591
test_07724,0.99999983
test_07725,0.99955023
test_07726,0.63252158
test_07727,0.00000638
test_07728,0.07274110
test_07729,0.99984354
test_07730,0.00016732
test_07731,0.00000007
test_07732,0.99937859
test_07733,0.99999991
test_07734,0.00642357
test_07735,0.00067271
test_07736,0.00000541
test_07737,0.99958871
test_07738,0.00001404
test_07739,0.00017822
test_07740,0.01133929
test_07741,0.00178885
test_07742,0.53364963
test_07743,0.99999715
test_07744,0.00070441
test_07745,0.62986726
test_07746,0.35794903
test_07747,0.08320701
test_07748,0.00358989
test_07749,0.99962629
test_07750,0.99999995
test_07751,0.04052891
test_07752,0.00000008
test_07753,0.88831941
test_07754,0.08366320
test_07755,0.00859600
test_07756,0.99713174
test_07757,0.00000029
test_07758,0.00000221
test_07759,0.90648945
test_07760,0.01600948
test_07761,0.98796701
test_07762,0.98646676
test_07763,0.99891693
test_07764,0.99566958
test_07765,0.01710577
test_07766,0.99999969
test_07767,0.00007880
test_07768,0.08949232
test_07769,0.00091876
test_07770,0.00079310
test_07771,0.99999772
test_07772,0.99999997
test_07773,0.99995222
test_07774,0.00000051
test_07775,0.00129303
test_07776,0.31536531
test_07777,0.99999998
test_07778,0.96456226
test_07779,0.99977415
test_07780,0.97480975
test_07781,0.00000125
test_07782,0.02914540
test_07783,0.00005218
test_07784,0.00277982
test_07785,0.00945632
test_07786,0.29395801
test_07787,0.93033064
test_07788,0.99999998
test_07789,0.99999777
test_07790,0.00003077
test_07791,0.00248532
test_07792,0.01086339
test_07793,0.00000002
test_07794,0.00333010
test_07795,0.81377085
test_07796,0.00370288
test_07797,0.00280547
test_07798,0.99910080
test_07799,0.97558586
test_07800,0.99993433
test_07801,0.00000005
test_07802,0.68734988
test_07803,0.99997769
test_07804,0.99999980
test_07805,0.00060578
test_07806,0.00000162
test_07807,0.00189124
test_07808,0.00000061
test_07809,0.00001086
test_07810,0.00290520
test_07811,0.99601303
test_07812,0.06745707
test_07813,0.99962287
test_07814,0.09820639
test_07815,0.00000011
test_07816,0.00019134
test_07817,0.98373860
test_07818,0.00000015
test_07819,0.99780397
test_07820,0.00000470
test_07821,0.99909427
test_07822,0.00004954
test_07823,0.00000021
test_07824,0.99066637
test_07825,0.99996724
test_07826,0.00151567
test_07827,0.93258006
test_07828,0.01427070
test_07829,0.99976715
test_07830,0.00340798
test_07831,0.99999979
test_07832,0.99914895
test_07833,0.88763652
test_07834,0.99576008
test_07835,0.99999718
test_07836,0.03856021
test_07837,0.00000013
test_07838,0.99982648
test_07839,0.99956724
test_07840,0.99644286
test_07841,0.00000087
test_07842,0.01915381
test_07843,0.00000021
test_07844,0.99544884
test_07845,0.99999970
test_07846,0.00482497
test_07847,0.99999751
test_07848,0.01512653
test_07849,0.99999036
test_07850,0.99999998
test_07851,0.00803136
test_07852,0.98510942
test_07853,0.00000069
test_07854,0.99866505
test_07855,0.01261867
test_07856,0.01405406
test_07857,0.03087412
test_07858,0.00000078
test_07859,0.99999827
test_07860,0.00002615
test_07861,0.00000056
test_07862,0.00000001
test_07863,0.08328252
test_07864,0.02494712
test_07865,0.97915287
test_07866,0.99995564
test_07867,0.00000002
test_07868,0.99973684
test_07869,0.99725826
test_07870,0.07847939
test_07871,0.99961607
test_07872,0.06181507
test_07873,0.00000093
test_07874,0.00000293
test_07875,0.00000003
test_07876,0.00004596
test_07877,0.00000117
test_07878,0.00346459
test_07879,0.00000024
test_07880,0.98900396
test_07881,0.99043705
test_07882,0.99523741
test_07883,0.98586801
test_07884,0.79391791
test_07885,0.99988098
test_07886,0.00000183
test_07887,0.99999992
test_07888,0.00339767
test_07889,0.99999992
test_07890,0.94638826
test_07891,0.99234610
test_07892,0.03144969
test_07893,0.99998080
test_07894,0.00000274
test_07895,0.01907356
test_07896,0.99786019
test_07897,0.00000571
test_07898,0.99991616
test_07899,0.99999996
test_07900,0.99999998
test_07901,0.99990031
test_07902,0.00000006
test_07903,0.01854628
test_07904,0.00000012
test_07905,0.12314858
test_07906,0.00403499
test_07907,0.21893498
test_07908,0.00049496
test_07909,0.99255796
test_07910,0.99589808
test_07911,0.99928961
test_07912,0.00047463
test_07913,0.00004388
test_07914,0.00000000
test_07915,0.00004499
test_07916,0.96729968
test_07917,0.00005177
test_07918,0.00013874
test_07919,0.00003829
test_07920,0.00000074
test_07921,0.99980001
test_07922,0.17015826
test_07923,0.99936132
test_07924,0.00170510
test_07925,0.00000016
test_07926,0.00481629
test_07927,0.99925583
test_07928,0.00004291
test_07929,0.00000003
test_07930,0.00426510
test_07931,0.00651566
test_07932,0.99185604
test_07933,0.99897084
test_07934,0.00071798
test_07935,0.16046744
test_07936,0.00001240
test_07937,0.08503815
test_07938,0.99608353
test_07939,0.01242342
test_07940,0.00335678
test_07941,0.40111972
test_07942,0.00000004
test_07943,0.99824746
test_07944,0.00819536
test_07945,0.00077626
test_07946,0.00000013
test_07947,0.99939636
test_07948,0.10139701
test_07949,0.99999893
test_07950,0.99971594
test_07951,0.00020241
test_07952,0.08173103
test_07953,0.00000069
test_07954,0.00234569
test_07955,0.00000005
test_07956,0.00189850
test_07957,0.14820016
test_07958,0.03001407
test_07959,0.99999701
test_07960,0.00070470
test_07961,0.99989718
test_07962,0.00000243
test_07963,0.98151425
test_07964,0.00000002
test_07965,0.00000056
test_07966,0.92201479
test_07967,0.99023685
test_07968,0.00031291
test_07969,0.00324975
test_07970,0.00002700
test_07971,0.00000095
test_07972,0.99288035
test_07973,0.00004511
test_07974,0.99801534
test_07975,0.00589122
test_07976,0.19508291
test_07977,0.00143500
test_07978,0.99944239
test_07979,0.00244826
test_07980,0.27582384
test_07981,0.00832664
test_07982,0.00019507
test_07983,0.00000124
test_07984,0.99171502
test_07985,0.99999938
test_07986,0.06432639
test_07987,0.00000002
test_07988,0.00085989
test_07989,0.00012810
test_07990,0.56605582
test_07991,0.99942763
test_07992,0.00102652
test_07993,0.99999989
test_07994,0.77230878
test_07995,0.99999699
test_07996,0.99963261
test_07997,0.99878381
test_07998,0.98576095
test_07999,0.99977088
test_08000,0.04984702
test_08001,0.00012980
test_08002,0.00269985
test_08003,0.99998844
test_08004,0.00291374
test_08005,0.99960501
test_08006,0.98162095
test_08007,0.00000114
test_08008,0.97600447
test_08009,0.00119191
test_08010,0.99629005
test_08011,0.99900634
test_08012,0.99999909
test_08013,0.00248345
test_08014,0.00951640
test_08015,0.00015492
test_08016,0.99734899
test_08017,0.02477407
test_08018,0.99999995
test_08019,0.99999935
test_08020,0.99992795
test_08021,0.45628096
test_08022,0.00556578
test_08023,0.00023923
test_08024,0.00640499
test_08025,0.76695228
test_08026,0.99999951
test_08027,0.99966532
test_08028,0.00000824
test_08029,0.99705816
test_08030,0.01579581
test_08031,0.00286064
test_08032,0.99966477
test_08033,0.00000437
test_08034,0.99999990
test_08035,0.00008681
test_08036,0.99611053
test_08037,0.00005646
test_08038,0.92842047
test_08039,0.99129689
test_08040,0.99293705
test_08041,0.99998623
test_08042,0.99524596
test_08043,0.00173106
test_08044,0.00314953
test_08045,0.02538176
test_08046,0.00627729
test_08047,0.00000082
test_08048,0.24823207
test_08049,0.99998702
test_08050,0.00013046
test_08051,0.00138145
test_08052,0.99743475
test_08053,0.66863533
test_08054,0.00808052
test_08055,0.99999986
test_08056,0.99954819
test_08057,0.01144531
test_08058,0.00864536
test_08059,0.00160961
test_08060,0.99999845
test_08061,0.01491949
test_08062,0.99926837
test_08063,0.19691903
test_08064,0.00011201
test_08065,0.99999991
test_08066,0.04749212
test_08067,0.99988353
test_08068,0.53772992
test_08069,0.83658480
test_08070,0.00035228
test_08071,0.99792431
test_08072,0.00506226
test_08073,0.99992361
test_08074,0.06749135
test_08075,0.82031425
test_08076,0.00203427
test_08077,0.00003098
test_08078,0.98962142
test_08079,0.00000080
test_08080,0.99934527
test_08081,0.00495975
test_08082,0.00022511
test_08083,0.99999918
test_08084,0.02445512
test_08085,0.00150281
test_08086,0.00205679
test_08087,0.99847898
test_08088,0.99721231
test_08089,0.01257736
test_08090,0.01900493
test_08091,0.99998956
test_08092,0.98251242
test_08093,0.22504825
test_08094,0.00043665
test_08095,0.99807800
test_08096,0.00113813
test_08097,0.99999416
test_08098,0.00000041
test_08099,0.00094396
test_08100,0.99999966
test_08101,0.00000308
test_08102,0.00000008
test_08103,0.99997506
test_08104,0.00000030
test_08105,0.99999991
test_08106,0.99989030
test_08107,0.80843398
test_08108,0.00000006
test_08109,0.99996352
test_08110,0.99999976
test_08111,0.00000020
test_08112,0.99999999
test_08113,0.00375687
test_08114,0.00001160
test_08115,0.00000018
test_08116,0.99987426
test_08117,0.00000612
test_08118,0.00252907
test_08119,0.09549529
test_08120,0.00090979
test_08121,0.00000347
test_08122,0.99926026
test_08123,0.01836247
test_08124,0.95052518
test_08125,0.99888883
test_08126,0.00127981
test_08127,0.00000119
test_08128,0.48449036
test_08129,0.00000448
test_08130,0.00036431
test_08131,0.99999970
test_08132,0.00000133
test_08133,0.00774219
test_08134,0.00280326
test_08135,0.00000090
test_08136,0.99990011
test_08137,0.00051554
test_08138,0.00842715
test_08139,0.99999623
test_08140,0.99901331
test_08141,0.99205872
test_08142,0.99999998
test_08143,0.99998313
test_08144,0.99722649
test_08145,0.00366053
test_08146,0.99303060
test_08147,0.00016805
test_08148,0.00000422
test_08149,0.00000018
test_08150,0.98370004
test_08151,0.99999859
test_08152,0.03247088
test_08153,0.72943117
test_08154,0.00000068
test_08155,0.00000918
test_08156,0.00049722
test_08157,0.00257899
test_08158,0.00000431
test_08159,0.99996044
test_08160,0.99997741
test_08161,0.97883318
test_08162,0.00179028
test_08163,0.99999999
test_08164,0.01092899
test_08165,0.00001771
test_08166,0.00354911
test_08167,0.01342638
test_08168,0.99984956
test_08169,0.98185327
test_08170,0.00008650
test_08171,0.99493305
test_08172,0.93412632
test_08173,0.00022771
test_08174,0.04877641
test_08175,0.99896841
test_08176,0.98048672
test_08177,0.99987040
test_08178,0.99997605
test_08179,0.91180629
test_08180,0.00008790
test_08181,0.01874700
test_08182,0.00212613
test_08183,0.99655380
test_08184,0.99999955
test_08185,0.99111989
test_08186,0.97869785
test_08187,0.93804726
test_08188,0.00626788
test_08189,0.00892661
test_08190,0.00000134
test_08191,0.38382001
test_08192,0.99504402
test_08193,0.99996039
test_08194,0.15110934
test_08195,0.00000054
test_08196,0.01248040
test_08197,0.99999997
test_08198,0.99762959
test_08199,0.00011245
test_08200,0.99953438
test_08201,0.00643587
test_08202,0.99999978
test_08203,0.83904471
test_08204,0.99994488
test_08205,0.99488877
test_08206,0.06841055
test_08207,0.99998509
test_08208,0.65568132
test_08209,0.00052270
test_08210,0.00376294
test_08211,0.00031775
test_08212,0.99982622
test_08213,0.99931709
test_08214,0.00028902
test_08215,0.00000724
test_08216,0.00282868
test_08217,0.99877311
test_08218,0.98615735
test_08219,0.08756925
test_08220,0.00299195
test_08221,0.00001670
test_08222,0.99619338
test_08223,0.00000004
test_08224,0.00001603
test_08225,0.00000047
test_08226,0.99858733
test_08227,0.99999860
test_08228,0.99999951
test_08229,0.00000001
test_08230,0.16274828
test_08231,0.00000100
test_08232,0.00000941
test_08233,0.00000008
test_08234,0.00000006
test_08235,0.01144564
test_08236,0.00007505
test_08237,0.99666341
test_08238,0.99999958
test_08239,0.99999802
test_08240,0.70678838
test_08241,0.99552679
test_08242,0.98422542
test_08243,0.00000008
test_08244,0.94523680
test_08245,0.01215491
test_08246,0.42411594
test_08247,0.00755144
test_08248,0.12325557
test_08249,0.99990803
test_08250,0.29964252
test_08251,0.99999948
test_08252,0.99986208
test_08253,0.00000002
test_08254,0.99416967
test_08255,0.00010391
test_08256,0.00233431
test_08257,0.00000014
test_08258,0.89535654
test_08259,0.99380807
test_08260,0.70693532
test_08261,0.99996646
test_08262,0.99429144
test_08263,0.99829999
test_08264,0.99040515
test_08265,0.97302016
test_08266,0.99782187
test_08267,0.00920625
test_08268,0.00001848
test_08269,0.99970493
test_08270,0.03145731
test_08271,0.95787014
test_08272,0.99201694
test_08273,0.81227619
test_08274,0.97685489
test_08275,0.00000423
test_08276,0.99975229
test_08277,0.00000017
test_08278,0.00366707
test_08279,0.07300032
test_08280,0.00000067
test_08281,0.98953341
test_08282,0.99726506
test_08283,0.99999488
test_08284,0.99178247
test_08285,0.99999605
test_08286,0.00100402
test_08287,0.00394799
test_08288,0.00000699
test_08289,0.00017137
test_08290,0.00000838
test_08291,0.04925888
test_08292,0.00012057
test_08293,0.99978652
test_08294,0.29205770
test_08295,0.99972755
test_08296,0.99999698
test_08297,0.99999985
test_08298,0.00000078
test_08299,0.00000003
test_08300,0.99999976
test_08301,0.94465856
test_08302,0.99999944
test_08303,0.99923856
test_08304,0.98218984
test_08305,0.00755689
test_08306,0.00000049
test_08307,0.98177963
test_08308,0.99828731
test_08309,0.04207943
test_08310,0.99562655
test_08311,0.00972934
test_08312,0.99951931
test_08313,0.99999591
test_08314,0.00000270
test_08315,0.99973898
test_08316,0.99999947
test_08317,0.98684638
test_08318,0.00743658
test_08319,0.99999842
test_08320,0.98143697
test_08321,0.49199565
test_08322,0.99999967
test_08323,0.99998689
test_08324,0.99960110
test_08325,0.99336604
test_08326,0.01547160
test_08327,0.00040000
test_08328,0.00015902
test_08329,0.99999937
test_08330,0.99986941
test_08331,0.98450713
test_08332,0.00035692
test_08333,0.00503088
test_08334,0.99999368
test_08335,0.57060805
test_08336,0.19789524
test_08337,0.99903490
test_08338,0.99973915
test_08339,0.00916434
test_08340,0.00000007
test_08341,0.99898290
test_08342,0.00000646
test_08343,0.97165447
test_08344,0.95511281
test_08345,0.99999997
test_08346,0.00215646
test_08347,0.00067025
test_08348,0.99999996
test_08349,0.00004818
test_08350,0.99999131
test_08351,0.99999986
test_08352,0.00000222
test_08353,0.99926351
test_08354,0.00223987
test_08355,0.99653399
test_08356,0.61300158
test_08357,0.00000109
test_08358,0.98783374
test_08359,0.99920198
test_08360,0.95525801
test_08361,0.98895802
test_08362,0.00000001
test_08363,0.99994486
test_08364,0.00292500
test_08365,0.00234463
test_08366,0.99941378
test_08367,0.99998715
test_08368,0.99940781
test_08369,0.00000227
test_08370,0.99994117
test_08371,0.00000264
test_08372,0.00001705
test_08373,0.99925156
test_08374,0.99999727
test_08375,0.00000031
test_08376,0.99093603
test_08377,0.99481679
test_08378,0.98405144
test_08379,0.99934986
test_08380,0.99907404
test_08381,0.98012001
test_08382,0.99075323
test_08383,0.00119082
test_08384,0.00080387
test_08385,0.00522430
test_08386,0.00007338
test_08387,0.00626228
test_08388,0.00000053
test_08389,0.96865399
test_08390,0.04298100
test_08391,0.00121865
test_08392,0.99751491
test_08393,0.99967560
test_08394,0.00072459
test_08395,0.00611193
test_08396,0.01690724
test_08397,0.00666136
test_08398,0.99958940
test_08399,0.00008182
test_08400,0.01082914
test_08401,0.04648602
test_08402,0.00281169
test_08403,0.01962507
test_08404,0.99509441
test_08405,0.00045446
test_08406,0.00000005
test_08407,0.97479331
test_08408,0.02225623
test_08409,0.00000042
test_08410,0.98813342
test_08411,0.99993155
test_08412,0.99999976
test_08413,0.00129482
test_08414,0.03520961
test_08415,0.00004420
test_08416,0.99999966
test_08417,0.99999665
test_08418,0.99999870
test_08419,0.00250489
test_08420,0.96516403
test_08421,0.00142415
test_08422,0.99023438
test_08423,0.99985192
test_08424,0.00000130
test_08425,0.00505829
test_08426,0.00016439
test_08427,0.99999307
test_08428,0.99975839
test_08429,0.00000273
test_08430,0.98830997
test_08431,0.19214780
test_08432,0.00685111
test_08433,0.02375350
test_08434,0.99303180
test_08435,0.00000203
test_08436,0.99999964
test_08437,0.00000024
test_08438,0.97392604
test_08439,0.00033239
test_08440,0.99997615
test_08441,0.06617801
test_08442,0.10030659
test_08443,0.00000185
test_08444,0.00000110
test_08445,0.99338361
test_08446,0.00000099
test_08447,0.00000015
test_08448,0.17729810
test_08449,0.99392231
test_08450,0.23732123
test_08451,0.00008667
test_08452,0.00962271
test_08453,0.00323710
test_08454,0.00210311
test_08455,0.87480222
test_08456,0.99745290
test_08457,0.99551781
test_08458,0.00059968
test_08459,0.99956955
test_08460,0.99999984
test_08461,0.02420170
test_08462,0.00031869
test_08463,0.99907060
test_08464,0.00253033
test_08465,1.00000000
test_08466,0.03423467
test_08467,0.00000186
test_08468,0.99999946
test_08469,0.00032048
test_08470,0.00000007
test_08471,0.00638945
test_08472,0.99993518
test_08473,0.00000005
test_08474,0.99994673
test_08475,0.00176714
test_08476,0.96739721
test_08477,0.99993373
test_08478,0.99930192
test_08479,0.00046474
test_08480,0.02729861
test_08481,0.00001267
test_08482,0.99999282
test_08483,0.00000036
test_08484,0.99738692
test_08485,0.09554315
test_08486,0.65629742
test_08487,0.23674505
test_08488,0.00676838
test_08489,0.00457232
test_08490,0.98309794
test_08491,0.99999803
test_08492,0.99994741
test_08493,0.79062828
test_08494,0.06837343
test_08495,0.02837793
test_08496,0.02386414
test_08497,0.97838300
test_08498,0.00001333
test_08499,0.66347491
test_08500,0.99836672
test_08501,0.00000290
test_08502,0.99994935
test_08503,0.00131585
test_08504,0.99996142
test_08505,0.00000467
test_08506,0.46006615
test_08507,0.00042802
test_08508,0.99998638
test_08509,0.98618165
test_08510,0.99805713
test_08511,0.37768937
test_08512,0.97531149
test_08513,0.99999235
test_08514,0.00000061
test_08515,0.99852363
test_08516,0.99999994
test_08517,0.99975438
test_08518,0.98959181
test_08519,0.99980880
test_08520,0.04391837
test_08521,0.00010148
test_08522,0.00058163
test_08523,0.00000051
test_08524,0.01183251
test_08525,0.99999966
test_08526,0.00379013
test_08527,0.00041386
test_08528,0.00001149
test_08529,0.98558973
test_08530,0.00000002
test_08531,0.19726607
test_08532,0.99604257
test_08533,0.81810649
test_08534,0.00060957
test_08535,0.99908492
test_08536,0.00412063
test_08537,0.99916564
test_08538,0.97912959
test_08539,0.85690915
test_08540,0.99999897
test_08541,0.00005039
test_08542,0.97463128
test_08543,0.00280634
test_08544,0.99530378
test_08545,0.98893706
test_08546,0.81861964
test_08547,0.99999964
test_08548,0.01812026
test_08549,0.01075465
test_08550,0.95834967
test_08551,0.99998440
test_08552,0.95603737
test_08553,0.99961322
test_08554,0.00096441
test_08555,0.99960568
test_08556,0.00007113
test_08557,0.00168450
test_08558,0.00038540
test_08559,0.99764354
test_08560,0.06708818
test_08561,0.99999934
test_08562,0.96337950
test_08563,0.00004655
test_08564,0.00088170
test_08565,0.99999994
test_08566,0.99894027
test_08567,0.10259838
test_08568,0.99836962
test_08569,0.02404289
test_08570,0.00449526
test_08571,0.00101259
test_08572,0.99999889
test_08573,0.99974383
test_08574,0.00217412
test_08575,0.98070251
test_08576,0.21224386
test_08577,0.99922691
test_08578,0.00016465
test_08579,0.99751852
test_08580,0.98724705
test_08581,0.99999796
test_08582,0.02754993
test_08583,0.00024153
test_08584,0.00002033
test_08585,0.00113507
test_08586,0.99737549
test_08587,0.00141815
test_08588,0.99673609
test_08589,0.38317803
test_08590,0.95808024
test_08591,0.00065077
test_08592,0.99170013
test_08593,0.00000159
test_08594,0.00119082
test_08595,0.97585685
test_08596,0.99664637
test_08597,0.92223534
test_08598,0.90333277
test_08599,0.24761044
test_08600,0.97346937
test_08601,0.99999983
test_08602,0.99842032
test_08603,0.93143707
test_08604,0.99999961
test_08605,0.00593714
test_08606,0.99882607
test_08607,0.99998029
test_08608,0.85240486
test_08609,0.00667696
test_08610,0.90187645
test_08611,0.00127041
test_08612,0.99999873
test_08613,0.19800247
test_08614,0.99974110
test_08615,0.05821096
test_08616,0.99964921
test_08617,0.00000112
test_08618,0.00017981
test_08619,0.99991880
test_08620,0.99616237
test_08621,0.99999990
test_08622,0.99991697
test_08623,0.00000037
test_08624,0.46471295
test_08625,0.99926411
test_08626,0.04954474
test_08627,0.01345958
test_08628,0.99912345
test_08629,0.00328631
test_08630,0.99827258
test_08631,0.05642786
test_08632,0.00006420
test_08633,0.99836637
test_08634,0.98864498
test_08635,0.42747631
test_08636,0.00001466
test_08637,0.97867774
test_08638,0.99481804
test_08639,0.00346464
test_08640,0.00256631
test_08641,0.00000448
test_08642,0.99999688
test_08643,0.00000137
test_08644,0.99960148
test_08645,0.00090506
test_08646,0.00000046
test_08647,0.00083433
test_08648,0.00000029
test_08649,0.99997105
test_08650,0.99999941
test_08651,0.97713337
test_08652,0.99787952
test_08653,0.99996994
test_08654,0.00000172
test_08655,0.98721277
test_08656,0.00995963
test_08657,0.99369115
test_08658,0.99934330
test_08659,0.00000011
test_08660,0.07088961
test_08661,0.12360184
test_08662,0.00298178
test_08663,0.00000031
test_08664,0.00046353
test_08665,0.00004863
test_08666,0.99999995
test_08667,0.99989511
test_08668,0.99775776
test_08669,0.99717354
test_08670,0.95984978
test_08671,0.59316728
test_08672,0.99296980
test_08673,0.99989796
test_08674,0.99999999
test_08675,0.00000003
test_08676,0.97430367
test_08677,0.98618916
test_08678,0.99566983
test_08679,0.99999989
test_08680,0.99999979
test_08681,0.05482801
test_08682,0.03331374
test_08683,0.84841471
test_08684,0.01008570
test_08685,0.99999943
test_08686,0.99999945
test_08687,0.01230841
test_08688,0.99991636
test_08689,0.99999710
test_08690,0.00000307
test_08691,0.99925236
test_08692,0.99999979
test_08693,0.00000055
test_08694,0.00000163
test_08695,0.99262808
test_08696,0.00527150
test_08697,0.00053547
test_08698,0.96347864
test_08699,0.95859724
test_08700,0.99999324
test_08701,0.99999979
test_08702,0.00000135
test_08703,0.01686914
test_08704,0.00000004
test_08705,0.00097723
test_08706,0.00076662
test_08707,0.98190875
test_08708,0.99762004
test_08709,0.99999013
test_08710,0.00009259
test_08711,0.99863535
test_08712,0.00000595
test_08713,0.99999972
test_08714,0.98718779
test_08715,0.00046834
test_08716,0.99998495
test_08717,0.23727540
test_08718,0.00007505
test_08719,0.99910137
test_08720,0.99985428
test_08721,0.99752585
test_08722,0.99999992
test_08723,0.98874213
test_08724,0.00000006
test_08725,0.95188570
test_08726,0.99999104
test_08727,0.00463813
test_08728,0.00001256
test_08729,0.99992899
test_08730,0.07326345
test_08731,0.99999989
test_08732,0.54221561
test_08733,0.02439365
test_08734,0.99943763
test_08735,0.00000035
test_08736,0.99901205
test_08737,0.00000097
test_08738,0.53937448
test_08739,0.00080500
test_08740,0.00052777
test_08741,0.22642049
test_08742,0.99175897
test_08743,0.00017459
test_08744,0.15352432
test_08745,0.98034602
test_08746,0.03905864
test_08747,0.99998314
test_08748,0.00000004
test_08749,0.02461917
test_08750,0.99345456
test_08751,0.01952868
test_08752,0.09310983
test_08753,0.99183119
test_08754,0.00010925
test_08755,0.99953261
test_08756,0.98553483
test_08757,0.99990533
test_08758,0.00000076
test_08759,0.00002145
test_08760,0.00003614
test_08761,0.06576408
test_08762,0.98880054
test_08763,0.02569932
test_08764,0.97829016
test_08765,0.00000157
test_08766,0.99999977
test_08767,0.00382681
test_08768,0.99970288
test_08769,0.00742509
test_08770,0.99909451
test_08771,0.28543740
test_08772,0.00241752
test_08773,0.00626610
test_08774,0.00000172
test_08775,0.99366825
test_08776,0.99917183
test_08777,0.00053120
test_08778,0.99922742
test_08779,0.92700691
test_08780,0.03760240
test_08781,0.99837500
test_08782,0.00550219
test_08783,0.99998126
test_08784,0.92171433
test_08785,0.24587337
test_08786,0.88075711
test_08787,0.01625441
test_08788,0.27686235
test_08789,0.84974926
test_08790,0.00189527
test_08791,0.00582529
test_08792,0.00179207
test_08793,0.00920780
test_08794,0.00011002
test_08795,0.99999953
test_08796,0.99968133
test_08797,0.92830871
test_08798,0.99264570
test_08799,0.99999846
test_08800,0.99985310
test_08801,0.99817204
test_08802,0.99032277
test_08803,0.99999976
test_08804,0.00001329
test_08805,0.99999730
test_08806,0.99041718
test_08807,0.02379130
test_08808,0.99999653
test_08809,0.99823923
test_08810,0.00000030
test_08811,0.99999997
test_08812,0.00464780
test_08813,0.99946971
test_08814,0.00004740
test_08815,0.00000004
test_08816,0.00023801
test_08817,0.99997671
test_08818,0.01396721
test_08819,0.99795818
test_08820,0.96778590
test_08821,0.00001224
test_08822,0.99999795
test_08823,0.17367615
test_08824,0.00001794
test_08825,0.99999829
test_08826,0.00000089
test_08827,0.99949131
test_08828,0.99566545
test_08829,0.03459070
test_08830,0.99999801
test_08831,0.50955257
test_08832,0.00017094
test_08833,0.99999961
test_08834,0.95153175
test_08835,0.99998126
test_08836,0.32659401
test_08837,0.86301045
test_08838,0.99999092
test_08839,0.99999856
test_08840,0.66871599
test_08841,0.99807765
test_08842,0.00000953
test_08843,0.98545739
test_08844,0.00130546
test_08845,0.00000111
test_08846,0.99974926
test_08847,0.96234726
test_08848,0.00030150
test_08849,0.00044021
test_08850,0.99708924
test_08851,0.00000011
test_08852,0.00083416
test_08853,0.99999857
test_08854,0.98569457
test_08855,0.80159356
test_08856,0.97453267
test_08857,0.98836104
test_08858,0.99795385
test_08859,0.00000024
test_08860,0.99983127
test_08861,0.99999913
test_08862,0.00001189
test_08863,0.00000529
test_08864,0.14328715
test_08865,0.00051020
test_08866,0.99916339
test_08867,0.99999982
test_08868,0.00018949
test_08869,0.88976303
test_08870,0.99999957
test_08871,0.99999975
test_08872,0.00197546
test_08873,0.99909689
test_08874,0.00000092
test_08875,0.99947321
test_08876,0.99999657
test_08877,0.47285457
test_08878,0.99961184
test_08879,0.99628471
test_08880,0.99992263
test_08881,0.99999675
test_08882,0.05048308
test_08883,0.02184753
test_08884,0.99991823
test_08885,0.00744922
test_08886,0.00000003
test_08887,0.00000135
test_08888,0.10358029
test_08889,0.99996294
test_08890,0.12724241
test_08891,0.11400205
test_08892,0.44211272
test_08893,0.10954915
test_08894,0.99999998
test_08895,0.00292613
test_08896,0.99999990
test_08897,0.00008817
test_08898,0.99331123
test_08899,0.00002711
test_08900,0.99647178
test_08901,0.99999913
test_08902,0.99850641
test_08903,0.98752830
test_08904,0.99963027
test_08905,0.99999975
test_08906,0.99999921
test_08907,0.96488139
test_08908,0.99999997
test_08909,0.02500975
test_08910,0.00055103
test_08911,0.99999968
test_08912,0.00253099
test_08913,0.01850538
test_08914,0.00002447
test_08915,0.49171765
test_08916,0.99966934
test_08917,0.99982087
test_08918,0.99999964
test_08919,0.92943442
test_08920,0.00008456
test_08921,0.66637530
test_08922,0.00000250
test_08923,0.96390963
test_08924,0.99999977
test_08925,0.99999848
test_08926,0.00000016
test_08927,0.00000671
test_08928,0.00165197
test_08929,0.99975206
test_08930,0.99987939
test_08931,0.01056194
test_08932,0.43394128
test_08933,0.92454833
test_08934,0.86658426
test_08935,0.99999746
test_08936,0.99998277
test_08937,0.99163407
test_08938,0.99994015
test_08939,0.00000001
test_08940,0.00001721
test_08941,0.00376679
test_08942,0.92130382
test_08943,0.99336657
test_08944,0.99999836
test_08945,0.99999956
test_08946,0.55548270
test_08947,0.99703754
test_08948,0.99743496
test_08949,0.00318316
test_08950,0.00000936
test_08951,0.99999989
test_08952,0.98402824
test_08953,0.97947594
test_08954,0.99856780
test_08955,0.99855291
test_08956,0.99999575
test_08957,0.00035965
test_08958,0.00081866
test_08959,0.00000047
test_08960,0.98821956
test_08961,0.00143930
test_08962,0.00001749
test_08963,0.00046007
test_08964,0.00000241
test_08965,0.00000071
test_08966,0.99897602
test_08967,0.00000009
test_08968,0.98882201
test_08969,0.00011603
test_08970,0.99999993
test_08971,0.00052107
test_08972,0.00052821
test_08973,0.99999847
test_08974,0.02883669
test_08975,0.17065870
test_08976,0.00187500
test_08977,0.99291183
test_08978,0.33609828
test_08979,0.99921480
test_08980,0.99725248
test_08981,0.99981947
test_08982,0.99981759
test_08983,0.99999627
test_08984,0.01751669
test_08985,0.00000057
test_08986,0.98723954
test_08987,0.00000031
test_08988,0.00068990
test_08989,0.99999983
test_08990,0.00000232
test_08991,0.00006923
test_08992,0.00001175
test_08993,0.48872382
test_08994,0.99999784
test_08995,0.00000000
test_08996,0.99999994
test_08997,0.99859826
test_08998,0.99613967
test_08999,0.99999529
test_09000,0.99999971
test_09001,0.98627354
test_09002,0.00210021
test_09003,0.97731013
test_09004,0.00129807
test_09005,0.99999956
test_09006,0.99999923
test_09007,0.96762966
test_09008,0.04224797
test_09009,0.89196786
test_09010,0.99999232
test_09011,0.00000003
test_09012,0.99999878
test_09013,0.99999594
test_09014,0.00033255
test_09015,0.97257247
test_09016,0.99069712
test_09017,0.99999160
test_09018,0.99999971
test_09019,0.99999621
test_09020,0.00029278
test_09021,0.89352947
test_09022,0.99999984
test_09023,0.00000051
test_09024,0.99780289
test_09025,0.99890807
test_09026,0.99999380
test_09027,0.99518735
test_09028,0.18401213
test_09029,0.00000004
test_09030,0.99986071
test_09031,0.00324451
test_09032,0.99578024
test_09033,0.93310366
test_09034,0.00005946
test_09035,0.00000366
test_09036,0.00000011
test_09037,0.00007720
test_09038,0.00000066
test_09039,0.00000157
test_09040,0.98010648
test_09041,0.03647647
test_09042,0.99999916
test_09043,0.00055520
test_09044,0.83582678
test_09045,0.00000084
test_09046,0.99552476
test_09047,0.35227016
test_09048,0.00763297
test_09049,0.99999988
test_09050,0.00299732
test_09051,0.99128638
test_09052,0.99999991
test_09053,0.98471828
test_09054,0.97373454
test_09055,0.00346000
test_09056,0.00052748
test_09057,0.00152766
test_09058,0.99488045
test_09059,0.30856891
test_09060,0.99999988
test_09061,0.00203948
test_09062,0.68492823
test_09063,0.99934354
test_09064,0.00165907
test_09065,0.99635007
test_09066,0.43625123
test_09067,0.99999942
test_09068,0.00000050
test_09069,0.00352740
test_09070,0.00000141
test_09071,0.99797797
test_09072,0.99999982
test_09073,0.99914549
test_09074,0.99981421
test_09075,0.99345518
test_09076,0.00359784
test_09077,0.99999995
test_09078,0.99999115
test_09079,0.99996078
test_09080,0.99101854
test_09081,0.87733392
test_09082,0.00559082
test_09083,0.99999900
test_09084,0.00158453
test_09085,0.99525002
test_09086,0.99997233
test_09087,0.00000380
test_09088,0.00353218
test_09089,0.93714538
test_09090,0.72618857
test_09091,0.00000021
test_09092,0.00000010
test_09093,0.05101022
test_09094,0.99994354
test_09095,0.99849078
test_09096,0.00000091
test_09097,0.00885870
test_09098,0.99999202
test_09099,0.31151315
test_09100,0.99857783
test_09101,0.76339334
test_09102,0.00000004
test_09103,0.01586276
test_09104,0.99998317
test_09105,0.00046072
test_09106,0.99087130
test_09107,0.00021338
test_09108,0.99904644
test_09109,0.00008622
test_09110,0.99852330
test_09111,0.99999521
test_09112,0.99919255
test_09113,0.99896410
test_09114,0.00048265
test_09115,0.00000586
test_09116,0.99989760
test_09117,0.00000823
test_09118,0.99999865
test_09119,0.01851883
test_09120,0.99985154
test_09121,0.99418808
test_09122,0.99999944
test_09123,0.00000028
test_09124,0.99888156
test_09125,0.99999941
test_09126,0.00046458
test_09127,0.99997814
test_09128,0.00000015
test_09129,0.00000040
test_09130,0.00000005
test_09131,0.03783351
test_09132,0.10015879
test_09133,0.00678028
test_09134,0.00489454
test_09135,0.99995672
test_09136,0.99999894
test_09137,0.99999993
test_09138,0.98761671
test_09139,0.00133382
test_09140,0.99956089
test_09141,0.00001055
test_09142,0.00000615
test_09143,0.00467829
test_09144,0.98994079
test_09145,0.99999623
test_09146,0.00083771
test_09147,0.98889657
test_09148,0.00000008
test_09149,0.99910238
test_09150,0.00463401
test_09151,0.02193839
test_09152,0.00625162
test_09153,0.57774888
test_09154,0.99989398
test_09155,0.03248859
test_09156,0.26169265
test_09157,0.00000004
test_09158,0.91014781
test_09159,0.00000778
test_09160,0.99996924
test_09161,0.99999910
test_09162,0.00000037
test_09163,0.99999219
test_09164,0.00000160
test_09165,0.00010713
test_09166,0.99654980
test_09167,0.03852551
test_09168,0.99999999
test_09169,0.99999803
test_09170,0.71984144
test_09171,0.51610913
test_09172,0.95844993
test_09173,0.99963729
test_09174,0.01484995
test_09175,0.00063903
test_09176,0.00000407
test_09177,0.13747864
test_09178,0.99925557
test_09179,0.00000194
test_09180,0.00000109
test_09181,0.01452562
test_09182,0.99999994
test_09183,0.00000019
test_09184,0.00000028
test_09185,0.13383354
test_09186,0.00487072
test_09187,0.99514108
test_09188,0.00128863
test_09189,0.00116913
test_09190,0.99874701
test_09191,0.96125969
test_09192,0.00000030
test_09193,0.99998133
test_09194,0.00775302
test_09195,0.99935782
test_09196,0.99984666
test_09197,0.65745062
test_09198,0.00124290
test_09199,0.99999455
test_09200,0.00000255
test_09201,0.00000261
test_09202,0.00057322
test_09203,0.99999980
test_09204,0.99902377
test_09205,0.94858893
test_09206,0.71313443
test_09207,0.00000477
test_09208,0.26490246
test_09209,0.00000027
test_09210,0.55888132
test_09211,0.99526299
test_09212,0.00000018
test_09213,0.99996284
test_09214,0.98171553
test_09215,0.14781080
test_09216,0.00027812
test_09217,0.96701337
test_09218,0.99998176
test_09219,0.99997704
test_09220,0.99999827
test_09221,0.99425592
test_09222,0.00267250
test_09223,0.54175274
test_09224,0.99195164
test_09225,0.99669592
test_09226,0.99456196
test_09227,0.00000035
test_09228,0.00000009
test_09229,0.01624828
test_09230,0.80302048
test_09231,0.99949975
test_09232,0.00922675
test_09233,0.00508319
test_09234,0.99999320
test_09235,0.00000988
test_09236,0.00000207
test_09237,0.99997253
test_09238,0.99999990
test_09239,0.42849603
test_09240,0.00423725
test_09241,0.00928526
test_09242,0.98193147
test_09243,0.00000014
test_09244,0.16436231
test_09245,0.99940801
test_09246,0.99397969
test_09247,0.00123803
test_09248,0.96668549
test_09249,0.99187670
test_09250,0.00000589
test_09251,0.00191862
test_09252,0.00000035
test_09253,0.99999997
test_09254,0.62596649
test_09255,0.80750552
test_09256,0.99944973
test_09257,0.00002445
test_09258,0.01404537
test_09259,0.99468705
test_09260,0.00000058
test_09261,0.00318850
test_09262,0.89064052
test_09263,0.05442713
test_09264,0.04304166
test_09265,0.11477352
test_09266,0.99998671
test_09267,0.99887053
test_09268,0.99757656
test_09269,0.00023851
test_09270,0.00021400
test_09271,0.99885115
test_09272,0.99742903
test_09273,0.99784074
test_09274,0.01459244
test_09275,0.00000322
test_09276,0.09677023
test_09277,0.99995422
test_09278,0.00000553
test_09279,0.00005766
test_09280,0.00081897
test_09281,0.08939854
test_09282,0.00000191
test_09283,0.00002600
test_09284,0.99999921
test_09285,0.00427401
test_09286,0.01095589
test_09287,0.99856418
test_09288,0.05460260
test_09289,0.99650882
test_09290,0.00000228
test_09291,0.99985547
test_09292,0.96728713
test_09293,0.00860576
test_09294,0.01753471
test_09295,0.04321191
test_09296,0.00000269
test_09297,0.89552639
test_09298,0.74011534
test_09299,0.00000033
test_09300,0.00000006
test_09301,0.00000208
test_09302,0.89861946
test_09303,0.99903860
test_09304,0.05191704
test_09305,0.99945791
test_09306,0.02419766
test_09307,0.03530757
test_09308,0.00000009
test_09309,0.99950584
test_09310,0.99999975
test_09311,0.11235095
test_09312,0.99947452
test_09313,0.73759866
test_09314,0.00000000
test_09315,0.06139895
test_09316,0.99999114
test_09317,0.99982753
test_09318,0.95164701
test_09319,0.99996653
test_09320,0.99965205
test_09321,0.99684875
test_09322,0.99947801
test_09323,0.99985100
test_09324,0.99787892
test_09325,0.99999963
test_09326,0.38506394
test_09327,0.00037673
test_09328,0.64565925
test_09329,0.00094755
test_09330,0.00021490
test_09331,0.99999998
test_09332,0.00001678
test_09333,0.78902351
test_09334,0.99999942
test_09335,0.00661394
test_09336,0.00105185
test_09337,0.89132572
test_09338,0.02021763
test_09339,0.01465658
test_09340,0.94800502
test_09341,0.00000015
test_09342,0.73269190
test_09343,0.00032241
test_09344,0.99999987
test_09345,0.99852410
test_09346,0.95310292
test_09347,0.00000004
test_09348,0.72997663
test_09349,0.00000168
test_09350,0.99993789
test_09351,0.99603348
test_09352,0.00005500
test_09353,0.00005900
test_09354,0.99849093
test_09355,0.99899198
test_09356,0.96296048
test_09357,0.99999982
test_09358,0.00000003
test_09359,0.00006091
test_09360,0.27352194
test_09361,0.01242187
test_09362,0.00005009
test_09363,0.99999866
test_09364,0.00080799
test_09365,0.00000047
test_09366,0.99999774
test_09367,0.51161788
test_09368,0.81403287
test_09369,0.00329426
test_09370,0.00181667
test_09371,0.00000029
test_09372,0.99998016
test_09373,0.00000006
test_09374,0.99995460
test_09375,0.00000361
test_09376,0.00144390
test_09377,0.76039376
test_09378,0.99146052
test_09379,0.99999991
test_09380,0.00000409
test_09381,0.99980532
test_09382,0.99996729
test_09383,0.99039954
test_09384,0.00631025
test_09385,0.99999984
test_09386,0.99931613
test_09387,0.99829270
test_09388,0.88956559
test_09389,0.97350904
test_09390,0.95306993
test_09391,0.00000064
test_09392,0.00000050
test_09393,0.04643596
test_09394,0.99963716
test_09395,0.86998868
test_09396,0.99999611
test_09397,0.00191151
test_09398,0.99024513
test_09399,0.00009539
test_09400,0.88883882
test_09401,0.97568455
test_09402,0.99999796
test_09403,0.00030388
test_09404,0.99905126
test_09405,0.00000298
test_09406,0.99999331
test_09407,0.99415257
test_09408,0.01251703
test_09409,0.06805406
test_09410,0.99999937
test_09411,0.99999992
test_09412,0.99999971
test_09413,0.99954274
test_09414,0.00000071
test_09415,0.99999976
test_09416,0.99999997
test_09417,0.00000809
test_09418,0.99999991
test_09419,0.00000140
test_09420,0.99952113
test_09421,0.00000028
test_09422,0.00000003
test_09423,0.00000197
test_09424,0.99970480
test_09425,0.00517702
test_09426,0.88541597
test_09427,0.00000544
test_09428,0.00167002
test_09429,0.93650258
test_09430,0.99934229
test_09431,0.99174102
test_09432,0.03347118
test_09433,0.86723722
test_09434,0.99999998
test_09435,0.94445862
test_09436,0.00405048
test_09437,0.00210575
test_09438,0.98201227
test_09439,0.00060679
test_09440,0.99796409
test_09441,0.00000209
test_09442,0.00019648
test_09443,0.99966543
test_09444,0.99999982
test_09445,0.09117185
test_09446,0.00012649
test_09447,0.29819072
test_09448,0.97188631
test_09449,0.99889851
test_09450,0.99999488
test_09451,0.00150061
test_09452,0.99999978
test_09453,0.99999031
test_09454,0.39688390
test_09455,0.99999997
test_09456,0.99999949
test_09457,0.02147727
test_09458,0.00118365
test_09459,0.99999989
test_09460,0.99991091
test_09461,0.99999942
test_09462,0.00008800
test_09463,0.01377975
test_09464,0.01256834
test_09465,0.99787839
test_09466,0.00196095
test_09467,0.99588534
test_09468,0.02615994
test_09469,0.00956773
test_09470,0.99999360
test_09471,0.09418262
test_09472,0.99955468
test_09473,0.00001077
test_09474,0.02168385
test_09475,0.99999978
test_09476,0.99077358
test_09477,0.50906468
test_09478,0.00025046
test_09479,0.97225141
test_09480,0.00510563
test_09481,0.00000038
test_09482,0.00480459
test_09483,0.99999946
test_09484,0.01387208
test_09485,0.04930547
test_09486,0.80060251
test_09487,0.99851914
test_09488,0.00105666
test_09489,0.99130278
test_09490,0.01234310
test_09491,0.07060828
test_09492,0.99999989
test_09493,0.03834496
test_09494,0.11508636
test_09495,0.00178812
test_09496,0.00023201
test_09497,0.00000058
test_09498,0.99910021
test_09499,0.49379687
test_09500,0.99997739
test_09501,0.98325714
test_09502,0.01435639
test_09503,0.99869729
test_09504,0.11775184
test_09505,0.99999979
test_09506,0.68245330
test_09507,0.99999935
test_09508,0.99999814
test_09509,0.00000073
test_09510,0.18818233
test_09511,0.00000531
test_09512,0.00000016
test_09513,0.79505410
test_09514,0.99999976
test_09515,0.00400661
test_09516,0.95844036
test_09517,0.99677129
test_09518,0.00000048
test_09519,0.99999795
test_09520,0.06239432
test_09521,0.99999781
test_09522,0.05852660
test_09523,0.00000084
test_09524,0.99999875
test_09525,0.99998891
test_09526,0.99999889
test_09527,0.00104214
test_09528,0.00000868
test_09529,0.99902965
test_09530,0.00282296
test_09531,0.00000107
test_09532,0.02204375
test_09533,0.99999877
test_09534,0.99855736
test_09535,0.00510279
test_09536,0.00000003
test_09537,0.99975629
test_09538,0.00008101
test_09539,0.99357227
test_09540,0.00026007
test_09541,0.02601186
test_09542,0.01954989
test_09543,0.99998815
test_09544,0.99726809
test_09545,0.99999343
test_09546,0.00000410
test_09547,0.00000145
test_09548,0.00000099
test_09549,0.99999923
test_09550,0.00000009
test_09551,0.01019711
test_09552,0.99980923
test_09553,0.00000763
test_09554,0.00000004
test_09555,0.00000004
test_09556,0.00017057
test_09557,0.04703283
test_09558,0.01977707
test_09559,0.97917719
test_09560,0.48587013
test_09561,0.02988240
test_09562,0.99999668
test_09563,0.00056355
test_09564,0.98600303
test_09565,0.99984247
test_09566,0.01087985
test_09567,0.99843095
test_09568,0.99999998
test_09569,0.00140783
test_09570,0.00000457
test_09571,0.00433883
test_09572,0.00000445
test_09573,0.99679848
test_09574,0.99985790
test_09575,0.14798860
test_09576,0.01930128
test_09577,0.00000043
test_09578,0.00093421
test_09579,0.99991323
test_09580,0.01438526
test_09581,0.98952597
test_09582,0.99900304
test_09583,0.00102317
test_09584,0.99998795
test_09585,0.70197896
test_09586,0.97871272
test_09587,0.00000012
test_09588,0.99999911
test_09589,0.99662777
test_09590,0.99370237
test_09591,0.99999958
test_09592,0.99888907
test_09593,0.00000364
test_09594,0.99999970
test_09595,0.99998932
test_09596,0.99569786
test_09597,0.99999003
test_09598,0.98517453
test_09599,0.00000009
test_09600,0.00014545
test_09601,0.99843292
test_09602,0.00233064
test_09603,0.01319667
test_09604,0.00000121
test_09605,0.99934366
test_09606,0.90238729
test_09607,0.00003194
test_09608,0.00024377
test_09609,0.99879659
test_09610,0.99703756
test_09611,0.03885691
test_09612,0.99999929
test_09613,0.00215305
test_09614,0.03979404
test_09615,0.00214455
test_09616,0.00000880
test_09617,0.99991652
test_09618,0.00078745
test_09619,0.18103971
test_09620,0.99978527
test_09621,0.99999996
test_09622,0.00000079
test_09623,0.99881536
test_09624,0.00027965
test_09625,0.99982046
test_09626,0.99999935
test_09627,0.00705365
test_09628,0.00000027
test_09629,0.99998359
test_09630,0.99999988
test_09631,0.00000007
test_09632,0.00210352
test_09633,0.99911049
test_09634,0.99991594
test_09635,0.68441723
test_09636,0.01006777
test_09637,0.06558290
test_09638,0.00000009
test_09639,0.99999912
test_09640,0.00110984
test_09641,0.00000041
test_09642,0.99985826
test_09643,0.97009096
test_09644,0.00000008
test_09645,0.08186467
test_09646,0.00000186
test_09647,0.00100351
test_09648,0.99888913
test_09649,0.00000142
test_09650,0.00004636
test_09651,0.00131562
test_09652,0.80023322
test_09653,0.99999435
test_09654,0.00045468
test_09655,0.99810749
test_09656,0.99971402
test_09657,0.00000136
test_09658,0.00000174
test_09659,0.96298201
test_09660,0.99999969
test_09661,0.99998124
test_09662,0.00018598
test_09663,0.99968783
test_09664,0.99304146
test_09665,0.00204820
test_09666,0.96559592
test_09667,0.01143465
test_09668,0.00013937
test_09669,0.99872716
test_09670,0.00000263
test_09671,0.00000061
test_09672,0.99811788
test_09673,0.00585172
test_09674,0.03044830
test_09675,0.00640761
test_09676,0.99934258
test_09677,0.00169339
test_09678,0.99016552
test_09679,0.00947066
test_09680,0.99700462
test_09681,0.96962521
test_09682,0.00035474
test_09683,0.01653511
test_09684,0.99144616
test_09685,0.02717440
test_09686,0.16527296
test_09687,0.00001733
test_09688,0.71261421
test_09689,0.00005071
test_09690,0.99901745
test_09691,0.99979324
test_09692,0.95925733
test_09693,0.03038450
test_09694,0.99987865
test_09695,0.00461730
test_09696,0.00000055
test_09697,0.99794441
test_09698,0.99974933
test_09699,0.09098595
test_09700,0.77912294
test_09701,0.00931122
test_09702,0.99999981
test_09703,0.98474057
test_09704,0.98741898
test_09705,0.99999956
test_09706,0.38945639
test_09707,0.99626256
test_09708,0.84812544
test_09709,0.00063175
test_09710,0.00164807
test_09711,0.00821099
test_09712,0.00027498
test_09713,0.98457268
test_09714,0.99624038
test_09715,0.00102157
test_09716,0.03480606
test_09717,0.99572374
test_09718,0.98441217
test_09719,0.04208795
test_09720,0.92834785
test_09721,0.00185612
test_09722,0.00411569
test_09723,0.99742404
test_09724,0.06473827
test_09725,0.98986467
test_09726,0.02288314
test_09727,0.99979294
test_09728,0.00053097
test_09729,0.00441208
test_09730,0.99998380
test_09731,0.01702089
test_09732,0.14061218
test_09733,0.02107903
test_09734,0.00000050
test_09735,0.00668836
test_09736,0.00984718
test_09737,0.99803434
test_09738,0.00023670
test_09739,0.00141312
test_09740,0.00086581
test_09741,0.00011882
test_09742,0.00000004
test_09743,0.99973304
test_09744,0.99999984
test_09745,0.99999639
test_09746,0.99852462
test_09747,0.99926435
test_09748,0.04611523
test_09749,0.99938115
test_09750,0.99999557
test_09751,0.98519874
test_09752,0.94860580
test_09753,0.99984045
test_09754,0.00015317
test_09755,0.14683195
test_09756,0.97541589
test_09757,0.99887098
test_09758,0.52391417
test_09759,0.99999989
test_09760,0.00000101
test_09761,0.04801373
test_09762,0.00066381
test_09763,0.97540041
test_09764,0.00000070
test_09765,0.00403879
test_09766,0.00067364
test_09767,0.00087229
test_09768,0.99050482
test_09769,0.00000022
test_09770,0.14216277
test_09771,0.88722701
test_09772,0.99952878
test_09773,0.99958255
test_09774,0.00060288
test_09775,0.03665991
test_09776,0.95274446
test_09777,0.99435617
test_09778,0.00040178
test_09779,0.96657112
test_09780,0.00274304
test_09781,0.00112862
test_09782,0.99989039
test_09783,0.99552572
test_09784,0.00000256
test_09785,0.99954843
test_09786,0.00133477
test_09787,0.87015513
test_09788,0.99302271
test_09789,0.97530264
test_09790,0.00207240
test_09791,0.96916606
test_09792,0.08936879
test_09793,0.96779452
test_09794,0.00362867
test_09795,0.13819144
test_09796,0.00001082
test_09797,0.03461285
test_09798,0.99999944
test_09799,0.99999988
test_09800,0.97156239
test_09801,0.03285143
test_09802,0.99982248
test_09803,0.99726701
test_09804,0.99722910
test_09805,0.99999728
test_09806,0.99999944
test_09807,0.99995300
test_09808,0.99998614
test_09809,0.00000373
test_09810,0.99999815
test_09811,0.00246993
test_09812,0.61065370
test_09813,0.00036264
test_09814,0.99998760
test_09815,0.01097425
test_09816,0.01070132
test_09817,0.00000249
test_09818,0.99870945
test_09819,0.99459770
test_09820,0.99999989
test_09821,0.00010545
test_09822,0.99999984
test_09823,0.99992033
test_09824,0.99999992
test_09825,0.99999941
test_09826,0.99999876
test_09827,0.99806604
test_09828,0.99999877
test_09829,0.50367516
test_09830,0.99999915
test_09831,0.99999966
test_09832,0.99999662
test_09833,0.99999966
test_09834,0.99651734
test_09835,0.00028989
test_09836,0.99999878
test_09837,0.99999973
test_09838,0.99680161
test_09839,0.99703901
test_09840,0.00006736
test_09841,0.99999728
test_09842,0.00893106
test_09843,0.00035411
test_09844,0.00139289
test_09845,0.99738919
test_09846,0.99999833
test_09847,0.00000782
test_09848,0.00002482
test_09849,0.99999999
test_09850,0.99992766
test_09851,0.99924688
test_09852,0.99831383
test_09853,0.99946640
test_09854,0.99145646
test_09855,0.00000840
test_09856,0.00024285
test_09857,0.99999453
test_09858,0.59906291
test_09859,0.00797521
test_09860,0.00130030
test_09861,0.99999985
test_09862,0.16558717
test_09863,0.99999940
test_09864,0.99998969
test_09865,0.00988160
test_09866,0.00722427
test_09867,0.00000022
test_09868,0.99819913
test_09869,0.99999812
test_09870,0.10541450
test_09871,0.00761175
test_09872,0.00146075
test_09873,0.99999939
test_09874,0.01524352
test_09875,0.99999976
test_09876,0.99999946
test_09877,0.07331172
test_09878,0.00006920
test_09879,0.00000151
test_09880,0.00000162
test_09881,0.99999978
test_09882,0.00353233
test_09883,0.00165511
test_09884,0.99934786
test_09885,0.99986840
test_09886,0.99544020
test_09887,0.20833060
test_09888,0.00005462
test_09889,0.99999988
test_09890,0.08564618
test_09891,0.00797230
test_09892,0.99999987
test_09893,0.00000013
test_09894,0.98677521
test_09895,0.00070650
test_09896,0.00256923
test_09897,0.99999253
test_09898,0.99999975
test_09899,0.99651305
test_09900,0.00000008
test_09901,0.00000302
test_09902,0.95296869
test_09903,0.00000091
test_09904,0.00765429
test_09905,0.99999802
test_09906,0.95658997
test_09907,0.99900758
test_09908,0.00000123
test_09909,0.00086982
test_09910,0.00124282
test_09911,0.99008102
test_09912,0.06135461
test_09913,0.22128623
test_09914,0.04374680
test_09915,0.00208895
test_09916,0.99906957
test_09917,0.04600802
test_09918,0.06942100
test_09919,0.00000477
test_09920,0.02072712
test_09921,0.99698421
test_09922,0.00000100
test_09923,0.67346818
test_09924,0.99949258
test_09925,0.99999962
test_09926,0.99999970
test_09927,0.02257931
test_09928,0.00340469
test_09929,0.99999278
test_09930,0.99999999
test_09931,0.52377012
test_09932,0.99962585
test_09933,0.06560316
test_09934,0.00000925
test_09935,0.00271601
test_09936,0.99999968
test_09937,0.99923097
test_09938,0.99609331
test_09939,0.00129177
test_09940,0.00259884
test_09941,0.99876077
test_09942,0.18399466
test_09943,0.99975374
test_09944,0.99208946
test_09945,0.99881002
test_09946,0.00042982
test_09947,0.99392099
test_09948,0.98010039
test_09949,0.00447910
test_09950,0.00000610
test_09951,0.99999942
test_09952,0.00159223
test_09953,0.00193634
test_09954,0.00692188
test_09955,0.00057459
test_09956,0.99999960
test_09957,0.00004053
test_09958,0.93359652
test_09959,0.98364547
test_09960,0.99999997
test_09961,0.00677177
test_09962,0.99999995
test_09963,0.98300604
test_09964,0.03336958
test_09965,0.00001596
test_09966,0.99999888
test_09967,0.00919200
test_09968,0.00065305
test_09969,0.86346841
test_09970,0.00070044
test_09971,0.00000054
test_09972,0.99979455
test_09973,0.89468802
test_09974,0.99999976
test_09975,0.00000146
test_09976,0.99808948
test_09977,0.00000003
test_09978,0.89819396
test_09979,0.99999378
test_09980,0.00000367
test_09981,0.99050618
test_09982,0.99999991
test_09983,0.99999944
test_09984,0.00000036
test_09985,0.00000007
test_09986,0.99999880
test_09987,0.01094682
test_09988,0.99999977
test_09989,0.98337042
test_09990,0.00111970
test_09991,0.99999976
test_09992,0.00001104
test_09993,0.00000013
test_09994,0.99999991
test_09995,0.99999997
test_09996,0.99999998
test_09997,0.97167422
test_09998,0.00226638
test_09999,0.99999988
test_10000,0.93669068
test_10001,0.99706483
test_10002,0.99999978
test_10003,0.99998616
test_10004,0.99999997
test_10005,0.00000012
test_10006,0.99621325
test_10007,0.99773607
test_10008,0.77351871
test_10009,0.00000002
test_10010,0.99907229
test_10011,0.99388221
test_10012,0.00000027
test_10013,0.00001162
test_10014,0.00001519
test_10015,0.01573392
test_10016,0.85633012
test_10017,0.28064179
test_10018,0.98188367
test_10019,0.00000132
test_10020,0.00000109
test_10021,0.00000043
test_10022,0.00000338
test_10023,0.00000033
test_10024,0.99997707
test_10025,0.00042747
test_10026,0.99650934
test_10027,0.00001348
test_10028,0.00026331
test_10029,0.99998277
test_10030,0.94451615
test_10031,0.02228779
test_10032,0.00000004
test_10033,0.00733583
test_10034,0.01425786
test_10035,0.71202371
test_10036,0.00540422
test_10037,0.99999994
test_10038,0.99999589
test_10039,0.00000361
test_10040,0.98823107
test_10041,0.95472633
test_10042,0.01065986
test_10043,0.99739876
test_10044,0.99999986
test_10045,0.01991905
test_10046,0.99999986
test_10047,0.21697456
test_10048,0.02382804
test_10049,0.99989277
test_10050,0.96261014
test_10051,0.99689213
test_10052,0.99770660
test_10053,0.00000021
test_10054,0.99999962
test_10055,0.00000285
test_10056,0.91447586
test_10057,0.99968164
test_10058,0.58448572
test_10059,0.99985577
test_10060,0.95173478
test_10061,0.00000001
test_10062,0.00000070
test_10063,0.99999996
test_10064,0.00000012
test_10065,0.00040902
test_10066,0.99865731
test_10067,0.98128464
test_10068,0.99826057
test_10069,0.00129579
test_10070,0.00325694
test_10071,0.99903378
test_10072,0.04132625
test_10073,0.43019748
test_10074,0.00024256
test_10075,0.99985598
test_10076,0.00000641
test_10077,0.99510342
test_10078,0.00001338
test_10079,0.99718501
test_10080,0.00033006
test_10081,0.00105375
test_10082,1.00000000
test_10083,0.99999957
test_10084,0.99690415
test_10085,0.07465179
test_10086,0.99999239
test_10087,0.97182645
test_10088,0.25576688
test_10089,0.00102662
test_10090,0.98610330
test_10091,0.99985515
test_10092,0.99872554
test_10093,0.98816722
test_10094,0.00113702
test_10095,0.97959114
test_10096,0.00000009
test_10097,0.99999971
test_10098,0.00677988
test_10099,0.00048301
test_10100,0.99989211
test_10101,0.99999740
test_10102,0.00000037
test_10103,0.00661908
test_10104,0.99956246
test_10105,0.99999965
test_10106,0.00000001
test_10107,0.01701921
test_10108,0.99999819
test_10109,0.00000060
test_10110,0.00008752
test_10111,0.00108454
test_10112,0.00000044
test_10113,0.99999609
test_10114,0.92757777
test_10115,0.00000917
test_10116,0.00000044
test_10117,0.01380255
test_10118,0.99899954
test_10119,0.99999999
test_10120,0.00259036
test_10121,0.99995689
test_10122,0.00014076
test_10123,0.02155110
test_10124,0.99965136
test_10125,0.00026983
test_10126,0.00000032
test_10127,0.00000018
test_10128,0.00320763
test_10129,0.99999778
test_10130,0.07103423
test_10131,0.00068354
test_10132,0.00000760
test_10133,0.00000026
test_10134,0.00025903
test_10135,0.00007267
test_10136,0.00507174
test_10137,0.00034852
test_10138,0.99838941
test_10139,0.03263019
test_10140,0.00000012
test_10141,0.00000022
test_10142,0.00000113
test_10143,0.00472484
test_10144,0.81388807
test_10145,0.00004818
test_10146,0.00000082
test_10147,0.99951280
test_10148,0.99892650
test_10149,0.00750873
test_10150,0.99999702
test_10151,0.00000519
test_10152,0.01484938
test_10153,0.99992294
test_10154,0.99999960
test_10155,0.03560253
test_10156,0.99949311
test_10157,0.96023591
test_10158,0.00001372
test_10159,0.00000082
test_10160,0.00001915
test_10161,0.92396205
test_10162,0.99996624
test_10163,0.99969106
test_10164,0.00000120
test_10165,0.00138011
test_10166,0.99999998
test_10167,0.99996306
test_10168,0.99999930
test_10169,0.99999881
test_10170,0.00051826
test_10171,0.00000451
test_10172,0.00000004
test_10173,0.99995886
test_10174,0.99604403
test_10175,0.25537931
test_10176,0.00003171
test_10177,0.00011779
test_10178,0.00003271
test_10179,0.00000021
test_10180,0.99077549
test_10181,0.00177075
test_10182,0.99941922
test_10183,0.00000052
test_10184,0.00417161
test_10185,0.99999257
test_10186,0.00295419
test_10187,0.98531261
test_10188,0.99999950
test_10189,0.99999280
test_10190,0.99999919
test_10191,0.99950880
test_10192,0.00250611
test_10193,0.78893934
test_10194,0.06065426
test_10195,0.96683426
test_10196,0.00002807
test_10197,0.99999984
test_10198,0.00000060
test_10199,0.00000004
test_10200,0.00054408
test_10201,0.00000003
test_10202,0.99942074
test_10203,0.99999209
test_10204,0.00000128
test_10205,0.95346577
test_10206,0.00034961
test_10207,0.00000162
test_10208,0.96930800
test_10209,1.00000000
test_10210,0.95685428
test_10211,0.00338237
test_10212,0.99999112
test_10213,0.00152830
test_10214,0.77392961
test_10215,0.00372196
test_10216,0.99505415
test_10217,0.99984651
test_10218,0.99514251
test_10219,0.97861561
test_10220,0.93539678
test_10221,0.00024322
test_10222,0.99999976
test_10223,0.59286869
test_10224,0.57530665
test_10225,0.02502665
test_10226,0.00012149
test_10227,0.00000148
test_10228,0.00000188
test_10229,0.00870960
test_10230,0.00262333
test_10231,0.96929306
test_10232,0.99977390
test_10233,0.99340785
test_10234,0.00107798
test_10235,0.04246003
test_10236,0.80183531
test_10237,0.98653810
test_10238,0.00103893
test_10239,0.35753259
test_10240,0.99489886
test_10241,0.00000442
test_10242,0.99311095
test_10243,0.99453114
test_10244,0.00324900
test_10245,0.62575974
test_10246,0.99996840
test_10247,0.94011266
test_10248,0.97350151
test_10249,0.00081084
test_10250,0.06845511
test_10251,0.99981323
test_10252,0.00000150
test_10253,0.99924528
test_10254,0.00048621
test_10255,0.00004693
test_10256,0.99996253
test_10257,0.00182719
test_10258,0.30119423
test_10259,0.00032057
test_10260,0.99574813
test_10261,0.99983967
test_10262,0.44391794
test_10263,0.99988295
test_10264,0.97383475
test_10265,0.00347243
test_10266,0.00031281
test_10267,0.97417549
test_10268,0.99874629
test_10269,0.00603153
test_10270,0.00000021
test_10271,0.11658036
test_10272,0.00000085
test_10273,0.47682346
test_10274,0.99013691
test_10275,0.99999982
test_10276,0.99999857
test_10277,0.99997971
test_10278,0.98061144
test_10279,0.21354747
test_10280,0.86572625
test_10281,0.00241782
test_10282,0.01830562
test_10283,0.00000006
test_10284,0.99999993
test_10285,0.99902749
test_10286,0.00629494
test_10287,0.00089144
test_10288,0.99999991
test_10289,0.99557400
test_10290,0.99998714
test_10291,0.99546592
test_10292,0.00068818
test_10293,0.99987775
test_10294,0.99230277
test_10295,0.99986167
test_10296,0.99999946
test_10297,0.00511212
test_10298,0.00000046
test_10299,0.00000542
test_10300,0.04354477
test_10301,0.00136578
test_10302,0.99972108
test_10303,0.99999994
test_10304,0.99999310
test_10305,0.98246155
test_10306,0.00001784
test_10307,0.00000092
test_10308,0.00000032
test_10309,0.99611169
test_10310,0.04665761
test_10311,0.00885468
test_10312,0.00102685
test_10313,0.00509081
test_10314,0.99774864
test_10315,0.00000091
test_10316,0.99999985
test_10317,0.00078808
test_10318,0.98746284
test_10319,0.98779965
test_10320,0.99999593
test_10321,0.99999983
test_10322,0.00063091
test_10323,0.00000108
test_10324,0.00002620
test_10325,0.99999990
test_10326,0.99999439
test_10327,0.99999979
test_10328,0.00007053
test_10329,0.99999994
test_10330,0.00000052
test_10331,0.99999523
test_10332,0.99999995
test_10333,0.99999991
test_10334,0.00005917
test_10335,0.00000203
test_10336,0.99793550
test_10337,0.00028440
test_10338,0.98169131
test_10339,0.99999632
test_10340,0.99989350
test_10341,0.00000041
test_10342,0.99999941
test_10343,0.97426451
test_10344,0.99995757
test_10345,0.01473531
test_10346,0.99999996
test_10347,0.89990238
test_10348,0.99999301
test_10349,0.00020807
test_10350,0.52614122
test_10351,0.00019732
test_10352,0.00000086
test_10353,0.00069381
test_10354,0.99999969
test_10355,0.63507014
test_10356,0.00000008
test_10357,0.00000157
test_10358,0.99999991
test_10359,0.00000059
test_10360,0.00075633
test_10361,0.99993849
test_10362,0.99682034
test_10363,0.91952977
test_10364,0.99997805
test_10365,0.00022983
test_10366,0.00634413
test_10367,0.00126896
test_10368,0.00321265
test_10369,0.98387324
test_10370,0.92467030
test_10371,0.99999749
test_10372,0.00167982
test_10373,0.99893324
test_10374,0.00000018
test_10375,0.98477345
test_10376,0.99750401
test_10377,0.00000054
test_10378,0.00891867
test_10379,0.00166956
test_10380,0.99944606
test_10381,0.85970526
test_10382,0.99999920
test_10383,0.99999952
test_10384,0.00000012
test_10385,0.00535479
test_10386,0.99999304
test_10387,0.99999660
test_10388,0.00000057
test_10389,0.00000047
test_10390,0.00015853
test_10391,0.00407189
test_10392,0.00000023
test_10393,0.00001443
test_10394,0.01131356
test_10395,0.99968648
test_10396,0.00000087
test_10397,0.00048094
test_10398,0.99999791
test_10399,0.00000027
test_10400,0.99996290
test_10401,0.00565857
test_10402,0.00047982
test_10403,0.00000497
test_10404,0.00259777
test_10405,0.86090215
test_10406,0.99999974
test_10407,0.99654898
test_10408,0.98729256
test_10409,0.00001407
test_10410,0.00000004
test_10411,0.99257410
test_10412,0.00000396
test_10413,0.01256203
test_10414,0.00115509
test_10415,0.97565354
test_10416,0.01006443
test_10417,0.96726860
test_10418,0.90883802
test_10419,0.99991229
test_10420,0.81220237
test_10421,0.99519169
test_10422,0.00194738
test_10423,0.99999871
test_10424,0.99999999
test_10425,0.05508056
test_10426,0.99226584
test_10427,0.99999980
test_10428,0.52270891
test_10429,0.00467340
test_10430,0.07697089
test_10431,0.00033869
test_10432,0.00000056
test_10433,0.99999997
test_10434,0.99999450
test_10435,0.00219831
test_10436,0.05621488
test_10437,0.00209766
test_10438,0.99999988
test_10439,0.01088319
test_10440,0.00004658
test_10441,0.31790119
test_10442,0.14664452
test_10443,0.99990791
test_10444,0.97513136
test_10445,0.00003287
test_10446,0.99991470
test_10447,0.99999995
test_10448,0.00039815
test_10449,0.99449039
test_10450,0.99999850
test_10451,0.99962885
test_10452,0.98257414
test_10453,0.99919900
test_10454,0.00840592
test_10455,0.00000322
test_10456,0.00703971
test_10457,0.99784574
test_10458,0.01158779
test_10459,0.00050944
test_10460,0.96603319
test_10461,0.96629945
test_10462,0.01210966
test_10463,0.00129155
test_10464,0.54238245
test_10465,0.00000795
test_10466,0.99999943
test_10467,0.99978263
test_10468,0.99999859
test_10469,0.06852211
test_10470,0.99995415
test_10471,0.04254559
test_10472,0.99877306
test_10473,0.99999977
test_10474,0.99904893
test_10475,0.99036889
test_10476,0.00000002
test_10477,0.90611631
test_10478,0.00329922
test_10479,0.99999996
test_10480,0.95683598
test_10481,0.00056602
test_10482,0.01256834
test_10483,0.95374224
test_10484,0.96524205
test_10485,0.00000052
test_10486,0.00001434
test_10487,0.99988032
test_10488,0.00000198
test_10489,0.02373395
test_10490,0.99999992
test_10491,0.00749273
test_10492,0.00172466
test_10493,0.99511838
test_10494,0.16035846
test_10495,0.99999986
test_10496,0.06866382
test_10497,0.00000004
test_10498,0.00000011
test_10499,0.98260633
test_10500,0.99999990
test_10501,0.39498072
test_10502,0.00003127
test_10503,0.27032547
test_10504,0.03418121
test_10505,0.99999818
test_10506,0.99888706
test_10507,0.00061691
test_10508,0.96024597
test_10509,0.99456003
test_10510,0.99323114
test_10511,0.00000030
test_10512,0.00008839
test_10513,0.99999911
test_10514,0.99999896
test_10515,0.00592243
test_10516,0.99999591
test_10517,0.99984001
test_10518,0.80529034
test_10519,0.00000017
test_10520,0.99984365
test_10521,0.99552214
test_10522,0.98952388
test_10523,0.99999733
test_10524,0.99999971
test_10525,0.97981757
test_10526,0.99681967
test_10527,0.99135355
test_10528,0.99939960
test_10529,0.99624590
test_10530,0.00277414
test_10531,0.99952712
test_10532,0.00202193
test_10533,0.99999979
test_10534,0.03030765
test_10535,0.02165085
test_10536,0.97396190
test_10537,0.99999908
test_10538,0.00039177
test_10539,0.98711377
test_10540,0.00000486
test_10541,0.00000020
test_10542,0.99993110
test_10543,0.99999958
test_10544,0.00000132
test_10545,0.16676779
test_10546,0.92701235
test_10547,0.99999910
test_10548,0.00000836
test_10549,0.00480860
test_10550,0.99999861
test_10551,0.00000019
test_10552,0.99245884
test_10553,0.00001032
test_10554,0.99969476
test_10555,0.99857400
test_10556,0.00042064
test_10557,0.33993418
test_10558,0.01831829
test_10559,0.99930618
test_10560,0.99999942
test_10561,0.98683907
test_10562,0.99846133
test_10563,0.99999992
test_10564,0.99999646
test_10565,0.99222051
test_10566,0.99999930
test_10567,0.01142709
test_10568,0.99999986
test_10569,0.00000367
test_10570,0.11440379
test_10571,0.99949433
test_10572,1.00000000
test_10573,0.99999998
test_10574,0.86165382
test_10575,0.99996423
test_10576,0.99999602
test_10577,0.98924592
test_10578,0.00000010
test_10579,0.00390962
test_10580,0.00031878
test_10581,0.00268357
test_10582,0.99999986
test_10583,0.00163064
test_10584,0.98695295
test_10585,0.00001413
test_10586,0.00000036
test_10587,0.00390139
test_10588,0.00000193
test_10589,0.00000446
test_10590,0.01696911
test_10591,0.00000259
test_10592,0.01780868
test_10593,0.99999695
test_10594,0.99968800
test_10595,0.00040548
test_10596,0.99995434
test_10597,0.00000119
test_10598,0.99606311
test_10599,0.99999688
test_10600,0.00000037
test_10601,0.00337715
test_10602,0.99780820
test_10603,0.99979292
test_10604,0.99999996
test_10605,0.99999840
test_10606,0.99994499
test_10607,0.41995768
test_10608,0.00462404
test_10609,0.99978283
test_10610,0.02160350
test_10611,0.93550395
test_10612,0.00212986
test_10613,0.00000071
test_10614,0.00028734
test_10615,0.99999992
test_10616,0.99990764
test_10617,0.99423966
test_10618,0.99999988
test_10619,0.99813236
test_10620,0.99891395
test_10621,0.99622384
test_10622,0.99523320
test_10623,0.00000022
test_10624,0.77158673
test_10625,0.00052352
test_10626,0.00010393
test_10627,0.06945723
test_10628,0.99739676
test_10629,0.97428419
test_10630,0.99864193
test_10631,0.76415642
test_10632,0.96330613
test_10633,0.99999977
test_10634,0.99999984
test_10635,0.00023606
test_10636,0.99999986
test_10637,0.99999925
test_10638,0.00000019
test_10639,0.99999991
test_10640,0.00000016
test_10641,0.99999802
test_10642,0.99332548
test_10643,0.99899635
test_10644,0.59841666
test_10645,0.15255656
test_10646,0.00982120
test_10647,0.01860170
test_10648,0.95025884
test_10649,0.99684838
test_10650,0.99539902
test_10651,0.98783519
test_10652,0.00245961
test_10653,0.99999920
test_10654,0.00170747
test_10655,0.00000592
test_10656,0.99589250
test_10657,0.01248297
test_10658,0.99913226
test_10659,0.01059553
test_10660,0.99292116
test_10661,0.97864014
test_10662,0.01510250
test_10663,0.00150785
test_10664,0.99952576
test_10665,0.99173952
test_10666,0.98589209
test_10667,0.00121997
test_10668,0.99999951
test_10669,0.97999381
test_10670,0.00005154
test_10671,0.63199125
test_10672,0.00150451
test_10673,0.07876370
test_10674,0.01209128
test_10675,0.00001308
test_10676,0.97822336
test_10677,0.99738348
test_10678,0.96374933
test_10679,0.99684605
test_10680,0.02186994
test_10681,0.99881651
test_10682,0.99999968
test_10683,0.00657214
test_10684,0.00227986
test_10685,0.25484415
test_10686,0.99999849
test_10687,0.01532586
test_10688,0.02454324
test_10689,0.00000056
test_10690,0.93964261
test_10691,0.00588919
test_10692,0.99645225
test_10693,0.00000002
test_10694,0.99682393
test_10695,0.99721582
test_10696,0.59300797
test_10697,0.00035624
test_10698,0.99899805
test_10699,0.99999960
test_10700,0.00013040
test_10701,0.99258201
test_10702,0.04844992
test_10703,0.00059830
test_10704,0.98838626
test_10705,0.99999960
test_10706,0.00000086
test_10707,0.99918223
test_10708,0.99987834
test_10709,0.99801955
test_10710,0.99846345
test_10711,0.98903169
test_10712,0.99633625
test_10713,0.00047402
test_10714,0.99736877
test_10715,0.00272754
test_10716,0.99580677
test_10717,0.99999985
test_10718,0.10244737
test_10719,0.99937624
test_10720,0.99999966
test_10721,0.00000001
test_10722,0.99957184
test_10723,0.00034268
test_10724,0.00036297
test_10725,0.00000033
test_10726,0.99926985
test_10727,0.00000252
test_10728,0.00000021
test_10729,0.00000015
test_10730,0.04254338
test_10731,0.00000023
test_10732,0.95982429
test_10733,0.00000027
test_10734,0.00006136
test_10735,0.99999998
test_10736,0.00000108
test_10737,0.00000001
test_10738,0.99999883
test_10739,0.99999992
test_10740,0.99972409
test_10741,0.99999841
test_10742,0.00354914
test_10743,0.99999658
test_10744,0.00050621
test_10745,0.00000023
test_10746,0.00025994
test_10747,0.99999996
test_10748,0.99217915
test_10749,0.99977734
test_10750,0.99862196
test_10751,0.00000136
test_10752,0.98979845
test_10753,0.99999998
test_10754,0.99994048
test_10755,0.00000283
test_10756,0.97841416
test_10757,0.00769601
test_10758,0.00001135
test_10759,0.99163449
test_10760,0.01230308
test_10761,0.00886897
test_10762,0.99767474
test_10763,0.98165624
test_10764,0.99999959
test_10765,0.93657228
test_10766,0.92908504
test_10767,0.01845849
test_10768,0.99893207
test_10769,0.00805203
test_10770,0.00000017
test_10771,0.93665312
test_10772,0.00000602
test_10773,0.99844493
test_10774,0.98618046
test_10775,0.03661285
test_10776,0.17026531
test_10777,0.00023303
test_10778,0.97003087
test_10779,0.98476127
test_10780,0.99992040
test_10781,0.99833310
test_10782,0.00305323
test_10783,0.00632701
test_10784,0.00000038
test_10785,0.98673038
test_10786,0.99929062
test_10787,0.97586155
test_10788,0.00525623
test_10789,0.00003387
test_10790,0.03184402
test_10791,0.00602518
test_10792,0.99706038
test_10793,0.95128815
test_10794,0.99977851
test_10795,0.00000806
test_10796,0.99874832
test_10797,0.91282456
test_10798,0.99999994
test_10799,0.00000016
test_10800,0.99528259
test_10801,0.00000002
test_10802,0.01219305
test_10803,0.99999997
test_10804,0.98447352
test_10805,0.00057524
test_10806,0.99976983
test_10807,0.99993828
test_10808,0.99999981
test_10809,0.99999392
test_10810,0.99798845
test_10811,0.78228379
test_10812,0.00006217
test_10813,0.00000034
test_10814,0.00000035
test_10815,0.99948122
test_10816,0.00004381
test_10817,0.97839375
test_10818,0.99999976
test_10819,0.99943192
test_10820,0.00190073
test_10821,0.00000022
test_10822,0.99789701
test_10823,0.43430757
test_10824,0.00000443
test_10825,0.99999973
test_10826,0.99999991
test_10827,0.99999477
test_10828,0.99994234
test_10829,0.00022292
test_10830,0.99999816
test_10831,0.05851345
test_10832,0.32251687
test_10833,0.99999193
test_10834,0.99999028
test_10835,0.01339408
test_10836,0.00000012
test_10837,0.10395665
test_10838,0.00032866
test_10839,0.02191345
test_10840,0.99999559
test_10841,0.18870831
test_10842,0.99603036
test_10843,0.00000005
test_10844,0.00135596
test_10845,0.00000019
test_10846,0.99999968
test_10847,0.00922533
test_10848,0.00000062
test_10849,0.00335836
test_10850,0.00019971
test_10851,0.00000078
test_10852,0.00000032
test_10853,0.00430836
test_10854,0.94560798
test_10855,0.00078334
test_10856,0.01248917
test_10857,0.99965248
test_10858,0.00414605
test_10859,0.99999503
test_10860,0.00000024
test_10861,0.00145382
test_10862,0.99999436
test_10863,0.99981091
test_10864,0.00002632
test_10865,0.99999875
test_10866,0.99999874
test_10867,0.99924698
test_10868,0.00000030
test_10869,0.01587797
test_10870,0.00368602
test_10871,0.00000009
test_10872,0.99746894
test_10873,0.99008846
test_10874,0.50960120
test_10875,0.26147085
test_10876,0.00212627
test_10877,0.99999977
test_10878,0.99999984
test_10879,0.00000031
test_10880,0.07891138
test_10881,0.00005272
test_10882,0.08817699
test_10883,0.95695312
test_10884,0.99919291
test_10885,0.00262565
test_10886,0.00065843
test_10887,0.99991151
test_10888,0.99992521
test_10889,0.00440006
test_10890,0.00010186
test_10891,0.00118344
test_10892,0.99999906
test_10893,0.00409596
test_10894,0.00000274
test_10895,0.99146124
test_10896,0.00000035
test_10897,0.00005758
test_10898,0.97040161
test_10899,0.75293523
test_10900,0.57419342
test_10901,0.99992756
test_10902,0.99999964
test_10903,0.99460313
test_10904,0.99999993
test_10905,0.99708626
test_10906,0.99907322
test_10907,0.00060117
test_10908,0.93552625
test_10909,0.99992952
test_10910,0.00153049
test_10911,0.00000023
test_10912,0.99998902
test_10913,0.00000083
test_10914,0.99999748
test_10915,0.02168954
test_10916,0.00241672
test_10917,0.77013257
test_10918,0.00041954
test_10919,0.00423848
test_10920,0.99999980
test_10921,0.07953860
test_10922,0.99339301
test_10923,0.99977163
test_10924,0.99988064
test_10925,0.99842894
test_10926,0.00762511
test_10927,0.99853385
test_10928,0.00014562
test_10929,0.00000491
test_10930,0.79022125
test_10931,0.00582176
test_10932,0.99880620
test_10933,0.99999983
test_10934,0.00000034
test_10935,0.00066505
test_10936,0.98391100
test_10937,0.99925982
test_10938,0.00000011
test_10939,0.92488020
test_10940,0.00000002
test_10941,0.00000790
test_10942,0.00316166
test_10943,0.00021498
test_10944,0.99892692
test_10945,0.00000088
test_10946,0.00011313
test_10947,0.99328481
test_10948,0.01662266
test_10949,0.00851402
test_10950,0.00890046
test_10951,0.99674014
test_10952,0.00000002
test_10953,0.96582287
test_10954,0.99959061
test_10955,0.99992903
test_10956,0.00000004
test_10957,0.00000004
test_10958,0.00000022
test_10959,0.00187587
test_10960,0.99975903
test_10961,0.51500529
test_10962,0.17609469
test_10963,0.00028120
test_10964,0.00000241
test_10965,0.00033953
test_10966,0.00681190
test_10967,0.96111773
test_10968,0.00016828
test_10969,0.99803486
test_10970,0.00168255
test_10971,0.88210588
test_10972,0.83836358
test_10973,0.00066855
test_10974,0.10993850
test_10975,0.99931980
test_10976,0.99999993
test_10977,0.98770652
test_10978,0.99997915
test_10979,0.00312052
test_10980,0.83286023
test_10981,0.99976508
test_10982,0.99999995
test_10983,0.00000099
test_10984,0.99961958
test_10985,0.99999606
test_10986,0.00000002
test_10987,0.99996289
test_10988,0.00000002
test_10989,0.00000002
test_10990,0.00073454
test_10991,0.00000015
test_10992,0.99999651
test_10993,0.99923588
test_10994,0.00013208
test_10995,0.00015222
test_10996,0.99999898
test_10997,0.99999561
test_10998,0.00000080
test_10999,0.00000056
test_11000,0.00000660
test_11001,0.99999530
test_11002,0.00000107
test_11003,0.00000036
test_11004,0.00038501
test_11005,0.99483114
test_11006,0.00018665
test_11007,0.00007542
test_11008,0.00702136
test_11009,0.00000132
test_11010,0.99941478
test_11011,0.99165551
test_11012,0.01180213
test_11013,0.83283133
test_11014,0.99422408
test_11015,0.22001744
test_11016,0.00757560
test_11017,0.03273348
test_11018,0.99990831
test_11019,0.00000297
test_11020,0.99996372
test_11021,0.99643642
test_11022,0.00155017
test_11023,0.00000144
test_11024,0.99970770
test_11025,0.99777275
test_11026,0.99842052
test_11027,0.99951316
test_11028,0.96936083
test_11029,0.99548186
test_11030,0.99877282
test_11031,0.00128781
test_11032,0.00023744
test_11033,0.00473750
test_11034,0.00052341
test_11035,0.99987461
test_11036,0.99999986
test_11037,0.02744278
test_11038,0.99999791
test_11039,0.31153324
test_11040,0.99999978
test_11041,0.00000313
test_11042,0.00001952
test_11043,0.99997906
test_11044,0.99996601
test_11045,0.99999679
test_11046,0.99829772
test_11047,0.99933675
test_11048,0.99999800
test_11049,0.05618769
test_11050,0.00003124
test_11051,0.99784985
test_11052,0.99999794
test_11053,0.99960658
test_11054,0.99820982
test_11055,0.00030355
test_11056,0.98265401
test_11057,0.00000040
test_11058,0.99396038
test_11059,0.00000033
test_11060,0.97882318
test_11061,0.00045785
test_11062,0.99999978
test_11063,0.00012561
test_11064,0.99964239
test_11065,0.99999939
test_11066,0.99962985
test_11067,0.00000005
test_11068,0.00000113
test_11069,0.99992146
test_11070,0.99999888
test_11071,0.99999996
test_11072,0.00019748
test_11073,0.00000089
test_11074,0.03910115
test_11075,0.99999990
test_11076,0.98635189
test_11077,0.00000155
test_11078,0.00071617
test_11079,0.99999913
test_11080,0.00000017
test_11081,0.00008490
test_11082,0.00010477
test_11083,0.00000588
test_11084,0.99941468
test_11085,0.00000106
test_11086,0.00457621
test_11087,0.99401283
test_11088,0.00970495
test_11089,0.05262067
test_11090,0.98981213
test_11091,0.99999993
test_11092,0.00198448
test_11093,0.99768995
test_11094,0.99602316
test_11095,0.99999997
test_11096,0.00177349
test_11097,0.97251134
test_11098,0.00000027
test_11099,0.99999983
test_11100,0.98938663
test_11101,0.00000015
test_11102,0.27785500
test_11103,0.99999937
test_11104,0.25881901
test_11105,0.00000166
test_11106,0.87694944
test_11107,0.99982189
test_11108,0.99839853
test_11109,0.99999798
test_11110,0.99843819
test_11111,0.99094334
test_11112,0.99999901
test_11113,0.75255909
test_11114,0.99999639
test_11115,0.99999767
test_11116,0.99995794
test_11117,0.50712293
test_11118,0.99991113
test_11119,0.99999413
test_11120,0.00831796
test_11121,0.91518673
test_11122,0.99617978
test_11123,0.97491214
test_11124,0.98272678
test_11125,0.99999996
test_11126,0.99999952
test_11127,0.99698719
test_11128,0.00000821
test_11129,0.26015480
test_11130,0.99997174
test_11131,0.00000153
test_11132,0.98602969
test_11133,0.00124512
test_11134,0.00005675
test_11135,0.98983797
test_11136,0.99999969
test_11137,0.00141541
test_11138,0.99925394
test_11139,0.00981369
test_11140,0.06623357
test_11141,0.99992071
test_11142,0.00000157
test_11143,0.95023229
test_11144,0.99611899
test_11145,0.00000015
test_11146,0.00000004
test_11147,0.99075837
test_11148,0.00000435
test_11149,0.00000177
test_11150,0.99999998
test_11151,0.00000022
test_11152,0.99624022
test_11153,0.99999918
test_11154,0.97259088
test_11155,0.00000068
test_11156,0.00159963
test_11157,0.99999868
test_11158,0.00000187
test_11159,0.00000001
test_11160,0.00868869
test_11161,0.69203427
test_11162,0.00000006
test_11163,0.00000020
test_11164,0.02525740
test_11165,0.99999880
test_11166,0.98990010
test_11167,0.00000013
test_11168,0.01976373
test_11169,0.99952411
test_11170,0.88284638
test_11171,0.00088751
test_11172,0.99999382
test_11173,0.99876294
test_11174,0.00000141
test_11175,0.00000573
test_11176,0.51679626
test_11177,0.00000007
test_11178,0.00000077
test_11179,0.00000246
test_11180,0.99987552
test_11181,0.95306996
test_11182,0.01056611
test_11183,0.03458280
test_11184,0.99999535
test_11185,0.95115915
test_11186,0.00177155
test_11187,0.00000016
test_11188,0.99989123
test_11189,0.01537365
test_11190,0.00902727
test_11191,0.99019447
test_11192,0.01254877
test_11193,0.00000032
test_11194,0.04697914
test_11195,0.99988753
test_11196,0.00108459
test_11197,0.90381092
test_11198,0.99957734
test_11199,0.00477373
test_11200,0.00000658
test_11201,0.02009711
test_11202,0.99926513
test_11203,0.98424129
test_11204,0.64459012
test_11205,0.00000457
test_11206,0.93776013
test_11207,0.00071137
test_11208,0.98693226
test_11209,0.00109967
test_11210,0.99999800
test_11211,0.00151672
test_11212,0.99460034
test_11213,0.00000002
test_11214,0.00081040
test_11215,0.00000005
test_11216,0.00247964
test_11217,0.99856021
test_11218,0.99999339
test_11219,0.97138318
test_11220,0.99609525
test_11221,0.00108625
test_11222,0.00000044
test_11223,0.00342334
test_11224,0.99999978
test_11225,0.00000013
test_11226,0.06450406
test_11227,0.99999938
test_11228,0.00000105
test_11229,0.95592432
test_11230,0.00686586
test_11231,0.85629760
test_11232,0.00001035
test_11233,0.99746278
test_11234,0.99999990
test_11235,0.98484383
test_11236,0.61589494
test_11237,0.00000074
test_11238,0.99953434
test_11239,0.99761981
test_11240,0.99615861
test_11241,0.99838641
test_11242,0.99991296
test_11243,0.97131131
test_11244,0.06421246
test_11245,0.00064838
test_11246,0.99560558
test_11247,0.00000201
test_11248,0.99808272
test_11249,0.00092240
test_11250,0.99911178
test_11251,0.99894305
test_11252,0.00003238
test_11253,0.00269453
test_11254,0.99611682
test_11255,0.01199903
test_11256,0.61982815
test_11257,0.99999786
test_11258,0.98548220
test_11259,0.00035734
test_11260,0.00494272
test_11261,0.00027875
test_11262,0.99994904
test_11263,0.85409470
test_11264,0.65873987
test_11265,0.10658842
test_11266,0.00002633
test_11267,0.00000801
test_11268,0.91255162
test_11269,0.94171664
test_11270,0.99942711
test_11271,0.99565318
test_11272,0.00000010
test_11273,0.99972791
test_11274,0.99862340
test_11275,0.00000014
test_11276,0.00052331
test_11277,0.99894837
test_11278,0.00000009
test_11279,0.37070545
test_11280,0.99785967
test_11281,0.99812955
test_11282,0.04555035
test_11283,0.00051771
test_11284,0.05726681
test_11285,0.00000012
test_11286,0.00000009
test_11287,0.97814706
test_11288,0.99999994
test_11289,0.00000003
test_11290,0.99932887
test_11291,0.99989958
test_11292,0.99999919
test_11293,0.00610839
test_11294,0.99863700
test_11295,0.99999986
test_11296,0.00139585
test_11297,0.99997317
test_11298,0.00182994
test_11299,0.98997797
test_11300,0.99731426
test_11301,0.99999985
test_11302,0.00000028
test_11303,0.98939988
test_11304,0.99928892
test_11305,0.00059418
test_11306,0.99999976
test_11307,0.99799993
test_11308,0.99999930
test_11309,0.00000067
test_11310,0.10552762
test_11311,0.00213665
test_11312,0.99329950
test_11313,0.00031303
test_11314,0.02077167
test_11315,0.09031553
test_11316,0.60138909
test_11317,0.97979465
test_11318,0.98999217
test_11319,0.00000199
test_11320,0.04581365
test_11321,0.01481779
test_11322,0.00000029
test_11323,0.00001645
test_11324,0.00000563
test_11325,0.99817078
test_11326,0.00000006
test_11327,0.99825896
test_11328,0.99999980
test_11329,0.00238298
test_11330,0.00024582
test_11331,0.00020955
test_11332,0.99999982
test_11333,0.97892276
test_11334,0.00793466
test_11335,0.53828176
test_11336,0.97065252
test_11337,0.99985243
test_11338,0.97337879
test_11339,0.28462294
test_11340,0.00000549
test_11341,0.99999571
test_11342,0.00220477
test_11343,0.99999904
test_11344,0.00000512
test_11345,0.00706057
test_11346,0.02346270
test_11347,0.90308308
test_11348,0.00562918
test_11349,0.00000008
test_11350,0.91944083
test_11351,0.00000108
test_11352,0.00399805
test_11353,0.99999933
test_11354,0.00000446
test_11355,0.00000026
test_11356,0.00024890
test_11357,0.00000503
test_11358,0.00135099
test_11359,0.17293659
test_11360,0.03507834
test_11361,0.00000241
test_11362,0.00185809
test_11363,0.00000021
test_11364,0.00000975
test_11365,0.08809498
test_11366,0.99771521
test_11367,0.00000753
test_11368,0.00007533
test_11369,0.58210962
test_11370,0.99618972
test_11371,0.00000802
test_11372,0.00000071
test_11373,0.00000102
test_11374,0.99991808
test_11375,0.00036890
test_11376,0.00000634
test_11377,0.99999162
test_11378,0.02527318
test_11379,0.00000054
test_11380,0.00000025
test_11381,0.00000326
test_11382,0.99031591
test_11383,0.00015081
test_11384,0.04259427
test_11385,0.97326639
test_11386,0.99999975
test_11387,0.99999829
test_11388,0.01499769
test_11389,0.00028560
test_11390,0.98926103
test_11391,0.99757282
test_11392,0.99999971
test_11393,0.99997197
test_11394,0.42264975
test_11395,0.79371895
test_11396,0.03841865
test_11397,0.00000017
test_11398,0.99694829
test_11399,0.38403194
test_11400,0.03342246
test_11401,0.99999932
test_11402,0.95935130
test_11403,0.00273127
test_11404,0.99928460
test_11405,0.14911273
test_11406,0.00000023
test_11407,0.00061352
test_11408,0.07620081
test_11409,0.00067713
test_11410,0.00013550
test_11411,0.11967961
test_11412,0.98888859
test_11413,0.02746965
test_11414,0.03480138
test_11415,0.98501070
test_11416,0.00001400
test_11417,0.99965875
test_11418,0.99957680
test_11419,0.99986732
test_11420,0.00115990
test_11421,0.00216544
test_11422,0.18691073
test_11423,0.00000277
test_11424,0.99999736
test_11425,0.00004673
test_11426,0.00000097
test_11427,0.99991517
test_11428,0.00010475
test_11429,0.99995385
test_11430,0.05608509
test_11431,0.99998971
test_11432,0.99960813
test_11433,0.00000522
test_11434,0.99999873
test_11435,0.99965656
test_11436,0.84156008
test_11437,0.99957213
test_11438,0.00000476
test_11439,0.00000012
test_11440,0.00558839
test_11441,0.00000003
test_11442,0.00874880
test_11443,0.93726752
test_11444,0.00214056
test_11445,0.52558830
test_11446,0.00000230
test_11447,0.57677248
test_11448,0.00062747
test_11449,0.99910481
test_11450,0.99999800
test_11451,0.93839265
test_11452,0.61407671
test_11453,0.00026968
test_11454,0.00000002
test_11455,0.00003052
test_11456,0.00000121
test_11457,0.98173306
test_11458,0.00198666
test_11459,0.00606566
test_11460,0.00059463
test_11461,0.96892327
test_11462,0.99954517
test_11463,0.00147391
test_11464,0.99999994
test_11465,0.98392338
test_11466,0.98821118
test_11467,0.00547009
test_11468,0.91448194
test_11469,0.00013451
test_11470,0.00414303
test_11471,0.93029443
test_11472,0.00000052
test_11473,0.34798871
test_11474,0.99774850
test_11475,0.01100553
test_11476,0.00082550
test_11477,0.99252106
test_11478,0.00000404
test_11479,0.01867319
test_11480,0.93441608
test_11481,0.00067906
test_11482,0.12657919
test_11483,0.99999893
test_11484,0.00013788
test_11485,0.99989730
test_11486,0.96562760
test_11487,0.12445324
test_11488,0.00056081
test_11489,0.99995799
test_11490,0.99996860
test_11491,0.00026855
test_11492,0.18937104
test_11493,0.99999921
test_11494,0.55617460
test_11495,0.00000251
test_11496,0.99880485
test_11497,0.99963700
test_11498,0.91906021
test_11499,0.99743704
test_11500,0.00008559
test_11501,0.99998217
test_11502,0.00000035
test_11503,0.00008568
test_11504,0.99758094
test_11505,0.99935549
test_11506,0.00371635
test_11507,0.00228274
test_11508,0.00011126
test_11509,0.00178390
test_11510,0.00734966
test_11511,0.00458070
test_11512,0.00956327
test_11513,0.00766982
test_11514,0.00005511
test_11515,0.00246981
test_11516,0.09755101
test_11517,0.01071144
test_11518,0.45074087
test_11519,0.99999567
test_11520,0.97681374
test_11521,0.00000054
test_11522,0.00031408
test_11523,0.55588995
test_11524,0.00000017
test_11525,0.96697344
test_11526,0.80918824
test_11527,0.00006441
test_11528,0.07762685
test_11529,0.00005627
test_11530,0.99338361
test_11531,0.99799905
test_11532,0.99928318
test_11533,0.03198416
test_11534,0.99777923
test_11535,0.88741519
test_11536,0.99999939
test_11537,0.98897151
test_11538,0.18986782
test_11539,0.99997426
test_11540,0.99929828
test_11541,0.09537926
test_11542,0.11534863
test_11543,0.99994356
test_11544,0.00455523
test_11545,0.99998461
test_11546,0.00020984
test_11547,0.99974360
test_11548,0.01311808
test_11549,0.00000021
test_11550,0.97523101
test_11551,0.00121011
test_11552,0.99879707
test_11553,0.99879301
test_11554,0.15645702
test_11555,0.99991530
test_11556,0.00285336
test_11557,0.96849190
test_11558,0.99937514
test_11559,0.00071513
test_11560,0.00000350
test_11561,0.00000058
test_11562,0.99994410
test_11563,0.99999955
test_11564,0.01268169
test_11565,0.11962057
test_11566,0.00000258
test_11567,0.94155780
test_11568,0.00080245
test_11569,0.99936913
test_11570,0.00009864
test_11571,0.07767616
test_11572,0.00000107
test_11573,0.66829574
test_11574,0.99999888
test_11575,0.99927165
test_11576,0.99497089
test_11577,0.99999903
test_11578,0.12929166
test_11579,0.99843055
test_11580,0.99989411
test_11581,0.20492576
test_11582,0.00000011
test_11583,0.03572499
test_11584,0.99999832
test_11585,0.00000092
test_11586,0.99999990
test_11587,0.99999970
test_11588,0.00374920
test_11589,0.98509243
test_11590,0.99971101
test_11591,0.99970241
test_11592,0.99999940
test_11593,0.00090672
test_11594,0.99999942
test_11595,0.00057475
test_11596,0.99977411
test_11597,0.99984590
test_11598,0.00000009
test_11599,0.00456871
test_11600,0.00192174
test_11601,0.99999924
test_11602,0.02869571
test_11603,0.99680819
test_11604,0.99999861
test_11605,0.99999989
test_11606,0.03905137
test_11607,0.99999995
test_11608,0.00000041
test_11609,0.99993580
test_11610,0.00015179
test_11611,0.99999997
test_11612,0.99999920
test_11613,0.99985029
test_11614,0.00522927
test_11615,0.99715341
test_11616,0.99956571
test_11617,0.99999948
test_11618,0.99999974
test_11619,0.64147406
test_11620,0.00219169
test_11621,0.00000022
test_11622,0.99999831
test_11623,0.00025178
test_11624,0.99930849
test_11625,0.91390440
test_11626,0.99999985
test_11627,0.99393633
test_11628,0.00222958
test_11629,0.99568238
test_11630,0.00087878
test_11631,0.00060032
test_11632,0.00000049
test_11633,0.78925866
test_11634,0.99466537
test_11635,0.99979116
test_11636,0.99999990
test_11637,0.99590319
test_11638,0.91621487
test_11639,0.03626111
test_11640,0.99649672
test_11641,0.99870469
test_11642,0.99999943
test_11643,0.99999061
test_11644,0.99913292
test_11645,0.05770683
test_11646,0.00000003
test_11647,0.00000423
test_11648,0.99999992
test_11649,0.05891262
test_11650,0.99999985
test_11651,0.00924978
test_11652,0.00029488
test_11653,0.00131269
test_11654,0.00000127
test_11655,0.00000025
test_11656,0.99999914
test_11657,0.00000250
test_11658,0.01205595
test_11659,0.00000037
test_11660,0.99728740
test_11661,0.00006010
test_11662,0.99994436
test_11663,0.00001018
test_11664,0.43076577
test_11665,0.01129497
test_11666,0.00487903
test_11667,0.00000089
test_11668,0.99999994
test_11669,0.99991467
test_11670,0.00000101
test_11671,0.06834993
test_11672,0.99999972
test_11673,0.05209817
test_11674,0.00004668
test_11675,0.00010575
test_11676,0.99571538
test_11677,0.78791454
test_11678,0.00000006
test_11679,0.99999972
test_11680,0.00200375
test_11681,0.00530673
test_11682,0.00282496
test_11683,0.58261469
test_11684,0.99741776
test_11685,0.06312592
test_11686,0.98838546
test_11687,0.01667196
test_11688,0.00875328
test_11689,0.01658406
test_11690,0.99861427
test_11691,0.96601708
test_11692,0.02420480
test_11693,0.45316645
test_11694,0.01428362
test_11695,0.99984352
test_11696,0.00015760
test_11697,0.03257200
test_11698,0.00296479
test_11699,0.37309603
test_11700,0.23353221
test_11701,0.00016897
test_11702,0.00000067
test_11703,0.00021345
test_11704,0.99985566
test_11705,0.98741784
test_11706,0.99992481
test_11707,0.00029555
test_11708,0.99677876
test_11709,0.99662162
test_11710,0.96722880
test_11711,0.99999759
test_11712,0.00002598
test_11713,0.99166182
test_11714,0.99999861
test_11715,0.99999955
test_11716,0.00177625
test_11717,0.00000029
test_11718,0.00059707
test_11719,0.00011833
test_11720,0.99952173
test_11721,0.98489824
test_11722,0.99975863
test_11723,0.99664120
test_11724,0.00000477
test_11725,0.22311565
test_11726,0.99545235
test_11727,0.99999951
test_11728,0.99999297
test_11729,0.99444587
test_11730,0.00043224
test_11731,0.00047163
test_11732,0.99998981
test_11733,0.99868133
test_11734,0.00104378
test_11735,0.94110344
test_11736,0.00268765
test_11737,0.30252447
test_11738,0.99961260
test_11739,0.99030668
test_11740,0.02442408
test_11741,0.07168571
test_11742,0.20887307
test_11743,0.99866286
test_11744,0.99998195
test_11745,0.00000006
test_11746,0.99626190
test_11747,0.00145334
test_11748,0.00000094
test_11749,0.99999930
test_11750,0.00015036
test_11751,0.99935643
test_11752,0.99986171
test_11753,0.00001122
test_11754,0.99999783
test_11755,0.08319830
test_11756,0.99328615
test_11757,0.29895564
test_11758,0.00073535
test_11759,0.99976883
test_11760,0.96125577
test_11761,0.99995690
test_11762,0.99999923
test_11763,0.24156831
test_11764,0.99999958
test_11765,0.00000136
test_11766,0.15316289
test_11767,0.30144999
test_11768,0.06157099
test_11769,0.00002219
test_11770,0.01758527
test_11771,0.99999960
test_11772,0.99999921
test_11773,0.00534057
test_11774,0.00002386
test_11775,0.99999766
test_11776,0.32328785
test_11777,0.99999996
test_11778,0.99999975
test_11779,0.99999941
test_11780,0.99999620
test_11781,0.00831655
test_11782,0.00010549
test_11783,0.00495385
test_11784,0.99999593
test_11785,0.01469391
test_11786,0.99339935
test_11787,0.03062515
test_11788,0.04499105
test_11789,0.00000071
test_11790,0.00261201
test_11791,0.99993940
test_11792,0.99998447
test_11793,0.99998707
test_11794,0.99999901
test_11795,0.99989238
test_11796,0.00000020
test_11797,0.99869827
test_11798,0.00000018
test_11799,0.99983626
test_11800,0.00085709
test_11801,0.00002198
test_11802,0.00000024
test_11803,0.00092533
test_11804,0.00000067
test_11805,0.00000331
test_11806,0.05800768
test_11807,0.99972149
test_11808,0.99912531
test_11809,0.04143308
test_11810,0.99999431
test_11811,0.00158734
test_11812,0.00042345
test_11813,0.00002192
test_11814,0.00000892
test_11815,0.00000017
test_11816,0.99356345
test_11817,0.00540123
test_11818,0.00000009
test_11819,0.99982612
test_11820,0.85878509
test_11821,0.99999959
test_11822,0.99834745
test_11823,0.99999827
test_11824,0.99995652
test_11825,0.98893148
test_11826,0.00000316
test_11827,0.96455727
test_11828,0.00001938
test_11829,0.00003957
test_11830,0.98806562
test_11831,0.00000016
test_11832,0.05090104
test_11833,0.00000028
test_11834,0.99999091
test_11835,0.01111356
test_11836,0.65910487
test_11837,0.84317093
test_11838,0.00486449
test_11839,0.02054527
test_11840,0.00000018
test_11841,0.00369408
test_11842,0.00000085
test_11843,0.00000019
test_11844,0.00000048
test_11845,0.94714787
test_11846,0.01276100
test_11847,0.98426344
test_11848,0.99998405
test_11849,0.00000021
test_11850,0.99984247
test_11851,0.00000640
test_11852,0.00392102
test_11853,0.99999995
test_11854,0.00036088
test_11855,0.99926900
test_11856,0.99990241
test_11857,0.00000076
test_11858,0.99999997
test_11859,0.17078583
test_11860,0.03278502
test_11861,0.01413491
test_11862,0.00000047
test_11863,0.16822778
test_11864,0.99889732
test_11865,0.98704924
test_11866,0.99761476
test_11867,0.99800153
test_11868,0.00762009
test_11869,0.99965056
test_11870,0.99998997
test_11871,0.99995480
test_11872,0.99974063
test_11873,0.99425997
test_11874,0.99334158
test_11875,0.99958206
test_11876,0.99999993
test_11877,0.01848359
test_11878,0.95311783
test_11879,0.00006134
test_11880,0.01068622
test_11881,0.99682509
test_11882,0.99999995
test_11883,0.00028259
test_11884,0.99960635
test_11885,0.00982129
test_11886,0.00100810
test_11887,0.99999998
test_11888,0.00257477
test_11889,0.00009930
test_11890,0.00000074
test_11891,0.93055602
test_11892,0.00053320
test_11893,0.99210806
test_11894,0.98627574
test_11895,0.01372375
test_11896,0.99999994
test_11897,0.00000252
test_11898,0.00000095
test_11899,0.99999986
test_11900,0.99542168
test_11901,0.97751123
test_11902,0.99999849
test_11903,0.99056184
test_11904,0.99999942
test_11905,0.99999569
test_11906,0.00000011
test_11907,0.99999987
test_11908,0.00055687
test_11909,0.00000125
test_11910,0.99983184
test_11911,0.99999990
test_11912,0.00000012
test_11913,0.00000163
test_11914,0.00169697
test_11915,0.00000136
test_11916,0.00000016
test_11917,0.57569265
test_11918,0.99998764
test_11919,0.02064408
test_11920,0.99862088
test_11921,0.03858964
test_11922,0.00000041
test_11923,0.99757314
test_11924,0.99996955
test_11925,0.99712540
test_11926,0.99945551
test_11927,0.99999987
test_11928,0.11363667
test_11929,0.00000004
test_11930,0.99999994
test_11931,0.99938052
test_11932,0.01210971
test_11933,0.85808693
test_11934,0.00014177
test_11935,0.00128564
test_11936,0.98442970
test_11937,0.00000034
test_11938,0.99998143
test_11939,0.03718569
test_11940,0.00013232
test_11941,0.00000015
test_11942,0.99568109
test_11943,0.00000126
test_11944,0.00000090
test_11945,0.99593851
test_11946,0.93756522
test_11947,0.00102134
test_11948,0.14135746
test_11949,0.05851305
test_11950,0.00000017
test_11951,0.00100085
test_11952,0.00000124
test_11953,0.70089569
test_11954,0.06227698
test_11955,0.99958014
test_11956,0.08803834
test_11957,0.98998069
test_11958,0.45952324
test_11959,0.69910099
test_11960,0.00000017
test_11961,0.00315246
test_11962,0.00008114
test_11963,0.99999941
test_11964,0.00391243
test_11965,0.91299489
test_11966,0.96337502
test_11967,0.00819435
test_11968,0.99999968
test_11969,0.00000007
test_11970,0.00284394
test_11971,0.00220173
test_11972,0.99996051
test_11973,0.00000020
test_11974,0.99999516
test_11975,0.99999999
test_11976,0.00644856
test_11977,0.99948916
test_11978,0.99999954
test_11979,0.99999054
test_11980,0.99999923
test_11981,0.00006969
test_11982,0.99940834
test_11983,0.98257158
test_11984,0.99998582
test_11985,0.00001699
test_11986,0.94767974
test_11987,0.01631451
test_11988,0.99580723
test_11989,0.08676713
test_11990,0.99999999
test_11991,0.92617752
test_11992,0.00049724
test_11993,0.99981482
test_11994,0.35189216
test_11995,0.97053740
test_11996,0.00924726
test_11997,0.99909602
test_11998,0.00382799
test_11999,0.00379047
test_12000,0.99988692
test_12001,0.00001968
test_12002,0.00000076
test_12003,0.99765681
test_12004,0.00175170
test_12005,0.00000142
test_12006,0.00000282
test_12007,0.77613607
test_12008,0.00000674
test_12009,0.09852193
test_12010,0.00000875
test_12011,0.99494236
test_12012,0.99242780
test_12013,0.00000071
test_12014,0.99999696
test_12015,0.99809871
test_12016,0.54083077
test_12017,0.99999995
test_12018,0.99837679
test_12019,0.99962957
test_12020,0.09034159
test_12021,0.99999755
test_12022,0.99026542
test_12023,0.00364203
test_12024,0.00000139
test_12025,0.94321168
test_12026,0.00001758
test_12027,0.99986407
test_12028,0.00482207
test_12029,0.13089793
test_12030,0.14082544
test_12031,0.99891804
test_12032,0.00209016
test_12033,0.99995687
test_12034,0.99999992
test_12035,0.99556138
test_12036,0.00000690
test_12037,0.90669171
test_12038,0.00000083
test_12039,0.00138617
test_12040,0.99972403
test_12041,0.99989266
test_12042,0.00097028
test_12043,0.99999740
test_12044,0.00006414
test_12045,0.00000018
test_12046,0.99999976
test_12047,0.01181924
test_12048,0.99974726
test_12049,0.00000004
test_12050,0.02082091
test_12051,0.00014208
test_12052,0.00880265
test_12053,0.00001098
test_12054,0.99999938
test_12055,0.99997531
test_12056,0.81145033
test_12057,0.99306803
test_12058,0.91720172
test_12059,0.99999693
test_12060,0.99999984
test_12061,0.00652940
test_12062,0.00000051
test_12063,0.99972922
test_12064,0.99999930
test_12065,0.26745767
test_12066,0.03917088
test_12067,0.99999931
test_12068,0.01032048
test_12069,0.00000019
test_12070,0.02100811
test_12071,0.99628802
test_12072,0.99990164
test_12073,0.00529178
test_12074,0.00534626
test_12075,0.99999974
test_12076,0.96245554
test_12077,0.00003184
test_12078,0.99999869
test_12079,0.00000151
test_12080,0.00000856
test_12081,0.99999978
test_12082,0.03239590
test_12083,0.00113656
test_12084,0.99999899
test_12085,0.99999969
test_12086,0.99908990
test_12087,0.99885117
test_12088,0.07269490
test_12089,0.00012947
test_12090,0.04111250
test_12091,0.99999993
test_12092,0.99995534
test_12093,0.99999992
test_12094,0.99999856
test_12095,0.99894281
test_12096,0.99999632
test_12097,0.00058901
test_12098,0.99656875
test_12099,0.00003365
test_12100,0.00939093
test_12101,0.99999995
test_12102,0.00000083
test_12103,0.00000065
test_12104,0.02741028
test_12105,0.00402564
test_12106,0.93796896
test_12107,0.99999887
test_12108,0.99643238
test_12109,0.00000449
test_12110,0.01016502
test_12111,0.99995739
test_12112,0.99980617
test_12113,0.99797617
test_12114,0.99951198
test_12115,0.00033286
test_12116,0.00000029
test_12117,0.00001497
test_12118,0.99995216
test_12119,0.99997622
test_12120,0.99982819
test_12121,0.00000055
test_12122,0.00854826
test_12123,0.00000125
test_12124,0.99964708
test_12125,0.00172994
test_12126,0.99999942
test_12127,0.99903327
test_12128,0.89716505
test_12129,0.00340972
test_12130,0.97031488
test_12131,0.99608824
test_12132,0.04595078
test_12133,0.99999947
test_12134,0.99999845
test_12135,0.00000281
test_12136,0.99761606
test_12137,0.98837193
test_12138,0.00705459
test_12139,0.96446151
test_12140,0.99971279
test_12141,0.00190622
test_12142,0.96832041
test_12143,0.95917856
test_12144,0.78304747
test_12145,0.11736576
test_12146,0.99938074
test_12147,0.00656220
test_12148,0.06450666
test_12149,0.99999996
test_12150,0.00000018
test_12151,0.99254401
test_12152,0.98206291
test_12153,0.00224015
test_12154,0.99945989
test_12155,0.99203754
test_12156,0.00019419
test_12157,0.99778247
test_12158,0.00000001
test_12159,0.99318811
test_12160,0.99995814
test_12161,0.99999465
test_12162,0.99947678
test_12163,0.42168181
test_12164,0.99999947
test_12165,0.00003003
test_12166,0.99999977
test_12167,0.99589444
test_12168,0.00001768
test_12169,0.99442076
test_12170,0.00301904
test_12171,0.00003197
test_12172,0.99999701
test_12173,0.99999990
test_12174,0.81645430
test_12175,0.99999881
test_12176,0.01033481
test_12177,0.01814051
test_12178,0.02095046
test_12179,0.00397052
test_12180,0.99597684
test_12181,0.99999889
test_12182,0.99661397
test_12183,0.99987651
test_12184,0.00008421
test_12185,0.99999992
test_12186,0.97604608
test_12187,0.00000875
test_12188,0.00000019
test_12189,0.16491036
test_12190,0.99977705
test_12191,0.99999929
test_12192,0.00012153
test_12193,0.01418652
test_12194,0.00448245
test_12195,0.00032708
test_12196,0.00000020
test_12197,0.00271178
test_12198,0.01065212
test_12199,0.02493386
test_12200,0.96897672
test_12201,0.00000169
test_12202,0.99525066
test_12203,0.99969298
test_12204,0.14037811
test_12205,0.00000237
test_12206,0.00201205
test_12207,0.00000002
test_12208,0.99872954
test_12209,0.99935215
test_12210,0.00012028
test_12211,0.00243941
test_12212,0.99800471
test_12213,0.00000080
test_12214,0.99997433
test_12215,0.99992948
test_12216,0.06026395
test_12217,0.08143678
test_12218,0.05885897
test_12219,0.00006902
test_12220,0.00044355
test_12221,0.00293521
test_12222,0.00463236
test_12223,0.00066655
test_12224,0.92402553
test_12225,0.00158153
test_12226,0.00009552
test_12227,0.00005520
test_12228,0.99995145
test_12229,0.01987409
test_12230,0.09219444
test_12231,0.00390114
test_12232,0.00000094
test_12233,0.00000197
test_12234,0.99657153
test_12235,0.09020729
test_12236,0.00000178
test_12237,0.99519516
test_12238,0.98644899
test_12239,0.99847172
test_12240,0.00006710
test_12241,0.00119111
test_12242,0.00566022
test_12243,0.99773965
test_12244,0.00648397
test_12245,0.01543472
test_12246,0.99980443
test_12247,0.00009624
test_12248,0.00065608
test_12249,0.00000038
test_12250,0.02047861
test_12251,0.00028090
test_12252,0.00139415
test_12253,0.75352743
test_12254,0.98082903
test_12255,0.00903301
test_12256,0.00488708
test_12257,0.07027984
test_12258,0.00000045
test_12259,0.99351677
test_12260,0.99999987
test_12261,0.99969578
test_12262,0.06717544
test_12263,0.18538836
test_12264,0.10877837
test_12265,0.00031051
test_12266,0.66488338
test_12267,0.00676999
test_12268,0.00093729
test_12269,0.99999996
test_12270,0.00000535
test_12271,0.02054571
test_12272,0.99650374
test_12273,0.00623471
test_12274,0.99527784
test_12275,0.00009790
test_12276,0.84576417
test_12277,0.93961353
test_12278,0.00005861
test_12279,0.92810572
test_12280,0.96786583
test_12281,0.01004442
test_12282,0.00381478
test_12283,0.95365023
test_12284,0.00000635
test_12285,0.00109984
test_12286,0.04996370
test_12287,0.99436389
test_12288,0.99996253
test_12289,0.00000146
test_12290,0.00140860
test_12291,0.93951876
test_12292,0.47592329
test_12293,0.87791352
test_12294,0.00878535
test_12295,0.99999891
test_12296,0.99999818
test_12297,0.00027848
test_12298,0.01353920
test_12299,0.87460190
test_12300,0.10602132
test_12301,0.99143552
test_12302,0.16138838
test_12303,0.00190489
test_12304,0.99993970
test_12305,0.00000400
test_12306,0.96703636
test_12307,0.88821611
test_12308,0.05040687
test_12309,0.99999971
test_12310,0.00051915
test_12311,0.98824927
test_12312,0.99697022
test_12313,0.00212659
test_12314,0.99957722
test_12315,0.00076838
test_12316,0.00645827
test_12317,0.00000120
test_12318,0.00000022
test_12319,0.99364786
test_12320,0.99999998
test_12321,0.99999987
test_12322,0.00001680
test_12323,0.00000879
test_12324,0.00030713
test_12325,0.99697623
test_12326,0.99999418
test_12327,0.99684320
test_12328,0.00001132
test_12329,0.99737159
test_12330,0.99993816
test_12331,0.00003813
test_12332,0.99540621
test_12333,0.00662943
test_12334,0.00000004
test_12335,0.99999588
test_12336,0.03925133
test_12337,0.17401940
test_12338,0.00047086
test_12339,0.99990147
test_12340,0.58284858
test_12341,0.00000777
test_12342,0.00014755
test_12343,0.00003782
test_12344,0.95071226
test_12345,0.99987325
test_12346,0.99984125
test_12347,0.99545192
test_12348,0.00156002
test_12349,0.18052631
test_12350,0.00031629
test_12351,0.00000228
test_12352,0.99986060
test_12353,0.99997736
test_12354,0.52012375
test_12355,0.00000228
test_12356,0.54533986
test_12357,0.99972781
test_12358,0.00001342
test_12359,0.99999910
test_12360,0.00015997
test_12361,0.99716451
test_12362,0.99946695
test_12363,0.00080318
test_12364,0.00736328
test_12365,0.99877223
test_12366,0.00653425
test_12367,0.00204096
test_12368,0.99999995
test_12369,0.99107383
test_12370,0.00076079
test_12371,0.99999782
test_12372,0.99999541
test_12373,0.97284685
test_12374,0.00000332
test_12375,0.99999658
test_12376,0.00004094
test_12377,0.00115810
test_12378,0.00058015
test_12379,0.00000014
test_12380,0.00000216
test_12381,0.10580468
test_12382,0.00033035
test_12383,0.00000770
test_12384,0.99666714
test_12385,0.00098276
test_12386,0.99536295
test_12387,1.00000000
test_12388,0.00059561
test_12389,0.03831593
test_12390,0.99968689
test_12391,0.99999952
test_12392,0.00000006
test_12393,0.00000099
test_12394,0.06281596
test_12395,0.99986104
test_12396,0.42294255
test_12397,0.00000017
test_12398,0.01451111
test_12399,0.00000014
test_12400,0.99996584
test_12401,0.00000024
test_12402,0.04776326
test_12403,0.99988718
test_12404,0.00000006
test_12405,0.00004314
test_12406,0.99651799
test_12407,0.99999987
test_12408,0.99971265
test_12409,0.96220537
test_12410,0.00057237
test_12411,0.99996894
test_12412,0.99827475
test_12413,0.03631858
test_12414,0.00004340
test_12415,0.75844943
test_12416,0.97866022
test_12417,0.99999101
test_12418,0.99999956
test_12419,0.97398099
test_12420,0.99998354
test_12421,0.00000017
test_12422,0.99999991
test_12423,0.00745410
test_12424,0.00002199
test_12425,0.02078994
test_12426,0.99785712
test_12427,0.74875807
test_12428,0.99996336
test_12429,0.98125403
test_12430,0.99548959
test_12431,0.99999937
test_12432,0.99930368
test_12433,0.03903838
test_12434,0.99921010
test_12435,0.00007975
test_12436,0.00139294
test_12437,0.00022389
test_12438,0.00093010
test_12439,0.00130911
test_12440,0.76509452
test_12441,0.99999979
test_12442,0.99999665
test_12443,0.00022342
test_12444,0.01353816
test_12445,0.99999667
test_12446,0.01025638
test_12447,0.01129351
test_12448,0.00000015
test_12449,0.76373209
test_12450,0.99999746
test_12451,0.99788699
test_12452,0.93576430
test_12453,0.99839631
test_12454,0.97676676
test_12455,0.00402760
test_12456,0.00016117
test_12457,0.00000059
test_12458,0.99928102
test_12459,0.99706856
test_12460,0.00000043
test_12461,0.99994942
test_12462,0.04807985
test_12463,0.32974503
test_12464,0.00086572
test_12465,0.99999973
test_12466,0.00033500
test_12467,0.99993834
test_12468,0.01644966
test_12469,0.00096988
test_12470,0.99921573
test_12471,0.73489502
test_12472,0.00419660
test_12473,0.98586997
test_12474,0.00117575
test_12475,0.00114605
test_12476,0.99958652
test_12477,0.00000179
test_12478,0.99999443
test_12479,0.00017419
test_12480,0.00000011
test_12481,0.00000097
test_12482,0.99999963
test_12483,0.00000249
test_12484,0.99999928
test_12485,0.00000006
test_12486,0.00201048
test_12487,0.01109551
test_12488,0.00000101
test_12489,0.99999986
test_12490,0.00023167
test_12491,0.00001144
test_12492,0.98088409
test_12493,0.99124059
test_12494,0.99325083
test_12495,0.00139240
test_12496,0.19908753
test_12497,0.00153690
test_12498,0.48492929
test_12499,0.91609710
test_12500,0.99999999
test_12501,0.99999669
test_12502,0.00000006
test_12503,0.99999812
test_12504,0.99821554
test_12505,0.01166084
test_12506,0.99999971
test_12507,0.86137371
test_12508,0.99999993
test_12509,0.00000013
test_12510,0.99071763
test_12511,0.00156902
test_12512,0.02135865
test_12513,0.00429371
test_12514,0.99999075
test_12515,0.05044557
test_12516,0.98753646
test_12517,0.00145170
test_12518,0.00000020
test_12519,0.00414396
test_12520,0.00023282
test_12521,0.00610944
test_12522,0.01237034
test_12523,0.00309193
test_12524,0.99941796
test_12525,0.00024581
test_12526,0.99975338
test_12527,0.00061816
test_12528,0.00019639
test_12529,0.00000580
test_12530,0.99731810
test_12531,0.00082004
test_12532,0.00221039
test_12533,0.99660440
test_12534,0.99827231
test_12535,0.99698792
test_12536,0.00013712
test_12537,0.99986596
test_12538,0.99999996
test_12539,0.00000044
test_12540,0.00478311
test_12541,0.07418222
test_12542,0.00010588
test_12543,0.00097369
test_12544,0.00000092
test_12545,0.99999997
test_12546,0.00098477
test_12547,0.00000009
test_12548,0.60730057
test_12549,0.99904884
test_12550,0.99801986
test_12551,0.02177522
test_12552,0.99984516
test_12553,0.92645561
test_12554,0.00004253
test_12555,0.99999693
test_12556,0.00050692
test_12557,0.23766535
test_12558,0.00021813
test_12559,0.99999949
test_12560,0.99963507
test_12561,0.99986752
test_12562,0.14454420
test_12563,0.99999967
test_12564,0.01639190
test_12565,0.00123608
test_12566,0.99296084
test_12567,0.00000055
test_12568,0.00530847
test_12569,0.99757678
test_12570,0.99999961
test_12571,0.00000429
test_12572,0.99772834
test_12573,0.00046351
test_12574,0.01135754
test_12575,0.00000009
test_12576,0.25157829
test_12577,0.00849047
test_12578,0.00124865
test_12579,0.99999929
test_12580,0.00020070
test_12581,0.90926574
test_12582,0.00059301
test_12583,0.99261063
test_12584,0.93262901
test_12585,0.99999777
test_12586,0.00002191
test_12587,0.01833935
test_12588,0.00002813
test_12589,0.00000158
test_12590,0.87572109
test_12591,0.99554057
test_12592,0.00000040
test_12593,0.00241771
test_12594,0.93610534
test_12595,0.99999822
test_12596,0.00000336
test_12597,0.99448256
test_12598,0.00000315
test_12599,0.00067486
test_12600,0.99999866
test_12601,0.99371297
test_12602,0.02372747
test_12603,0.99999969
test_12604,0.00206923
test_12605,0.00138469
test_12606,0.99844899
test_12607,0.00000164
test_12608,0.99951574
test_12609,0.98890480
test_12610,0.00000030
test_12611,0.00004932
test_12612,0.00000447
test_12613,0.97965458
test_12614,0.99739154
test_12615,0.17183078
test_12616,0.00081967
test_12617,0.00000011
test_12618,0.00000184
test_12619,0.99998338
test_12620,0.99814326
test_12621,0.00058602
test_12622,0.00000172
test_12623,0.99921870
test_12624,0.99999994
test_12625,0.00000005
test_12626,0.00093580
test_12627,0.00000149
test_12628,0.00392865
test_12629,0.99989023
test_12630,0.00417740
test_12631,0.99984285
test_12632,0.27490299
test_12633,0.00159527
test_12634,0.00000862
test_12635,0.00000117
test_12636,0.99710114
test_12637,0.89796078
test_12638,0.00002387
test_12639,0.99941954
test_12640,0.08578758
test_12641,0.00000099
test_12642,0.03539090
test_12643,0.99999967
test_12644,0.00494776
test_12645,0.99999948
test_12646,0.99997949
test_12647,0.00279771
test_12648,0.00000024
test_12649,0.00086824
test_12650,0.99999629
test_12651,0.99018017
test_12652,0.00000004
test_12653,0.99751929
test_12654,0.00000002
test_12655,0.99997892
test_12656,0.99043050
test_12657,0.91063493
test_12658,0.99999981
test_12659,0.00000055
test_12660,0.02537597
test_12661,0.99996970
test_12662,0.98556246
test_12663,0.00042997
test_12664,0.00000029
test_12665,0.98766639
test_12666,0.02716463
test_12667,0.99987493
test_12668,0.03946538
test_12669,0.00634601
test_12670,0.99999986
test_12671,0.99999913
test_12672,0.00013273
test_12673,0.00000005
test_12674,0.73964785
test_12675,0.03274563
test_12676,0.99799187
test_12677,0.98799845
test_12678,0.00988586
test_12679,0.99216190
test_12680,0.98907557
test_12681,0.22369274
test_12682,0.99384501
test_12683,0.00014163
test_12684,0.99766122
test_12685,0.01325899
test_12686,0.99999072
test_12687,0.99470379
test_12688,0.99880524
test_12689,0.42580837
test_12690,0.03215640
test_12691,0.99767733
test_12692,0.96142551
test_12693,0.98867101
test_12694,0.00001998
test_12695,0.00122344
test_12696,0.33808647
test_12697,0.00023670
test_12698,0.99648105
test_12699,0.00001774
test_12700,0.00642807
test_12701,0.98856817
test_12702,0.00000013
test_12703,0.00334729
test_12704,0.99731538
test_12705,0.99999992
test_12706,0.00247673
test_12707,0.99399738
test_12708,0.99999632
test_12709,0.99999965
test_12710,0.00000189
test_12711,0.99811888
test_12712,0.99904504
test_12713,0.01405803
test_12714,0.00189198
test_12715,0.07346603
test_12716,0.00000002
test_12717,0.00027953
test_12718,0.00774415
test_12719,0.99000951
test_12720,0.99999955
test_12721,0.99981345
test_12722,0.99992242
test_12723,0.00000497
test_12724,0.00000076
test_12725,0.99373268
test_12726,0.99947625
test_12727,0.67404646
test_12728,0.99122181
test_12729,0.99650274
test_12730,0.00000011
test_12731,0.99961693
test_12732,0.01554091
test_12733,0.94698475
test_12734,0.99999891
test_12735,0.99099285
test_12736,0.99930399
test_12737,0.99777793
test_12738,0.00429577
test_12739,0.99999988
test_12740,0.00175216
test_12741,0.00000109
test_12742,0.00004389
test_12743,0.00000035
test_12744,0.00000358
test_12745,0.18182533
test_12746,0.99403327
test_12747,0.99932258
test_12748,0.24652808
test_12749,0.00036575
test_12750,0.00000020
test_12751,0.00647850
test_12752,0.99856687
test_12753,0.00119642
test_12754,0.00000053
test_12755,0.99999421
test_12756,0.99999809
test_12757,0.96111952
test_12758,0.00000609
test_12759,0.00000006
test_12760,0.99993813
test_12761,0.98798318
test_12762,0.00000120
test_12763,0.80816640
test_12764,0.00000006
test_12765,0.99804075
test_12766,0.00028385
test_12767,0.00218754
test_12768,0.99999963
test_12769,0.99939401
test_12770,0.00000011
test_12771,0.00000045
test_12772,0.01752806
test_12773,0.99995626
test_12774,0.00008062
test_12775,0.99999990
test_12776,0.00050770
test_12777,0.00000053
test_12778,0.99860217
test_12779,0.00345295
test_12780,0.99999999
test_12781,0.99980273
test_12782,0.00006829
test_12783,0.99996765
test_12784,0.01781967
test_12785,0.99999722
test_12786,0.13458295
test_12787,0.99968977
test_12788,0.00467451
test_12789,0.98992025
test_12790,0.00000943
test_12791,0.00447376
test_12792,0.00159660
test_12793,0.99999750
test_12794,0.00214257
test_12795,0.99963678
test_12796,0.99931712
test_12797,0.99997821
test_12798,0.99772223
test_12799,0.00002055
test_12800,0.51162104
test_12801,0.00401332
test_12802,0.00234400
test_12803,0.99994253
test_12804,0.99999951
test_12805,0.00074448
test_12806,0.00639072
test_12807,0.98419684
test_12808,0.00418621
test_12809,0.99999349
test_12810,0.00007113
test_12811,0.34165563
test_12812,0.88550913
test_12813,0.96312436
test_12814,0.00811877
test_12815,0.00000433
test_12816,0.01844560
test_12817,0.00085144
test_12818,0.00058349
test_12819,0.00000007
test_12820,0.97911713
test_12821,0.01204817
test_12822,0.99664081
test_12823,0.99999997
test_12824,0.00036401
test_12825,0.04314385
test_12826,0.04253564
test_12827,0.04262462
test_12828,0.31598432
test_12829,0.98321247
test_12830,0.00964160
test_12831,0.02218734
test_12832,0.99999993
test_12833,0.00001250
test_12834,0.99999801
test_12835,0.99999978
test_12836,0.99304045
test_12837,0.99999674
test_12838,0.99999910
test_12839,0.00010832
test_12840,0.00000121
test_12841,0.00000002
test_12842,0.00018658
test_12843,0.99999993
test_12844,0.99998563
test_12845,0.00000614
test_12846,0.00000861
test_12847,0.98378804
test_12848,0.99607931
test_12849,0.00000004
test_12850,0.99998826
test_12851,0.27459286
test_12852,0.00016105
test_12853,0.99727218
test_12854,0.00299709
test_12855,0.00000003
test_12856,0.99995591
test_12857,0.98608806
test_12858,0.00000009
test_12859,0.99998247
test_12860,0.99999899
test_12861,0.00142380
test_12862,0.00586839
test_12863,0.00029079
test_12864,0.00003043
test_12865,0.99999836
test_12866,0.33881918
test_12867,0.99981511
test_12868,0.99475865
test_12869,0.00000248
test_12870,0.99967745
test_12871,0.24026312
test_12872,0.96834726
test_12873,0.97739779
test_12874,0.99999985
test_12875,0.01541804
test_12876,0.00000005
test_12877,0.00487684
test_12878,0.99800114
test_12879,0.99875282
test_12880,0.00202824
test_12881,0.00000013
test_12882,0.99999753
test_12883,0.00001100
test_12884,0.00916125
test_12885,0.00000037
test_12886,0.29888239
test_12887,0.03577100
test_12888,0.02119715
test_12889,0.00018225
test_12890,0.99988373
test_12891,0.00002602
test_12892,0.00426556
test_12893,0.99685352
test_12894,0.00036566
test_12895,0.97958529
test_12896,0.97756917
test_12897,0.99999771
test_12898,0.10492927
test_12899,0.00002250
test_12900,0.99932583
test_12901,0.99878120
test_12902,0.99999257
test_12903,0.12495037
test_12904,0.99914741
test_12905,0.99999987
test_12906,0.00000018
test_12907,0.00000026
test_12908,0.99974179
test_12909,0.99999970
test_12910,0.00089370
test_12911,0.99999995
test_12912,0.99999988
test_12913,0.00020755
test_12914,0.00000033
test_12915,0.99952720
test_12916,0.99999995
test_12917,0.99999987
test_12918,0.00126546
test_12919,0.99310785
test_12920,0.99999363
test_12921,0.00305133
test_12922,0.00000025
test_12923,0.99943182
test_12924,0.99998869
test_12925,0.88422783
test_12926,0.99999986
test_12927,0.00000038
test_12928,0.00000164
test_12929,0.99923188
test_12930,0.99999914
test_12931,0.00125486
test_12932,0.00055451
test_12933,0.99999935
test_12934,0.96758464
test_12935,0.00129691
test_12936,0.69441616
test_12937,0.68290383
test_12938,0.02770423
test_12939,0.99999363
test_12940,0.99992293
test_12941,0.34663713
test_12942,0.00637450
test_12943,0.00000054
test_12944,0.99962297
test_12945,0.00000358
test_12946,0.99999990
test_12947,0.99936907
test_12948,0.00000048
test_12949,0.00015641
test_12950,0.86272272
test_12951,0.01631341
test_12952,0.96660645
test_12953,0.99971228
test_12954,0.00000027
test_12955,0.00748774
test_12956,0.97589746
test_12957,0.95129765
test_12958,0.00014579
test_12959,0.15471531
test_12960,0.99996856
test_12961,0.00051887
test_12962,0.01277874
test_12963,0.99982104
test_12964,0.00000003
test_12965,0.58143679
test_12966,0.98681188
test_12967,0.00247355
test_12968,0.00798160
test_12969,0.99817129
test_12970,0.53131852
test_12971,0.00000085
test_12972,0.06855972
test_12973,0.00000106
test_12974,0.00913913
test_12975,0.38036079
test_12976,0.00000127
test_12977,0.00000036
test_12978,0.99114505
test_12979,0.00013439
test_12980,0.00000009
test_12981,0.93086730
test_12982,0.99998920
test_12983,0.00932978
test_12984,0.85322105
test_12985,0.95899627
test_12986,0.99800101
test_12987,0.99617728
test_12988,0.00000069
test_12989,0.98020234
test_12990,0.99999685
test_12991,0.00033736
test_12992,0.00239747
test_12993,0.99999957
test_12994,0.00603160
test_12995,0.97073205
test_12996,0.99859921
test_12997,0.00000005
test_12998,0.99999982
test_12999,0.96234329
test_13000,0.01233477
test_13001,0.99999998
test_13002,0.00030069
test_13003,0.99999033
test_13004,0.00042179
test_13005,0.86852807
test_13006,0.00290456
test_13007,0.00265676
test_13008,0.00083835
test_13009,0.99810661
test_13010,0.01426119
test_13011,0.06553359
test_13012,0.09031548
test_13013,0.99994629
test_13014,0.02739538
test_13015,0.99995958
test_13016,0.00000006
test_13017,0.99233762
test_13018,0.00000037
test_13019,0.99574157
test_13020,0.00010367
test_13021,0.07648341
test_13022,0.01834047
test_13023,0.48533527
test_13024,0.99997421
test_13025,0.99283007
test_13026,0.99999944
test_13027,0.98999659
test_13028,0.05813166
test_13029,0.99994058
test_13030,0.00621883
test_13031,0.93567143
test_13032,0.99685372
test_13033,0.00000139
test_13034,0.99845334
test_13035,0.01788302
test_13036,0.12977747
test_13037,0.99999983
test_13038,0.97841654
test_13039,0.99999996
test_13040,0.96085575
test_13041,0.99909479
test_13042,0.99177059
test_13043,0.99791332
test_13044,0.99977567
test_13045,0.00087050
test_13046,0.99999944
test_13047,0.00019628
test_13048,0.00050661
test_13049,0.99987121
test_13050,0.00000004
test_13051,0.00127780
test_13052,0.99807369
test_13053,0.99954914
test_13054,0.00000181
test_13055,0.00000048
test_13056,0.99999960
test_13057,0.00000841
test_13058,0.00000039
test_13059,0.99990878
test_13060,0.99998889
test_13061,0.99999821
test_13062,0.99999956
test_13063,0.00000036
test_13064,0.00000012
test_13065,0.99918015
test_13066,0.94045474
test_13067,0.00872093
test_13068,0.99278584
test_13069,0.99963353
test_13070,0.99708179
test_13071,0.00000730
test_13072,0.00010663
test_13073,0.50959979
test_13074,0.99972413
test_13075,0.99964950
test_13076,0.00791237
test_13077,0.20213264
test_13078,0.99325946
test_13079,0.99915908
test_13080,0.00000626
test_13081,0.03337182
test_13082,0.99791880
test_13083,0.80155248
test_13084,0.99541375
test_13085,0.99999999
test_13086,0.99999516
test_13087,0.00000008
test_13088,0.99165881
test_13089,0.00337284
test_13090,0.04110172
test_13091,0.02295406
test_13092,0.99999985
test_13093,0.00010297
test_13094,0.99703219
test_13095,0.93191046
test_13096,0.00000058
test_13097,0.00043575
test_13098,0.00000049
test_13099,0.00262489
test_13100,0.00309474
test_13101,0.00000323
test_13102,0.04883060
test_13103,0.00205432
test_13104,0.00000034
test_13105,0.99866524
test_13106,0.97251347
test_13107,0.99027868
test_13108,0.99969457
test_13109,0.00000020
test_13110,0.99999988
test_13111,0.99253663
test_13112,0.99084089
test_13113,0.02654783
test_13114,0.08033629
test_13115,0.99066198
test_13116,0.98595044
test_13117,0.00347979
test_13118,0.02959031
test_13119,0.01013327
test_13120,0.00074466
test_13121,0.17183133
test_13122,0.00039121
test_13123,0.00000022
test_13124,0.99583427
test_13125,0.99987228
test_13126,0.00243711
test_13127,0.99999456
test_13128,0.97815149
test_13129,0.04605122
test_13130,0.99793290
test_13131,0.00001080
test_13132,0.99978472
test_13133,0.00000006
test_13134,0.00385990
test_13135,0.00000036
test_13136,0.00084763
test_13137,0.99968938
test_13138,0.99800435
test_13139,0.00085589
test_13140,0.01531119
test_13141,0.99980824
test_13142,0.00002047
test_13143,0.99999898
test_13144,0.00000804
test_13145,0.00198969
test_13146,0.99999799
test_13147,0.99999973
test_13148,0.00000015
test_13149,0.00000028
test_13150,0.00173055
test_13151,0.99999412
test_13152,0.00000122
test_13153,0.99999968
test_13154,0.00300256
test_13155,0.99999999
test_13156,0.00087625
test_13157,0.91913689
test_13158,0.49635320
test_13159,0.99618307
test_13160,0.62090540
test_13161,0.01681368
test_13162,0.99984789
test_13163,0.99999981
test_13164,0.00001346
test_13165,0.01693881
test_13166,0.00020744
test_13167,0.00687788
test_13168,0.00395734
test_13169,0.00255341
test_13170,0.00050009
test_13171,0.01261584
test_13172,0.99999904
test_13173,0.00001976
test_13174,0.99999908
test_13175,0.00000152
test_13176,0.12293364
test_13177,0.00593170
test_13178,0.00003968
test_13179,0.00000062
test_13180,0.99999938
test_13181,0.02186462
test_13182,0.96319919
test_13183,0.99998194
test_13184,0.00000106
test_13185,0.99999972
test_13186,0.97696341
test_13187,0.99939464
test_13188,0.00091315
test_13189,0.14208569
test_13190,0.00047807
test_13191,0.00000095
test_13192,0.99999998
test_13193,0.00731314
test_13194,0.99999990
test_13195,0.00000207
test_13196,0.99990426
test_13197,0.00082361
test_13198,0.00679792
test_13199,0.99997545
test_13200,0.00267359
test_13201,0.00000047
test_13202,0.72781327
test_13203,0.99999996
test_13204,0.01738531
test_13205,0.00562550
test_13206,0.00011837
test_13207,0.99999992
test_13208,0.00000570
test_13209,0.00551975
test_13210,0.99996937
test_13211,0.96592321
test_13212,0.99999915
test_13213,0.00092871
test_13214,0.00009175
test_13215,0.02455538
test_13216,0.99872579
test_13217,0.99586118
test_13218,0.99999985
test_13219,0.00000110
test_13220,0.99999928
test_13221,0.03185063
test_13222,0.95007019
test_13223,0.01052750
test_13224,0.99957271
test_13225,0.00031273
test_13226,0.99976419
test_13227,0.99960914
test_13228,0.01200392
test_13229,0.00000033
test_13230,0.00000815
test_13231,0.99832125
test_13232,0.99811246
test_13233,0.00000002
test_13234,0.99996787
test_13235,0.00139665
test_13236,0.00650285
test_13237,0.00001025
test_13238,0.99979515
test_13239,0.99055746
test_13240,0.00022541
test_13241,0.00000178
test_13242,0.00000087
test_13243,0.99999145
test_13244,0.99553342
test_13245,0.06208195
test_13246,0.97320043
test_13247,0.99999640
test_13248,0.99666604
test_13249,0.00484950
test_13250,0.99913354
test_13251,0.00000199
test_13252,0.00000218
test_13253,0.00087125
test_13254,0.00044458
test_13255,0.99086094
test_13256,0.00022680
test_13257,0.00000056
test_13258,0.84705584
test_13259,0.99830697
test_13260,0.00033923
test_13261,0.00057988
test_13262,0.00000344
test_13263,0.00001469
test_13264,0.98720461
test_13265,0.99999953
test_13266,0.99935949
test_13267,0.99830712
test_13268,0.04258000
test_13269,0.00000569
test_13270,0.00000395
test_13271,0.00019961
test_13272,0.00001596
test_13273,0.99992804
test_13274,0.00000344
test_13275,0.00000152
test_13276,0.00668729
test_13277,0.00407592
test_13278,0.04284555
test_13279,0.00120358
test_13280,0.01444469
test_13281,0.96725051
test_13282,0.00001335
test_13283,0.64431490
test_13284,0.98809638
test_13285,0.00006852
test_13286,0.98744497
test_13287,0.00000113
test_13288,0.99981761
test_13289,0.00018664
test_13290,0.99999052
test_13291,0.99999965
test_13292,0.99990331
test_13293,0.99999903
test_13294,0.02957345
test_13295,0.99999997
test_13296,0.99999949
test_13297,0.00000028
test_13298,0.99831139
test_13299,0.99999985
test_13300,0.14825110
test_13301,0.99931686
test_13302,0.99999219
test_13303,0.00000055
test_13304,0.99826759
test_13305,0.12213723
test_13306,0.00000055
test_13307,0.00000306
test_13308,0.99988245
test_13309,0.99997774
test_13310,0.99999978
test_13311,0.94251805
test_13312,0.01318139
test_13313,0.91365233
test_13314,0.99988660
test_13315,0.99999973
test_13316,0.00158439
test_13317,0.99657007
test_13318,0.00030697
test_13319,0.99963854
test_13320,0.00192838
test_13321,0.99907014
test_13322,0.00009019
test_13323,0.99999999
test_13324,0.09422397
test_13325,0.00015888
test_13326,0.12103601
test_13327,0.99999944
test_13328,0.00000015
test_13329,0.00019681
test_13330,0.00000282
test_13331,0.00704339
test_13332,0.00000031
test_13333,0.99999956
test_13334,0.00062233
test_13335,0.00000006
test_13336,0.00852619
test_13337,0.99623811
test_13338,0.04180968
test_13339,0.67042255
test_13340,0.00226625
test_13341,0.99999991
test_13342,0.15007817
test_13343,0.94337892
test_13344,0.99988973
test_13345,0.98953202
test_13346,0.62247835
test_13347,0.00000084
test_13348,0.00369339
test_13349,0.00000018
test_13350,0.00081477
test_13351,0.99857112
test_13352,0.00030123
test_13353,0.00000099
test_13354,0.99999941
test_13355,0.00002252
test_13356,0.99884314
test_13357,0.00000315
test_13358,0.99998500
test_13359,0.99999973
test_13360,0.99999991
test_13361,0.00389881
test_13362,0.99965140
test_13363,0.00000316
test_13364,0.99999921
test_13365,0.99981581
test_13366,0.99999905
test_13367,0.99995448
test_13368,0.99999989
test_13369,0.00080992
test_13370,0.94121764
test_13371,0.99999554
test_13372,0.99999673
test_13373,0.97994408
test_13374,0.99977718
test_13375,0.99822537
test_13376,0.99999650
test_13377,0.92332420
test_13378,0.00000180
test_13379,0.00000031
test_13380,0.92372006
test_13381,0.01323092
test_13382,0.99999432
test_13383,0.99999947
test_13384,0.99999451
test_13385,0.95904224
test_13386,0.00000171
test_13387,0.00015600
test_13388,0.00000156
test_13389,0.00000032
test_13390,0.00007849
test_13391,0.99967164
test_13392,0.00037188
test_13393,0.95940167
test_13394,0.99891680
test_13395,0.99991758
test_13396,0.99996088
test_13397,0.61658766
test_13398,0.02972772
test_13399,0.99540527
test_13400,0.99999963
test_13401,0.11134247
test_13402,0.99999573
test_13403,0.99987985
test_13404,0.98845257
test_13405,0.99999997
test_13406,0.98921922
test_13407,0.00030080
test_13408,0.00000136
test_13409,0.97815942
test_13410,0.90404711
test_13411,0.99456651
test_13412,0.99991600
test_13413,0.01578936
test_13414,0.01121842
test_13415,0.99669526
test_13416,0.99999986
test_13417,0.00187169
test_13418,0.00174379
test_13419,0.96335988
test_13420,0.99864853
test_13421,0.00000004
test_13422,0.00000017
test_13423,0.08992692
test_13424,0.99657439
test_13425,0.03587775
test_13426,0.00010794
test_13427,0.99999579
test_13428,0.99999917
test_13429,0.99173702
test_13430,0.00011594
test_13431,0.99999994
test_13432,0.00000049
test_13433,0.00047200
test_13434,0.99446896
test_13435,0.09403161
test_13436,0.00000041
test_13437,0.00267895
test_13438,0.99554921
test_13439,0.99963037
test_13440,0.98960844
test_13441,0.99888721
test_13442,0.99999962
test_13443,0.83412107
test_13444,0.99999955
test_13445,0.99999992
test_13446,0.00403447
test_13447,0.11233419
test_13448,0.00069167
test_13449,0.00000230
test_13450,0.92282025
test_13451,0.00338033
test_13452,0.98571581
test_13453,0.99912564
test_13454,0.00092111
test_13455,0.00123440
test_13456,0.99981859
test_13457,0.93338048
test_13458,0.96772995
test_13459,0.99865002
test_13460,0.00083369
test_13461,0.00024844
test_13462,0.99935366
test_13463,0.00003794
test_13464,0.00187152
test_13465,0.00195640
test_13466,0.99765008
test_13467,0.00007893
test_13468,0.03482496
test_13469,0.99688235
test_13470,0.00699186
test_13471,0.99996793
test_13472,0.99985607
test_13473,0.99433126
test_13474,0.99149920
test_13475,0.99999997
test_13476,0.00929642
test_13477,0.99941861
test_13478,0.99999987
test_13479,0.99986418
test_13480,0.99997256
test_13481,0.99608948
test_13482,0.00332370
test_13483,0.98983425
test_13484,0.00001582
test_13485,0.99662283
test_13486,0.13404536
test_13487,0.09113063
test_13488,0.00019182
test_13489,0.99994873
test_13490,0.00000099
test_13491,0.00665551
test_13492,0.99999934
test_13493,0.99999998
test_13494,0.00000003
test_13495,0.00311069
test_13496,0.99885218
test_13497,0.01075985
test_13498,0.81017059
test_13499,0.00464518
test_13500,0.99999595
test_13501,0.00000049
test_13502,0.00103816
test_13503,0.00051343
test_13504,0.00000029
test_13505,0.00134883
test_13506,0.01424244
test_13507,0.00000052
test_13508,0.99999876
test_13509,0.00045046
test_13510,0.00968646
test_13511,0.85454563
test_13512,0.99068617
test_13513,0.00079067
test_13514,0.00458710
test_13515,0.01097245
test_13516,0.00074747
test_13517,0.02284086
test_13518,0.00000362
test_13519,0.00088975
test_13520,0.00086672
test_13521,0.99936683
test_13522,0.00115050
test_13523,0.99999986
test_13524,0.99847586
test_13525,0.99999782
test_13526,0.00034966
test_13527,0.99963987
test_13528,0.99998420
test_13529,0.99999934
test_13530,0.99997298
test_13531,0.00093481
test_13532,0.00813901
test_13533,0.99095499
test_13534,0.00081934
test_13535,0.99914511
test_13536,0.00400863
test_13537,0.00000046
test_13538,0.00102344
test_13539,0.00393739
test_13540,0.99999617
test_13541,0.99969947
test_13542,0.00935035
test_13543,0.00000092
test_13544,0.99999896
test_13545,0.96079038
test_13546,0.99999972
test_13547,0.00011979
test_13548,0.89227624
test_13549,0.20356602
test_13550,0.01040827
test_13551,0.96273798
test_13552,0.00026347
test_13553,0.99978627
test_13554,0.99768735
test_13555,0.00000430
test_13556,0.43340296
test_13557,0.99999954
test_13558,0.00000135
test_13559,0.00285627
test_13560,0.01255025
test_13561,0.00000406
test_13562,0.07669591
test_13563,0.99998681
test_13564,0.99101704
test_13565,0.99999963
test_13566,0.97227949
test_13567,0.99999941
test_13568,0.93528699
test_13569,0.99960877
test_13570,0.99796054
test_13571,0.00397325
test_13572,0.99999979
test_13573,0.99956405
test_13574,0.13260816
test_13575,0.99998836
test_13576,0.00000168
test_13577,0.03791609
test_13578,0.99610556
test_13579,0.04072668
test_13580,0.00000469
test_13581,0.99999690
test_13582,0.99089324
test_13583,0.00000415
test_13584,0.99997599
test_13585,0.99999726
test_13586,0.99999991
test_13587,0.00119119
test_13588,0.99998763
test_13589,0.99999977
test_13590,0.00000529
test_13591,0.00044714
test_13592,0.95913982
test_13593,0.99999907
test_13594,0.00028854
test_13595,0.00000112
test_13596,0.00000025
test_13597,0.00000690
test_13598,0.00596672
test_13599,0.99999264
test_13600,0.10976562
test_13601,0.99999988
test_13602,0.99990267
test_13603,0.99999965
test_13604,0.99992340
test_13605,0.00000087
test_13606,0.99171355
test_13607,0.00000136
test_13608,0.00000052
test_13609,0.99871964
test_13610,0.99974304
test_13611,0.99946107
test_13612,0.99882084
test_13613,0.96654380
test_13614,0.99992948
test_13615,0.94777804
test_13616,0.00000624
test_13617,0.99910352
test_13618,0.00008633
test_13619,0.99998226
test_13620,0.02865440
test_13621,0.99991797
test_13622,0.99999986
test_13623,0.00000009
test_13624,0.00041078
test_13625,0.98672922
test_13626,0.00235595
test_13627,0.00013446
test_13628,0.93487506
test_13629,0.00000010
test_13630,0.00047163
test_13631,0.04461408
test_13632,0.99805153
test_13633,0.02769467
test_13634,0.99731943
test_13635,0.99999538
test_13636,0.99995415
test_13637,0.98919418
test_13638,0.99999247
test_13639,0.99994091
test_13640,0.05681908
test_13641,0.99603135
test_13642,0.01413390
test_13643,0.00000003
test_13644,0.00292752
test_13645,0.99999999
test_13646,0.99997291
test_13647,0.98081509
test_13648,0.05526508
test_13649,0.00585872
test_13650,0.00000017
test_13651,0.05474364
test_13652,0.00022456
test_13653,0.62102411
test_13654,0.00001143
test_13655,0.24081963
test_13656,0.68545042
test_13657,0.00680954
test_13658,0.92297497
test_13659,0.98600849
test_13660,0.00000041
test_13661,0.01614577
test_13662,0.92749973
test_13663,0.00095760
test_13664,0.99998094
test_13665,0.00000114
test_13666,0.99998805
test_13667,0.00025225
test_13668,0.00000010
test_13669,0.83961576
test_13670,0.01014794
test_13671,0.00000150
test_13672,0.02071089
test_13673,0.00000246
test_13674,0.94159834
test_13675,0.01412356
test_13676,0.93945388
test_13677,0.00000120
test_13678,0.00028495
test_13679,0.00089616
test_13680,0.00107329
test_13681,0.99998360
test_13682,0.99985278
test_13683,0.99987378
test_13684,0.00067765
test_13685,0.98319321
test_13686,0.00094820
test_13687,0.99999352
test_13688,0.99988528
test_13689,0.99957054
test_13690,0.05275357
test_13691,0.99999925
test_13692,0.00708718
test_13693,0.00139058
test_13694,0.00000040
test_13695,0.99950276
test_13696,0.99994830
test_13697,0.00002054
test_13698,0.99993926
test_13699,0.99999979
test_13700,0.99991911
test_13701,0.00165865
test_13702,0.99999993
test_13703,0.00503554
test_13704,0.00011745
test_13705,0.99929765
test_13706,0.00000555
test_13707,0.00004167
test_13708,0.00000061
test_13709,0.99923674
test_13710,0.00388135
test_13711,0.00433519
test_13712,0.59927639
test_13713,0.97635715
test_13714,0.00221142
test_13715,0.01988315
test_13716,0.00000071
test_13717,0.99956026
test_13718,0.95095225
test_13719,0.39423613
test_13720,0.26921901
test_13721,0.99879676
test_13722,0.99943219
test_13723,0.00000332
test_13724,0.00005568
test_13725,0.99984967
test_13726,0.00000058
test_13727,0.96605420
test_13728,0.00017517
test_13729,0.99999978
test_13730,0.00613051
test_13731,0.00000015
test_13732,0.99999988
test_13733,0.99277143
test_13734,0.25931645
test_13735,0.98792062
test_13736,0.99999259
test_13737,0.00000006
test_13738,0.99998633
test_13739,0.99999565
test_13740,0.00041502
test_13741,0.00150767
test_13742,0.00000011
test_13743,0.00000007
test_13744,0.24573786
test_13745,0.00398073
test_13746,0.57011161
test_13747,0.00000172
test_13748,0.00000059
test_13749,0.99847032
test_13750,0.00155907
test_13751,0.99998461
test_13752,0.00012220
test_13753,0.86434357
test_13754,0.99495727
test_13755,0.00002972
test_13756,0.99999994
test_13757,0.13630210
test_13758,0.00545765
test_13759,0.97012192
test_13760,0.00000074
test_13761,0.00000398
test_13762,0.00000010
test_13763,0.99999996
test_13764,0.98959059
test_13765,0.99999962
test_13766,0.00039498
test_13767,0.00453423
test_13768,0.99698315
test_13769,0.99358634
test_13770,0.00006605
test_13771,0.92551735
test_13772,0.00000923
test_13773,0.98996872
test_13774,0.00056066
test_13775,0.00000042
test_13776,0.99836920
test_13777,0.99932256
test_13778,0.91897153
test_13779,0.99177329
test_13780,0.99999998
test_13781,0.00001146
test_13782,0.99546303
test_13783,0.00338956
test_13784,0.00301868
test_13785,0.99942330
test_13786,0.01322991
test_13787,0.99993317
test_13788,0.00191152
test_13789,0.99616968
test_13790,0.00446661
test_13791,0.00418000
test_13792,0.99999963
test_13793,0.00001069
test_13794,0.00000005
test_13795,0.00026831
test_13796,0.99999959
test_13797,0.99948199
test_13798,0.00043566
test_13799,0.00766605
test_13800,0.99899653
test_13801,0.95112382
test_13802,0.00075940
test_13803,0.00000005
test_13804,0.17263296
test_13805,0.03534927
test_13806,0.99997409
test_13807,0.00000450
test_13808,0.97038662
test_13809,0.06620465
test_13810,0.99999997
test_13811,0.05126945
test_13812,0.97645514
test_13813,0.99460980
test_13814,0.00000017
test_13815,0.98421720
test_13816,0.99998809
test_13817,0.99944468
test_13818,0.20007777
test_13819,0.93003795
test_13820,0.99817388
test_13821,0.00187483
test_13822,0.00000144
test_13823,0.99999934
test_13824,0.00950533
test_13825,0.00001193
test_13826,0.99956922
test_13827,0.99879605
test_13828,0.99447913
test_13829,0.99999976
test_13830,0.00000011
test_13831,0.00239018
test_13832,0.99871960
test_13833,0.99999981
test_13834,0.01350361
test_13835,0.99655559
test_13836,0.99878054
test_13837,0.01030361
test_13838,0.03269121
test_13839,0.99999985
test_13840,0.99979912
test_13841,0.00007732
test_13842,0.99901229
test_13843,0.40289942
test_13844,0.00001517
test_13845,0.99992503
test_13846,0.69425172
test_13847,0.00028860
test_13848,0.98060959
test_13849,0.01720273
test_13850,0.51396073
test_13851,0.02350165
test_13852,0.52801289
test_13853,0.99927661
test_13854,0.98864573
test_13855,0.00798855
test_13856,0.00000749
test_13857,0.99983473
test_13858,0.99999985
test_13859,0.99991625
test_13860,0.03594461
test_13861,0.99996558
test_13862,0.99984464
test_13863,0.99999987
test_13864,0.01178786
test_13865,0.99999980
test_13866,0.00000042
test_13867,0.00387367
test_13868,0.00414763
test_13869,0.97096545
test_13870,0.41155095
test_13871,0.00199632
test_13872,0.00168881
test_13873,0.99496846
test_13874,0.99999854
test_13875,0.00000093
test_13876,0.99999913
test_13877,0.00000035
test_13878,0.99990508
test_13879,0.00000347
test_13880,0.99999969
test_13881,0.99999989
test_13882,0.00000063
test_13883,0.99999922
test_13884,0.00014167
test_13885,0.00000382
test_13886,0.01293389
test_13887,0.98765929
test_13888,0.43471353
test_13889,0.02594336
test_13890,0.00005916
test_13891,0.99973249
test_13892,0.99999931
test_13893,0.00000128
test_13894,0.00021032
test_13895,0.00011208
test_13896,0.98347786
test_13897,0.00000060
test_13898,0.99929806
test_13899,0.99999843
test_13900,0.99999344
test_13901,0.00031009
test_13902,0.00000045
test_13903,0.99999648
test_13904,0.99960164
test_13905,0.00013366
test_13906,0.99851859
test_13907,0.99441607
test_13908,0.00000035
test_13909,0.03892454
test_13910,0.99999968
test_13911,0.67943644
test_13912,0.99953092
test_13913,0.00000360
test_13914,0.00113605
test_13915,0.00410363
test_13916,0.91078029
test_13917,0.00000053
test_13918,0.00001288
test_13919,0.99992886
test_13920,0.02658164
test_13921,0.99999970
test_13922,0.99104894
test_13923,0.99934072
test_13924,0.99606268
test_13925,0.99921976
test_13926,0.99537899
test_13927,0.00000096
test_13928,0.99956585
test_13929,0.99962203
test_13930,0.99965436
test_13931,0.98520064
test_13932,0.99995683
test_13933,0.11539722
test_13934,0.02296843
test_13935,0.00018196
test_13936,0.99964364
test_13937,0.99928292
test_13938,0.99233006
test_13939,0.99999987
test_13940,0.99999625
test_13941,0.01757667
test_13942,0.00581388
test_13943,0.98161820
test_13944,0.99454468
test_13945,0.00000033
test_13946,0.03575974
test_13947,0.99767316
test_13948,0.00000002
test_13949,0.00000020
test_13950,0.00087176
test_13951,0.00555086
test_13952,0.99700589
test_13953,0.99999928
test_13954,0.95753888
test_13955,0.99999994
test_13956,0.99287055
test_13957,0.00429811
test_13958,0.99994287
test_13959,0.00000478
test_13960,0.97593958
test_13961,0.99999999
test_13962,0.99926646
test_13963,0.99999409
test_13964,0.93230688
test_13965,0.99765462
test_13966,0.00001992
test_13967,0.99942572
test_13968,0.94427278
test_13969,0.00058550
test_13970,0.00000875
test_13971,0.94872944
test_13972,0.00015547
test_13973,0.99999996
test_13974,0.99872053
test_13975,0.99999987
test_13976,0.99415364
test_13977,0.99654791
test_13978,0.98061688
test_13979,0.00000141
test_13980,0.00191739
test_13981,0.01879904
test_13982,0.00456596
test_13983,0.98679412
test_13984,0.98476031
test_13985,0.99997451
test_13986,0.96939736
test_13987,0.00459250
test_13988,0.98241365
test_13989,0.99976022
test_13990,0.99904886
test_13991,0.00121802
test_13992,0.99623778
test_13993,0.00615438
test_13994,0.01738217
test_13995,0.99896559
test_13996,0.99614860
test_13997,0.00161377
test_13998,0.00446348
test_13999,0.99986890
test_14000,0.00002314
test_14001,0.00006801
test_14002,0.01433383
test_14003,0.11017034
test_14004,0.99872047
test_14005,0.00060074
test_14006,0.99255977
test_14007,0.99874523
test_14008,0.99332893
test_14009,0.99839675
test_14010,0.00000036
test_14011,0.99844945
test_14012,0.99992330
test_14013,0.96869874
test_14014,0.01393527
test_14015,0.97753896
test_14016,0.99999779
test_14017,0.00000084
test_14018,0.00378605
test_14019,0.99999629
test_14020,0.61266254
test_14021,0.00010382
test_14022,0.99992547
test_14023,0.00000063
test_14024,0.00000816
test_14025,0.99921475
test_14026,0.00189049
test_14027,0.00000031
test_14028,0.98748796
test_14029,0.00000091
test_14030,0.99957220
test_14031,0.99998336
test_14032,0.00000043
test_14033,0.00000414
test_14034,0.00086347
test_14035,0.04688886
test_14036,0.00000003
test_14037,0.00563384
test_14038,0.00000011
test_14039,0.91439699
test_14040,0.02442920
test_14041,0.00000041
test_14042,0.99999990
test_14043,0.99477281
test_14044,0.78523297
test_14045,0.00727994
test_14046,0.06376560
test_14047,0.99984036
test_14048,0.00000003
test_14049,0.00591094
test_14050,0.01794787
test_14051,0.00188527
test_14052,0.99999831
test_14053,0.96278554
test_14054,0.99999462
test_14055,0.00000157
test_14056,0.00671378
test_14057,0.99983591
test_14058,0.99999825
test_14059,0.99778108
test_14060,0.00036181
test_14061,0.97378011
test_14062,0.00163760
test_14063,0.00000003
test_14064,0.96420341
test_14065,0.99999970
test_14066,0.00319840
test_14067,0.03160751
test_14068,0.98827791
test_14069,0.00387454
test_14070,0.00000186
test_14071,0.00045773
test_14072,0.12031364
test_14073,0.00391653
test_14074,0.99971806
test_14075,0.00171675
test_14076,0.00000032
test_14077,0.99999993
test_14078,0.99926755
test_14079,0.96676252
test_14080,0.99999755
test_14081,0.97014595
test_14082,0.00410687
test_14083,0.00978398
test_14084,0.97806383
test_14085,0.96420175
test_14086,0.03752018
test_14087,0.99999982
test_14088,0.99672938
test_14089,0.08440774
test_14090,0.00271211
test_14091,0.00000033
test_14092,0.00405342
test_14093,0.00566568
test_14094,0.97225518
test_14095,0.98599302
test_14096,0.99864815
test_14097,0.99990118
test_14098,0.99194654
test_14099,0.00312834
test_14100,0.00052183
test_14101,0.99993577
test_14102,0.03180103
test_14103,0.05110986
test_14104,0.99790400
test_14105,0.00179691
test_14106,0.99999956
test_14107,0.95418363
test_14108,0.00000002
test_14109,0.00138065
test_14110,0.00325217
test_14111,0.99950013
test_14112,0.15106797
test_14113,0.00091296
test_14114,0.00000055
test_14115,0.00007073
test_14116,0.99999887
test_14117,0.98732514
test_14118,0.00229358
test_14119,0.99995150
test_14120,0.00277044
test_14121,0.00000001
test_14122,0.78570648
test_14123,0.99954075
test_14124,0.00000516
test_14125,0.99999574
test_14126,0.99830682
test_14127,0.95021228
test_14128,0.00386447
test_14129,0.89846726
test_14130,0.00000006
test_14131,0.00100907
test_14132,0.99906693
test_14133,0.00000111
test_14134,0.00000050
test_14135,0.90826685
test_14136,0.00501941
test_14137,0.00000003
test_14138,0.00012682
test_14139,0.03188738
test_14140,0.98143184
test_14141,0.96457902
test_14142,0.00278253
test_14143,0.00165260
test_14144,0.00004786
test_14145,0.00556518
test_14146,0.99776376
test_14147,0.99999993
test_14148,0.00010558
test_14149,0.99464725
test_14150,0.00025490
test_14151,0.98909160
test_14152,0.99997064
test_14153,0.00000133
test_14154,0.87717073
test_14155,0.55230605
test_14156,0.00008833
test_14157,0.00349185
test_14158,0.97647153
test_14159,0.00144580
test_14160,0.00000071
test_14161,0.00404070
test_14162,0.99760397
test_14163,0.99726849
test_14164,0.01286072
test_14165,0.99970432
test_14166,0.00206879
test_14167,0.99273998
test_14168,0.00005659
test_14169,0.00000019
test_14170,0.99999998
test_14171,0.99844746
test_14172,0.00087393
test_14173,0.00000016
test_14174,0.45537796
test_14175,0.99761314
test_14176,0.01095908
test_14177,0.00000051
test_14178,0.00496225
test_14179,0.99996699
test_14180,0.00428566
test_14181,0.10979841
test_14182,0.06036398
test_14183,0.99954932
test_14184,0.18294756
test_14185,0.99846351
test_14186,0.00024004
test_14187,0.00000025
test_14188,0.04683915
test_14189,0.00238785
test_14190,0.99637964
test_14191,0.99915656
test_14192,0.99999994
test_14193,0.02591261
test_14194,0.01832065
test_14195,0.99732290
test_14196,0.99999978
test_14197,0.99169904
test_14198,0.80776729
test_14199,0.00107256
test_14200,0.00016010
test_14201,0.00234327
test_14202,0.00789720
test_14203,0.98303786
test_14204,0.15065507
test_14205,0.99109034
test_14206,0.99939699
test_14207,0.00054142
test_14208,0.99975753
test_14209,0.00000225
test_14210,0.99959222
test_14211,0.00000159
test_14212,0.99999818
test_14213,0.00000041
test_14214,0.99999735
test_14215,0.99950064
test_14216,0.35392183
test_14217,0.00000014
test_14218,0.00007591
test_14219,0.99966395
test_14220,0.00000000
test_14221,0.99999993
test_14222,0.00031828
test_14223,0.00008498
test_14224,0.00008492
test_14225,0.99999998
test_14226,0.00005401
test_14227,0.99999863
test_14228,0.05155323
test_14229,0.99999983
test_14230,0.99976437
test_14231,0.00257878
test_14232,0.00000202
test_14233,0.99999993
test_14234,0.00000268
test_14235,0.00000042
test_14236,0.00032590
test_14237,0.99999994
test_14238,0.00011609
test_14239,0.98152370
test_14240,0.00000035
test_14241,0.99995164
test_14242,0.01022038
test_14243,0.99999789
test_14244,0.99161944
test_14245,0.99552727
test_14246,0.99953675
test_14247,0.98925979
test_14248,0.99998597
test_14249,0.00022781
test_14250,0.99999990
test_14251,0.99680111
test_14252,0.99845455
test_14253,0.99999995
test_14254,0.99837041
test_14255,0.00015629
test_14256,0.00000012
test_14257,0.88361563
test_14258,0.00179960
test_14259,0.99999849
test_14260,0.00000144
test_14261,0.00023227
test_14262,0.99938598
test_14263,0.19975708
test_14264,0.99999953
test_14265,0.00443327
test_14266,0.00000026
test_14267,0.99757908
test_14268,0.00038702
test_14269,0.00000903
test_14270,0.00000131
test_14271,0.00058512
test_14272,0.99799543
test_14273,0.00000011
test_14274,0.99999786
test_14275,0.00000884
test_14276,0.01504555
test_14277,0.00000026
test_14278,0.99999586
test_14279,0.99999826
test_14280,0.99591106
test_14281,0.99978101
test_14282,0.01672510
test_14283,0.00000134
test_14284,0.99999946
test_14285,0.89608265
test_14286,0.99996420
test_14287,0.02103449
test_14288,0.92940425
test_14289,0.99934841
test_14290,0.02282426
test_14291,0.99999375
test_14292,0.00756752
test_14293,0.86288562
test_14294,0.00001662
test_14295,0.99999990
test_14296,0.99912639
test_14297,0.98962676
test_14298,0.99999991
test_14299,0.96423167
test_14300,0.00880613
test_14301,0.00945906
test_14302,0.00000034
test_14303,0.99999976
test_14304,0.68229764
test_14305,0.99774648
test_14306,0.99931130
test_14307,0.99999956
test_14308,0.96116073
test_14309,0.00029800
test_14310,0.00003781
test_14311,0.99975268
test_14312,0.97029625
test_14313,0.99999975
test_14314,0.99995457
test_14315,0.00000039
test_14316,0.00002057
test_14317,0.99710562
test_14318,0.00000553
test_14319,0.99653275
test_14320,0.00085073
test_14321,0.99950924
test_14322,0.99677596
test_14323,0.00000152
test_14324,0.99999903
test_14325,0.01310205
test_14326,0.00000019
test_14327,0.00000245
test_14328,0.99999929
test_14329,0.00170120
test_14330,0.01243173
test_14331,0.00002056
test_14332,0.99987830
test_14333,0.00549119
test_14334,0.99999911
test_14335,0.99932394
test_14336,0.99916660
test_14337,0.00000008
test_14338,0.00000150
test_14339,0.99999897
test_14340,0.98001381
test_14341,0.99987540
test_14342,0.00001244
test_14343,0.99999594
test_14344,0.00000088
test_14345,0.00000156
test_14346,0.99989815
test_14347,0.99999997
test_14348,0.00040397
test_14349,0.99998277
test_14350,0.00020021
test_14351,0.00000017
test_14352,0.00002503
test_14353,0.99999902
test_14354,0.00000004
test_14355,0.95298421
test_14356,0.98110699
test_14357,0.00000006
test_14358,0.99943821
test_14359,0.99999567
test_14360,0.98695489
test_14361,0.00587411
test_14362,0.99999940
test_14363,0.00000036
test_14364,0.96618278
test_14365,0.00504799
test_14366,0.99380284
test_14367,0.99509470
test_14368,0.97090378
test_14369,0.98929772
test_14370,0.99922097
test_14371,0.99999719
test_14372,0.00023655
test_14373,0.00733226
test_14374,0.01131075
test_14375,0.00768522
test_14376,0.00000022
test_14377,0.00000357
test_14378,0.87838212
test_14379,0.00000047
test_14380,0.98747116
test_14381,0.00275109
test_14382,0.02483815
test_14383,0.99395511
test_14384,0.00029498
test_14385,0.36340523
test_14386,0.18791919
test_14387,0.99619083
test_14388,0.00000102
test_14389,0.00037593
test_14390,0.99993578
test_14391,0.62246737
test_14392,0.99999514
test_14393,0.03046917
test_14394,0.99999687
test_14395,0.88960015
test_14396,0.99999980
test_14397,0.99999995
test_14398,0.99865268
test_14399,0.99999420
test_14400,0.99999946
test_14401,0.00003518
test_14402,0.01207087
test_14403,0.99999985
test_14404,0.40926019
test_14405,0.99720709
test_14406,0.99442146
test_14407,0.39364241
test_14408,0.08613330
test_14409,0.99954471
test_14410,0.78343391
test_14411,0.00000001
test_14412,0.99920398
test_14413,0.99893862
test_14414,0.00122972
test_14415,0.98780365
test_14416,0.99999872
test_14417,0.00105460
test_14418,0.00010337
test_14419,0.00000004
test_14420,0.00027249
test_14421,0.99999925
test_14422,0.06883288
test_14423,0.01140446
test_14424,0.00082908
test_14425,0.01925590
test_14426,0.05052088
test_14427,0.99999513
test_14428,0.00000197
test_14429,0.99999677
test_14430,0.00042745
test_14431,0.99999661
test_14432,0.00194515
test_14433,0.99753738
test_14434,0.99823763
test_14435,0.00298852
test_14436,0.03140027
test_14437,0.99997192
test_14438,0.99953942
test_14439,0.00230699
test_14440,0.02735649
test_14441,0.99999996
test_14442,0.00739759
test_14443,0.93720040
test_14444,0.99363852
test_14445,0.00039337
test_14446,0.03549756
test_14447,0.99934842
test_14448,0.03492430
test_14449,0.00753163
test_14450,0.86312797
test_14451,0.98645778
test_14452,0.00051544
test_14453,0.51745303
test_14454,0.00000016
test_14455,0.99953261
test_14456,0.99929627
test_14457,0.06999656
test_14458,0.93310818
test_14459,0.00077671
test_14460,0.00255710
test_14461,0.00087619
test_14462,0.99696548
test_14463,0.62512978
test_14464,0.99999846
test_14465,0.99992162
test_14466,0.81739305
test_14467,0.95103082
test_14468,0.00006034
test_14469,0.00508348
test_14470,0.99208686
test_14471,0.00041353
test_14472,0.00031417
test_14473,0.00318962
test_14474,0.95923737
test_14475,0.67009734
test_14476,0.99514379
test_14477,0.99780879
test_14478,0.99999974
test_14479,0.07484755
test_14480,0.99999118
test_14481,0.19012479
test_14482,0.51705417
test_14483,0.10450189
test_14484,0.99999992
test_14485,0.00420317
test_14486,0.00000218
test_14487,0.99462595
test_14488,0.99040180
test_14489,0.00003704
test_14490,0.10716152
test_14491,0.99999798
test_14492,0.08711940
test_14493,0.00032912
test_14494,0.06516693
test_14495,0.00026597
test_14496,0.00348199
test_14497,0.99999982
test_14498,0.99969762
test_14499,0.00000035
test_14500,0.00088351
test_14501,0.00000008
test_14502,0.98746777
test_14503,0.99170921
test_14504,0.01507932
test_14505,0.00000025
test_14506,0.00000053
test_14507,0.99945983
test_14508,0.00251485
test_14509,0.00692576
test_14510,0.95352274
test_14511,0.99999989
test_14512,0.99999692
test_14513,0.01372865
test_14514,0.00250900
test_14515,0.00113143
test_14516,0.99814974
test_14517,0.00031704
test_14518,0.99710554
test_14519,0.99969981
test_14520,0.00186015
test_14521,0.99999171
test_14522,0.00000028
test_14523,0.99991150
test_14524,0.97069112
test_14525,0.99893212
test_14526,0.00047446
test_14527,0.98889019
test_14528,0.99999993
test_14529,0.00015453
test_14530,0.99574942
test_14531,0.95333490
test_14532,0.00003349
test_14533,0.00448247
test_14534,0.99999780
test_14535,0.00011783
test_14536,0.99987742
test_14537,0.02784679
test_14538,0.00682124
test_14539,0.00049200
test_14540,0.98243999
test_14541,0.00000002
test_14542,0.99978895
test_14543,0.00000026
test_14544,0.01190187
test_14545,0.99219294
test_14546,0.84880500
test_14547,0.99654763
test_14548,0.01759039
test_14549,0.00723993
test_14550,0.99945986
test_14551,0.98747938
test_14552,0.15618858
test_14553,0.99956216
test_14554,0.00000013
test_14555,0.04503690
test_14556,0.98825851
test_14557,0.99781719
test_14558,0.01040080
test_14559,0.00097900
test_14560,0.00000034
test_14561,0.99999965
test_14562,0.99999993
test_14563,0.99999886
test_14564,0.00017071
test_14565,0.99999897
test_14566,0.26069425
test_14567,0.98792682
test_14568,0.99999993
test_14569,0.05267217
test_14570,0.99819949
test_14571,0.00000212
test_14572,0.00252253
test_14573,0.99999974
test_14574,0.99508527
test_14575,0.00017266
test_14576,0.87574103
test_14577,0.99999129
test_14578,0.00000006
test_14579,0.00000063
test_14580,0.82423711
test_14581,0.99842768
test_14582,0.99999995
test_14583,0.99999775
test_14584,0.99827303
test_14585,0.99081802
test_14586,0.10511793
test_14587,0.02116075
test_14588,0.99936479
test_14589,0.01915429
test_14590,0.99998204
test_14591,0.99999983
test_14592,0.99729364
test_14593,0.99999523
test_14594,0.99987974
test_14595,0.99950751
test_14596,0.00000010
test_14597,0.07875258
test_14598,0.00000022
test_14599,0.99999962
test_14600,0.99999998
test_14601,0.99999989
test_14602,0.09124004
test_14603,0.04069769
test_14604,0.89456845
test_14605,0.00008364
test_14606,0.74972053
test_14607,0.00304443
test_14608,0.99999990
test_14609,0.94531266
test_14610,0.12646243
test_14611,0.00064462
test_14612,0.00036576
test_14613,0.99999627
test_14614,0.99999992
test_14615,0.59095999
test_14616,0.01596633
test_14617,0.99999159
test_14618,0.99999965
test_14619,0.98551867
test_14620,0.99885244
test_14621,0.99999985
test_14622,0.99999979
test_14623,0.99995381
test_14624,0.99999220
test_14625,0.99986847
test_14626,0.99948333
test_14627,0.99979305
test_14628,0.00865714
test_14629,0.99999991
test_14630,0.00000002
test_14631,0.00005032
test_14632,0.00000116
test_14633,0.99840278
test_14634,0.03594008
test_14635,0.86525805
test_14636,0.02036688
test_14637,0.00000556
test_14638,0.99386395
test_14639,0.00000907
test_14640,0.01361576
test_14641,0.00026225
test_14642,0.00000135
test_14643,0.97365885
test_14644,0.00007620
test_14645,0.00982277
test_14646,0.24830591
test_14647,0.00296767
test_14648,0.00000008
test_14649,0.99998222
test_14650,0.99950947
test_14651,0.99999795
test_14652,0.00000113
test_14653,0.99853375
test_14654,0.00000021
test_14655,0.08491662
test_14656,0.00033214
test_14657,0.99999946
test_14658,0.00009993
test_14659,0.92695958
test_14660,0.00164070
test_14661,0.00278401
test_14662,0.99999998
test_14663,0.99814018
test_14664,0.99999962
test_14665,0.00000138
test_14666,0.99999925
test_14667,0.88853995
test_14668,0.97464037
test_14669,0.00001532
test_14670,0.99999988
test_14671,0.00415951
test_14672,0.99910168
test_14673,0.96818145
test_14674,0.99945372
test_14675,0.99870351
test_14676,0.99983655
test_14677,0.00191788
test_14678,0.99928300
test_14679,0.99145161
test_14680,0.00000065
test_14681,0.78439354
test_14682,0.99980492
test_14683,0.00000068
test_14684,0.99999835
test_14685,0.99614009
test_14686,0.04022867
test_14687,0.00773020
test_14688,0.99998580
test_14689,0.00093582
test_14690,0.99997361
test_14691,0.98836732
test_14692,0.00020432
test_14693,0.99999665
test_14694,0.37648258
test_14695,0.98529448
test_14696,0.99999962
test_14697,0.00000043
test_14698,0.98238226
test_14699,0.99999998
test_14700,0.99824671
test_14701,0.01159750
test_14702,0.99999938
test_14703,0.00001687
test_14704,0.99973450
test_14705,0.27720459
test_14706,0.55795684
test_14707,0.00000914
test_14708,0.00858828
test_14709,0.99978902
test_14710,0.99999760
test_14711,0.00000079
test_14712,0.00000030
test_14713,0.99966025
test_14714,0.99999836
test_14715,0.44991729
test_14716,0.99999990
test_14717,0.99462053
test_14718,0.00010980
test_14719,0.01210018
test_14720,0.99999968
test_14721,0.99999947
test_14722,0.96741079
test_14723,0.99998346
test_14724,0.99347167
test_14725,0.99959543
test_14726,0.99864158
test_14727,0.96675981
test_14728,0.00016211
test_14729,0.11070676
test_14730,0.99892911
test_14731,0.99999998
test_14732,0.99970587
test_14733,0.99974560
test_14734,0.00088260
test_14735,0.99999969
test_14736,0.96167418
test_14737,0.97724097
test_14738,0.00000298
test_14739,0.96134923
test_14740,0.99999988
test_14741,0.00000001
test_14742,0.00019085
test_14743,0.99999776
test_14744,0.99999991
test_14745,0.99999993
test_14746,0.99922547
test_14747,0.99894284
test_14748,0.00000131
test_14749,0.92014624
test_14750,0.00000316
test_14751,0.00062279
test_14752,0.00000067
test_14753,0.00268696
test_14754,0.99999990
test_14755,0.03480136
test_14756,0.99598697
test_14757,0.99999842
test_14758,0.99999988
test_14759,0.00247886
test_14760,0.67044266
test_14761,0.59397302
test_14762,0.00073261
test_14763,0.91668495
test_14764,0.99995730
test_14765,0.00000099
test_14766,0.99928546
test_14767,0.99999966
test_14768,0.99999969
test_14769,0.99997028
test_14770,0.99968396
test_14771,0.99968098
test_14772,0.00063224
test_14773,0.00019398
test_14774,0.99999972
test_14775,0.00085572
test_14776,0.36415553
test_14777,0.99835846
test_14778,0.98492551
test_14779,0.00000345
test_14780,0.99999836
test_14781,0.00009331
test_14782,0.96159426
test_14783,0.00000033
test_14784,0.71082578
test_14785,0.99933396
test_14786,0.00872895
test_14787,0.01074162
test_14788,0.98100941
test_14789,0.00881278
test_14790,0.05385591
test_14791,0.99975541
test_14792,0.99007619
test_14793,0.99985537
test_14794,0.00000034
test_14795,0.89447502
test_14796,0.99078239
test_14797,0.99999763
test_14798,0.99932251
test_14799,0.01886719
test_14800,0.00539214
test_14801,0.00737174
test_14802,0.00002925
test_14803,0.10602003
test_14804,0.00000007
test_14805,0.00023544
test_14806,0.00000002
test_14807,0.00002329
test_14808,0.08809861
test_14809,0.99949199
test_14810,0.00019182
test_14811,0.90418012
test_14812,0.99987139
test_14813,0.99998946
test_14814,0.99977234
test_14815,0.97441307
test_14816,0.00158305
test_14817,0.18605180
test_14818,0.00014059
test_14819,0.99999970
test_14820,0.00540280
test_14821,0.00328000
test_14822,0.99365241
test_14823,0.00001279
test_14824,0.97682785
test_14825,0.01797987
test_14826,0.99030907
test_14827,0.99999924
test_14828,0.00000178
test_14829,0.99999039
test_14830,0.02149403
test_14831,0.99999940
test_14832,0.00002170
test_14833,0.00000093
test_14834,0.99989049
test_14835,0.00000041
test_14836,0.97413525
test_14837,0.00808853
test_14838,0.00000015
test_14839,0.57568888
test_14840,0.00000634
test_14841,0.99768556
test_14842,0.99975936
test_14843,0.00000062
test_14844,0.88482388
test_14845,0.99341196
test_14846,0.99987043
test_14847,0.99999900
test_14848,0.99972983
test_14849,0.99999984
test_14850,0.00222028
test_14851,0.99999951
test_14852,0.00000051
test_14853,0.00007263
test_14854,0.00023746
test_14855,0.93801747
test_14856,0.03833949
test_14857,0.99999983
test_14858,0.99249716
test_14859,0.99999618
test_14860,0.99999939
test_14861,0.90863388
test_14862,0.99976323
test_14863,0.00292332
test_14864,0.00024190
test_14865,0.99880660
test_14866,0.00000942
test_14867,0.00000135
test_14868,0.03642489
test_14869,0.99999993
test_14870,0.00000028
test_14871,0.99999814
test_14872,0.98182829
test_14873,0.00053495
test_14874,0.01226468
test_14875,0.99998441
test_14876,0.00085825
test_14877,0.00000049
test_14878,0.99999388
test_14879,0.99080273
test_14880,0.99963296
test_14881,0.00096646
test_14882,0.00023944
test_14883,0.99861287
test_14884,0.03308842
test_14885,0.92202273
test_14886,0.57298318
test_14887,0.11078996
test_14888,0.99955034
test_14889,0.00000015
test_14890,0.01127581
test_14891,0.94904706
test_14892,0.00043794
test_14893,0.00263487
test_14894,0.90014149
test_14895,0.99749316
test_14896,0.00000023
test_14897,0.02696500
test_14898,0.99987954
test_14899,0.00000668
test_14900,0.00502524
test_14901,0.00673083
test_14902,0.00007404
test_14903,0.99622051
test_14904,0.99638689
test_14905,0.99983516
test_14906,0.99999792
test_14907,0.00133129
test_14908,0.00000118
test_14909,0.00107659
test_14910,0.00093448
test_14911,0.99991881
test_14912,0.99999949
test_14913,0.99831172
test_14914,0.99863175
test_14915,0.00004465
test_14916,0.98751574
test_14917,0.99999254
test_14918,0.00167874
test_14919,0.00000025
test_14920,0.00245546
test_14921,0.00065049
test_14922,0.00000769
test_14923,0.00017091
test_14924,0.99999930
test_14925,0.99999849
test_14926,0.00001087
test_14927,0.00091112
test_14928,0.99999981
test_14929,0.00000147
test_14930,0.03107981
test_14931,0.99999942
test_14932,0.00001209
test_14933,0.00000256
test_14934,0.00002914
test_14935,0.00020812
test_14936,0.99988533
test_14937,0.99981274
test_14938,0.03427547
test_14939,0.00000055
test_14940,0.07108665
test_14941,0.99800993
test_14942,0.99707625
test_14943,0.01683711
test_14944,0.99348258
test_14945,0.00000090
test_14946,0.00000031
test_14947,0.99954113
test_14948,0.99472438
test_14949,0.73588216
test_14950,0.99999554
test_14951,0.00011064
test_14952,0.00071254
test_14953,0.99999981
test_14954,0.00000001
test_14955,0.00000133
test_14956,0.00083212
test_14957,0.93631151
test_14958,0.00000014
test_14959,0.00000173
test_14960,0.99550335
test_14961,0.99913531
test_14962,0.99998418
test_14963,0.95095599
test_14964,0.00020758
test_14965,0.99999995
test_14966,0.99965468
test_14967,0.00001620
test_14968,0.00000027
test_14969,0.00007431
test_14970,0.00005737
test_14971,0.00000020
test_14972,0.99999638
test_14973,0.03224535
test_14974,0.99999932
test_14975,0.99999997
test_14976,0.00495931
test_14977,0.00000010
test_14978,0.01408743
test_14979,0.00000052
test_14980,0.99995178
test_14981,0.85221686
test_14982,0.99434025
test_14983,0.99912086
test_14984,0.00000871
test_14985,0.30514306
test_14986,0.99835299
test_14987,0.00003172
test_14988,0.00012573
test_14989,0.99819888
test_14990,0.00000476
test_14991,0.99999885
test_14992,0.99670326
test_14993,0.99930941
test_14994,0.66238027
test_14995,0.00706710
test_14996,0.99430535
test_14997,0.00012215
test_14998,0.99999997
test_14999,0.97828240
test_15000,0.99284045
test_15001,0.99999957
test_15002,0.00000058
test_15003,0.00000015
test_15004,0.04453177
test_15005,0.00039958
test_15006,0.00002005
test_15007,0.00996132
test_15008,0.99999887
test_15009,0.00103073
test_15010,0.00102134
test_15011,0.00017094
test_15012,0.00000011
test_15013,0.99878178
test_15014,0.98943071
test_15015,0.99999706
test_15016,0.00025575
test_15017,0.01178340
test_15018,0.99985353
test_15019,0.01210715
test_15020,0.99999848
test_15021,0.00257043
test_15022,0.00000020
test_15023,0.99910839
test_15024,0.99998422
test_15025,0.01015483
test_15026,0.00023007
test_15027,0.00000013
test_15028,0.00027268
test_15029,0.99876737
test_15030,0.00099711
test_15031,0.00539674
test_15032,0.00041413
test_15033,0.00145803
test_15034,0.99999983
test_15035,0.99999723
test_15036,0.00078248
test_15037,0.00000180
test_15038,0.99955949
test_15039,0.00103557
test_15040,0.99413318
test_15041,0.02090502
test_15042,0.99999930
test_15043,0.00000210
test_15044,0.99014068
test_15045,0.00789681
test_15046,0.00166100
test_15047,0.99957881
test_15048,0.99999935
test_15049,0.99998049
test_15050,0.99999824
test_15051,0.99999981
test_15052,0.95125874
test_15053,0.00000166
test_15054,0.00676384
test_15055,0.00000042
test_15056,0.99608072
test_15057,0.98665550
test_15058,0.97459587
test_15059,0.99989776
test_15060,0.10471980
test_15061,0.99844544
test_15062,0.99723461
test_15063,0.99985093
test_15064,0.00969964
test_15065,0.99772261
test_15066,0.00109659
test_15067,0.92578733
test_15068,0.22968847
test_15069,0.00468786
test_15070,0.99992172
test_15071,0.00000638
test_15072,0.98814584
test_15073,0.00058554
test_15074,0.00000082
test_15075,0.00008471
test_15076,0.99653483
test_15077,0.91835901
test_15078,0.00622360
test_15079,0.01696422
test_15080,0.04301892
test_15081,0.94015598
test_15082,0.99992923
test_15083,0.99964354
test_15084,0.98430207
test_15085,0.99996788
test_15086,0.00238625
test_15087,0.99820638
test_15088,0.97273814
test_15089,0.00012141
test_15090,0.00149297
test_15091,0.99999411
test_15092,0.99999803
test_15093,0.00952696
test_15094,0.99999283
test_15095,0.00017484
test_15096,0.00252856
test_15097,0.99999955
test_15098,0.00623552
test_15099,0.99999716
test_15100,0.96072101
test_15101,0.00044833
test_15102,0.99999919
test_15103,0.00381182
test_15104,0.98637802
test_15105,0.99170697
test_15106,0.97063395
test_15107,0.03405660
test_15108,0.00076614
test_15109,0.76883258
test_15110,0.99295326
test_15111,0.99112983
test_15112,0.99948012
test_15113,0.92485830
test_15114,0.99911527
test_15115,0.99998050
test_15116,0.99989003
test_15117,0.87003693
test_15118,0.54960472
test_15119,0.00027530
test_15120,0.07277457
test_15121,0.00000136
test_15122,0.24450130
test_15123,0.01556008
test_15124,0.00048931
test_15125,0.45827437
test_15126,0.00796769
test_15127,0.99942992
test_15128,0.04021508
test_15129,0.00037798
test_15130,0.00011656
test_15131,0.88979887
test_15132,0.13663662
test_15133,0.99992863
test_15134,0.99683295
test_15135,0.97985090
test_15136,0.99847767
test_15137,0.53612517
test_15138,0.99992257
test_15139,0.00000042
test_15140,0.00000056
test_15141,0.99999973
test_15142,0.99997467
test_15143,0.00498147
test_15144,0.00000276
test_15145,0.99986488
test_15146,0.99718303
test_15147,0.00135807
test_15148,0.02075102
test_15149,0.16675450
test_15150,0.70892812
test_15151,0.99967028
test_15152,0.00395956
test_15153,0.00019892
test_15154,0.99999928
test_15155,0.00000521
test_15156,0.00603829
test_15157,0.99920407
test_15158,0.00008332
test_15159,0.00148680
test_15160,0.99998870
test_15161,0.99999582
test_15162,0.99999867
test_15163,0.00032847
test_15164,0.99970706
test_15165,0.00000482
test_15166,0.00000619
test_15167,0.78909167
test_15168,0.00286147
test_15169,0.00045653
test_15170,0.01344102
test_15171,0.99999420
test_15172,0.00000083
test_15173,0.00077802
test_15174,0.00331134
test_15175,0.99801195
test_15176,0.99929717
test_15177,0.00330683
test_15178,0.00000218
test_15179,0.00931653
test_15180,0.99941780
test_15181,0.00000005
test_15182,0.96613982
test_15183,0.00000099
test_15184,0.99308879
test_15185,0.99999837
test_15186,0.95863967
test_15187,0.30494392
test_15188,0.99913513
test_15189,0.99999577
test_15190,0.00009189
test_15191,0.00000291
test_15192,0.04213955
test_15193,0.00276579
test_15194,0.00342221
test_15195,0.00000497
test_15196,0.00849520
test_15197,0.99998135
test_15198,0.00000058
test_15199,0.00009307
test_15200,0.00000036
test_15201,0.99355113
test_15202,0.99999999
test_15203,0.00000008
test_15204,0.99999325
test_15205,0.99999354
test_15206,0.99999956
test_15207,0.99987536
test_15208,0.00000191
test_15209,0.00153047
test_15210,0.00104020
test_15211,0.00003987
test_15212,0.00000003
test_15213,0.99999928
test_15214,0.99987715
test_15215,0.99189208
test_15216,0.99584085
test_15217,0.05553368
test_15218,0.99999978
test_15219,0.99999982
test_15220,0.00556898
test_15221,0.00000350
test_15222,0.99961583
test_15223,0.14644248
test_15224,0.00157094
test_15225,0.00000363
test_15226,0.36183555
test_15227,0.00000020
test_15228,0.99999790
test_15229,0.00010125
test_15230,0.99792120
test_15231,0.99999965
test_15232,0.00011358
test_15233,0.09052044
test_15234,0.62511256
test_15235,0.00002987
test_15236,0.97537216
test_15237,0.00173658
test_15238,0.99999962
test_15239,0.02606559
test_15240,0.99999897
test_15241,0.69566695
test_15242,0.00015745
test_15243,0.01201776
test_15244,0.00279195
test_15245,0.99937819
test_15246,0.00000338
test_15247,0.99817992
test_15248,0.94169816
test_15249,0.17234438
test_15250,0.99879132
test_15251,0.99797538
test_15252,0.99656870
test_15253,0.98279104
test_15254,0.00000106
test_15255,0.00035774
test_15256,0.00062235
test_15257,0.98723875
test_15258,0.00000010
test_15259,0.01022327
test_15260,0.99305031
test_15261,0.99626845
test_15262,0.99998024
test_15263,0.99999901
test_15264,0.00000059
test_15265,0.01188553
test_15266,0.98834170
test_15267,0.00368445
test_15268,0.00071578
test_15269,0.99868788
test_15270,0.99988541
test_15271,0.00757151
test_15272,0.99597553
test_15273,0.97844464
test_15274,0.00267643
test_15275,0.00043775
test_15276,0.10327929
test_15277,0.00103482
test_15278,0.99999993
test_15279,0.99628228
test_15280,0.99967971
test_15281,0.00000264
test_15282,0.99999880
test_15283,0.99996775
test_15284,0.84071051
test_15285,0.00750453
test_15286,0.44574419
test_15287,0.96691358
test_15288,0.00095689
test_15289,0.00465081
test_15290,0.99904029
test_15291,0.01247155
test_15292,0.00800029
test_15293,0.01752813
test_15294,0.99856507
test_15295,0.80139125
test_15296,0.99960594
test_15297,0.99971031
test_15298,0.00000017
test_15299,0.01560041
test_15300,0.00000022
test_15301,0.00000014
test_15302,0.00053604
test_15303,0.94324872
test_15304,0.99699903
test_15305,0.99987859
test_15306,0.99781915
test_15307,0.99917525
test_15308,0.00255473
test_15309,0.99987612
test_15310,0.01022499
test_15311,0.00039298
test_15312,0.00000006
test_15313,0.00685016
test_15314,0.01266241
test_15315,0.97912791
test_15316,0.99650950
test_15317,0.01770569
test_15318,0.00009404
test_15319,0.00438689
test_15320,0.02271248
test_15321,0.99985947
test_15322,0.00019958
test_15323,0.99999863
test_15324,0.99895043
test_15325,0.99999993
test_15326,0.99115993
test_15327,0.87924697
test_15328,0.00079183
test_15329,0.99999986
test_15330,0.00062880
test_15331,0.99999894
test_15332,0.99999636
test_15333,0.00000004
test_15334,0.73492395
test_15335,0.00093801
test_15336,0.99747785
test_15337,0.99999993
test_15338,0.00000091
test_15339,0.48408588
test_15340,0.94457207
test_15341,0.99962646
test_15342,0.00000022
test_15343,0.00000004
test_15344,0.99999993
test_15345,0.99830444
test_15346,0.00379500
test_15347,0.99423482
test_15348,0.00084327
test_15349,0.99934905
test_15350,0.00000082
test_15351,0.00000045
test_15352,0.00100539
test_15353,0.99677854
test_15354,0.98574659
test_15355,0.99473775
test_15356,0.00208279
test_15357,0.00000023
test_15358,0.02409940
test_15359,0.99989954
test_15360,0.99999998
test_15361,0.99998068
test_15362,0.00000829
test_15363,0.12463731
test_15364,0.99999905
test_15365,0.00001953
test_15366,0.19778684
test_15367,0.99999996
test_15368,0.99621016
test_15369,0.99991734
test_15370,0.00001839
test_15371,0.06445687
test_15372,0.00000008
test_15373,0.00748247
test_15374,0.99998830
test_15375,0.00000306
test_15376,0.99711780
test_15377,0.99999980
test_15378,0.99554275
test_15379,0.99999997
test_15380,0.99999974
test_15381,0.99999708
test_15382,0.01523675
test_15383,0.00000032
test_15384,0.02236380
test_15385,0.05587021
test_15386,0.99918730
test_15387,0.99999770
test_15388,0.99999925
test_15389,0.99776695
test_15390,0.00000042
test_15391,0.99999958
test_15392,0.01076466
test_15393,0.95808641
test_15394,0.00311844
test_15395,0.99999990
test_15396,0.00101143
test_15397,0.99999987
test_15398,0.99999962
test_15399,0.00907716
test_15400,0.99984759
test_15401,0.00405220
test_15402,0.93485944
test_15403,0.18764073
test_15404,0.01431234
test_15405,0.99868017
test_15406,0.40313996
test_15407,0.99999950
test_15408,0.38149361
test_15409,0.99507267
test_15410,0.87844178
test_15411,0.99519485
test_15412,0.99962958
test_15413,0.99999990
test_15414,0.99903454
test_15415,0.95907664
test_15416,0.00073761
test_15417,0.97992607
test_15418,0.99804033
test_15419,0.99880156
test_15420,0.99617988
test_15421,0.98247708
test_15422,0.05062735
test_15423,0.00261354
test_15424,0.99943569
test_15425,0.99999684
test_15426,0.99886694
test_15427,0.99951886
test_15428,0.99999581
test_15429,0.99987681
test_15430,0.99621878
test_15431,0.99999979
test_15432,0.00018664
test_15433,0.00079682
test_15434,0.99881227
test_15435,0.99999878
test_15436,0.00000023
test_15437,0.99997485
test_15438,0.00001017
test_15439,0.99999955
test_15440,0.00905157
test_15441,0.99879812
test_15442,0.00000268
test_15443,0.00082628
test_15444,0.00000021
test_15445,0.99999991
test_15446,0.99999875
test_15447,0.00289503
test_15448,0.99557214
test_15449,0.00018377
test_15450,0.99987159
test_15451,0.00000323
test_15452,0.99965252
test_15453,0.96879715
test_15454,0.03397682
test_15455,0.99999996
test_15456,0.98440208
test_15457,0.00213823
test_15458,0.01201331
test_15459,0.01220443
test_15460,0.96700876
test_15461,0.94725529
test_15462,0.98001416
test_15463,0.00003025
test_15464,0.00000190
test_15465,0.99923219
test_15466,0.99983768
test_15467,0.08770572
test_15468,0.99012482
test_15469,0.00195442
test_15470,0.97133731
test_15471,0.00001398
test_15472,0.00000011
test_15473,0.02262290
test_15474,0.00001703
test_15475,0.23187812
test_15476,0.00000666
test_15477,0.99926526
test_15478,0.99987010
test_15479,0.99937182
test_15480,0.64108701
test_15481,0.99999979
test_15482,0.10493572
test_15483,0.99951950
test_15484,0.00345389
test_15485,0.99457904
test_15486,0.14461083
test_15487,0.00279787
test_15488,0.04260095
test_15489,0.00000241
test_15490,0.00000864
test_15491,0.00000140
test_15492,0.99998147
test_15493,0.00205675
test_15494,0.99981091
test_15495,0.00317214
test_15496,0.01287658
test_15497,0.98986585
test_15498,0.97782790
test_15499,0.99999987
test_15500,0.00000001
test_15501,0.99999940
test_15502,0.99999972
test_15503,0.99999413
test_15504,0.99999785
test_15505,0.99966844
test_15506,0.99999793
test_15507,0.00001217
test_15508,0.99999697
test_15509,0.00000208
test_15510,0.00142923
test_15511,0.99999991
test_15512,0.00000105
test_15513,0.93239281
test_15514,0.99992781
test_15515,0.99999807
test_15516,0.99899576
test_15517,0.00000510
test_15518,0.00000317
test_15519,0.99999970
test_15520,0.00000056
test_15521,0.99031464
test_15522,0.98910410
test_15523,0.00000013
test_15524,0.00665074
test_15525,0.00199991
test_15526,0.99993165
test_15527,0.99999966
test_15528,0.00001774
test_15529,0.00000067
test_15530,0.99967260
test_15531,0.00004729
test_15532,0.00021978
test_15533,0.00108548
test_15534,0.00000002
test_15535,0.00000004
test_15536,0.00062645
test_15537,0.99802420
test_15538,0.55705836
test_15539,0.00000070
test_15540,0.00000020
test_15541,0.99999992
test_15542,0.00002699
test_15543,0.01903536
test_15544,0.99711534
test_15545,0.86649535
test_15546,0.00019567
test_15547,0.00000051
test_15548,0.00001752
test_15549,0.00000948
test_15550,0.99184436
test_15551,0.00000007
test_15552,0.00000005
test_15553,0.99999745
test_15554,0.00002690
test_15555,0.97935031
test_15556,0.99998239
test_15557,0.00000005
test_15558,0.00007736
test_15559,0.71432286
test_15560,0.99504933
test_15561,0.93659320
test_15562,0.99956244
test_15563,0.99998833
test_15564,0.00003168
test_15565,0.01040704
test_15566,0.99978013
test_15567,0.00000212
test_15568,0.99996646
test_15569,0.00001714
test_15570,0.99987166
test_15571,0.31248032
test_15572,0.00072154
test_15573,0.99889222
test_15574,0.99343978
test_15575,0.00014504
test_15576,0.99999797
test_15577,0.98183305
test_15578,0.99992427
test_15579,0.94258371
test_15580,0.99951222
test_15581,0.00001365
test_15582,0.97177947
test_15583,0.00475161
test_15584,0.00541505
test_15585,0.99982015
test_15586,0.99968332
test_15587,0.12168216
test_15588,0.47657307
test_15589,0.99570494
test_15590,0.00000010
test_15591,0.00056316
test_15592,0.99417616
test_15593,0.99999985
test_15594,0.98000867
test_15595,0.01589838
test_15596,0.98003614
test_15597,0.98701328
test_15598,0.15586006
test_15599,0.00000003
test_15600,0.00069916
test_15601,0.99999916
test_15602,0.00006398
test_15603,0.07739965
test_15604,0.00920262
test_15605,0.01995181
test_15606,0.36118136
test_15607,0.99841048
test_15608,0.00579340
test_15609,1.00000000
test_15610,0.55479649
test_15611,0.97431040
test_15612,0.99930461
test_15613,0.99995666
test_15614,0.12250909
test_15615,0.02873519
test_15616,0.00005757
test_15617,0.99472958
test_15618,0.00040801
test_15619,0.99899347
test_15620,0.00027225
test_15621,0.99999998
test_15622,0.00000056
test_15623,0.00079603
test_15624,0.01947546
test_15625,0.00124633
test_15626,0.96306679
test_15627,0.99999986
test_15628,0.00062180
test_15629,0.00135313
test_15630,0.00052747
test_15631,0.99815297
test_15632,0.92229473
test_15633,0.99819267
test_15634,0.00000006
test_15635,0.00000349
test_15636,0.99999864
test_15637,0.99962837
test_15638,0.99999991
test_15639,0.02325357
test_15640,0.99790426
test_15641,0.99684375
test_15642,0.99144058
test_15643,0.99334340
test_15644,0.00400387
test_15645,0.99986525
test_15646,0.99953349
test_15647,0.00047244
test_15648,0.00139259
test_15649,0.00003528
test_15650,0.99920316
test_15651,0.00129105
test_15652,0.99999608
test_15653,0.00002218
test_15654,0.99999938
test_15655,0.29135610
test_15656,0.99950641
test_15657,0.11057473
test_15658,0.99940044
test_15659,0.00491145
test_15660,0.00394080
test_15661,0.00000038
test_15662,0.00991281
test_15663,0.97787156
test_15664,0.00000017
test_15665,0.99999978
test_15666,0.99999983
test_15667,0.00000007
test_15668,0.99999977
test_15669,0.99773424
test_15670,0.00580203
test_15671,0.97011298
test_15672,0.99999996
test_15673,0.00028129
test_15674,0.13779132
test_15675,0.99999905
test_15676,0.00000063
test_15677,0.00000200
test_15678,0.98140382
test_15679,0.99986732
test_15680,0.99970482
test_15681,0.00001504
test_15682,0.02543744
test_15683,0.00006927
test_15684,0.99999259
test_15685,0.00000022
test_15686,0.99994560
test_15687,0.99797164
test_15688,0.99696482
test_15689,0.00181719
test_15690,0.00375813
test_15691,0.00000035
test_15692,0.00000032
test_15693,0.99991876
test_15694,0.01518883
test_15695,0.00002058
test_15696,0.99842572
test_15697,0.99361172
test_15698,0.00000004
test_15699,0.99990021
test_15700,0.00000015
test_15701,0.99979132
test_15702,0.93176268
test_15703,0.82803540
test_15704,0.00000293
test_15705,0.00770064
test_15706,0.99744097
test_15707,0.99999993
test_15708,0.00954664
test_15709,0.99999935
test_15710,0.99999972
test_15711,0.99997574
test_15712,0.00021499
test_15713,0.97501478
test_15714,0.22751327
test_15715,0.99964731
test_15716,0.21203818
test_15717,0.02613720
test_15718,0.99807384
test_15719,0.00105860
test_15720,0.99945422
test_15721,0.99931746
test_15722,0.99999861
test_15723,0.99296491
test_15724,0.99999926
test_15725,0.99579289
test_15726,0.99262719
test_15727,0.03076683
test_15728,0.00000248
test_15729,0.00955280
test_15730,0.00583917
test_15731,0.00013983
test_15732,0.99864570
test_15733,0.99017963
test_15734,0.00000080
test_15735,0.25617291
test_15736,0.00000002
test_15737,0.99970751
test_15738,0.01164860
test_15739,0.98993862
test_15740,0.00000022
test_15741,0.99877048
test_15742,0.99977977
test_15743,0.99999985
test_15744,0.03521975
test_15745,0.99089567
test_15746,0.99999989
test_15747,0.99970388
test_15748,0.00002158
test_15749,0.99740786
test_15750,0.99993026
test_15751,0.99999994
test_15752,0.86568608
test_15753,0.94236043
test_15754,0.00019806
test_15755,0.99999987
test_15756,0.00165538
test_15757,0.99999941
test_15758,0.98592620
test_15759,0.00308403
test_15760,0.99999266
test_15761,0.98684900
test_15762,0.88083903
test_15763,0.26998402
test_15764,0.99652027
test_15765,0.99873481
test_15766,0.01572720
test_15767,0.99888082
test_15768,0.00469872
test_15769,0.00092933
test_15770,0.99999729
test_15771,0.00188277
test_15772,0.90164058
test_15773,0.00018186
test_15774,0.98663719
test_15775,0.99921690
test_15776,0.00000007
test_15777,0.00000026
test_15778,0.00048361
test_15779,0.00001996
test_15780,0.00925998
test_15781,0.00197308
test_15782,0.83588584
test_15783,0.99999838
test_15784,0.05252606
test_15785,0.15351591
test_15786,0.99643618
test_15787,0.00000883
test_15788,0.00107885
test_15789,0.00155167
test_15790,0.96499870
test_15791,0.07517637
test_15792,0.99932948
test_15793,0.73911260
test_15794,0.99383230
test_15795,0.00000017
test_15796,0.04085280
test_15797,0.00098237
test_15798,0.00994302
test_15799,0.00125361
test_15800,0.96435560
test_15801,0.99538582
test_15802,0.03308796
test_15803,0.02354682
test_15804,0.00008020
test_15805,0.99255085
test_15806,0.00051992
test_15807,0.99592731
test_15808,0.99002356
test_15809,0.96671054
test_15810,0.00008533
test_15811,0.97018039
test_15812,0.00498137
test_15813,0.95083527
test_15814,0.28495587
test_15815,0.00068975
test_15816,0.99999850
test_15817,0.01312926
test_15818,0.00010317
test_15819,0.99972912
test_15820,0.00000019
test_15821,0.99952815
test_15822,0.98043852
test_15823,0.00007815
test_15824,0.40903275
test_15825,0.05653862
test_15826,0.00257978
test_15827,0.99209212
test_15828,0.95003070
test_15829,0.95909447
test_15830,0.00000022
test_15831,0.00000002
test_15832,0.99999995
test_15833,0.99722034
test_15834,0.04118910
test_15835,0.00000101
test_15836,0.99795430
test_15837,0.99999779
test_15838,0.00030500
test_15839,0.99911755
test_15840,0.99999855
test_15841,0.00004885
test_15842,0.99982661
test_15843,0.01773896
test_15844,0.01405013
test_15845,0.99961569
test_15846,0.14879405
test_15847,0.00117969
test_15848,0.00669581
test_15849,0.99578869
test_15850,0.00262150
test_15851,0.97047455
test_15852,0.00046542
test_15853,0.99882741
test_15854,0.99268475
test_15855,0.98844844
test_15856,0.86775010
test_15857,0.00000011
test_15858,0.98760812
test_15859,0.99944541
test_15860,0.00000002
test_15861,0.98512649
test_15862,0.00132088
test_15863,0.99885556
test_15864,0.99971753
test_15865,0.99999994
test_15866,0.99964979
test_15867,0.99996369
test_15868,0.98508350
test_15869,0.00045572
test_15870,0.00154912
test_15871,0.99888018
test_15872,0.00627329
test_15873,0.00000160
test_15874,0.00420464
test_15875,0.00001175
test_15876,0.00308269
test_15877,0.00001774
test_15878,0.99941396
test_15879,0.40825810
test_15880,0.00181296
test_15881,0.00000006
test_15882,0.99697495
test_15883,0.00328583
test_15884,0.99999852
test_15885,0.99369006
test_15886,0.00387871
test_15887,0.99034150
test_15888,0.42887953
test_15889,0.75857565
test_15890,0.72044521
test_15891,0.76859188
test_15892,0.98784160
test_15893,0.00150134
test_15894,0.00000121
test_15895,0.99795487
test_15896,0.98836095
test_15897,0.94873820
test_15898,0.98672686
test_15899,0.01084575
test_15900,0.99940084
test_15901,0.99824188
test_15902,0.01894863
test_15903,0.34789260
test_15904,0.00000066
test_15905,0.99930266
test_15906,0.00000006
test_15907,0.99999607
test_15908,0.00000006
test_15909,0.99999535
test_15910,0.99574137
test_15911,0.00011135
test_15912,0.99591921
test_15913,0.99931593
test_15914,0.99955752
test_15915,0.00000195
test_15916,0.00496239
test_15917,0.01851193
test_15918,0.00000447
test_15919,0.99999864
test_15920,0.97923397
test_15921,0.99999951
test_15922,0.00080918
test_15923,0.99957155
test_15924,0.00000208
test_15925,0.31600688
test_15926,0.99999341
test_15927,0.99999996
test_15928,0.99997989
test_15929,0.99983773
test_15930,0.00001566
test_15931,0.00028311
test_15932,0.99879651
test_15933,0.99999735
test_15934,0.00063294
test_15935,0.99999991
test_15936,0.04908089
test_15937,0.98815531
test_15938,0.99999968
test_15939,0.99694951
test_15940,0.99516904
test_15941,0.99994896
test_15942,0.00000001
test_15943,0.99999991
test_15944,0.00014868
test_15945,0.99890224
test_15946,0.04667227
test_15947,0.00002703
test_15948,0.99990466
test_15949,0.99994846
test_15950,0.00140611
test_15951,0.00015867
test_15952,0.99480448
test_15953,0.00000786
test_15954,0.98596917
test_15955,0.00000038
test_15956,0.02902055
test_15957,0.02381963
test_15958,0.97596882
test_15959,0.99999990
test_15960,0.01288577
test_15961,0.99999879
test_15962,0.99955807
test_15963,0.39452015
test_15964,0.99944474
test_15965,0.00675874
test_15966,0.99805709
test_15967,0.00049139
test_15968,0.00000730
test_15969,0.19586963
test_15970,0.96761153
test_15971,0.00000020
test_15972,0.00000474
test_15973,0.00293339
test_15974,0.12675713
test_15975,0.00139820
test_15976,0.75788529
test_15977,0.84657815
test_15978,0.99640728
test_15979,0.95575784
test_15980,0.00102498
test_15981,0.99999994
test_15982,0.00041089
test_15983,0.99944642
test_15984,0.99999866
test_15985,0.00000034
test_15986,0.00000018
test_15987,0.00049039
test_15988,0.99574221
test_15989,0.00605968
test_15990,0.99793536
test_15991,0.99999691
test_15992,0.00000005
test_15993,0.99999707
test_15994,0.00003008
test_15995,0.65148056
test_15996,0.04506760
test_15997,0.00559408
test_15998,0.00566219
test_15999,0.96875824
test_16000,0.00000007
test_16001,0.10970174
test_16002,0.00037770
test_16003,0.97776962
test_16004,0.00006543
test_16005,0.00103370
test_16006,0.51851421
test_16007,0.71712494
test_16008,0.03979443
test_16009,0.00056291
test_16010,0.99410296
test_16011,0.00950226
test_16012,0.00000115
test_16013,0.99929100
test_16014,0.00658259
test_16015,0.00617082
test_16016,0.30091866
test_16017,0.03375636
test_16018,0.99992236
test_16019,0.00001362
test_16020,0.99938209
test_16021,0.99999995
test_16022,0.99711709
test_16023,0.00028249
test_16024,0.01356995
test_16025,0.00000271
test_16026,0.99870350
test_16027,0.99999794
test_16028,0.00954622
test_16029,0.00059334
test_16030,0.06043547
test_16031,0.26814049
test_16032,0.99999190
test_16033,0.00000021
test_16034,0.99999998
test_16035,0.00245816
test_16036,0.00000010
test_16037,0.00000572
test_16038,0.00428095
test_16039,0.09316554
test_16040,0.00001714
test_16041,0.99991152
test_16042,0.99461609
test_16043,0.99999774
test_16044,0.98497227
test_16045,0.99999923
test_16046,0.00033245
test_16047,0.03898821
test_16048,0.99991791
test_16049,0.02388304
test_16050,0.80413156
test_16051,0.99327410
test_16052,0.00000018
test_16053,0.98736963
test_16054,0.00000110
test_16055,0.00000012
test_16056,0.95170282
test_16057,0.99999082
test_16058,0.00275153
test_16059,0.95948284
test_16060,0.99995146
test_16061,0.99739186
test_16062,0.00201955
test_16063,0.81121670
test_16064,0.99801854
test_16065,0.99987787
test_16066,0.99463117
test_16067,0.98605468
test_16068,0.00545149
test_16069,0.00194831
test_16070,0.30337171
test_16071,0.99999645
test_16072,0.99960941
test_16073,0.00000001
test_16074,0.00001775
test_16075,0.98894539
test_16076,0.82485931
test_16077,0.99937591
test_16078,0.64633516
test_16079,0.99465558
test_16080,0.99959894
test_16081,0.99883113
test_16082,0.99379602
test_16083,0.08323210
test_16084,0.00018806
test_16085,0.00028766
test_16086,0.99999952
test_16087,0.99942816
test_16088,0.99980659
test_16089,0.00351603
test_16090,0.00001974
test_16091,0.99836751
test_16092,0.04824286
test_16093,0.12983619
test_16094,0.99994835
test_16095,0.99850782
test_16096,0.99988421
test_16097,0.01279266
test_16098,0.92990291
test_16099,0.99956819
test_16100,0.00050974
test_16101,0.00256232
test_16102,0.99984421
test_16103,0.01073440
test_16104,0.02971708
test_16105,0.91817837
test_16106,0.98919842
test_16107,0.99961764
test_16108,0.04055918
test_16109,0.99996194
test_16110,0.03846202
test_16111,0.99999873
test_16112,0.99995035
test_16113,0.99986414
test_16114,0.84670292
test_16115,0.00000089
test_16116,0.01285879
test_16117,0.99999993
test_16118,0.99975462
test_16119,0.98602081
test_16120,0.00097805
test_16121,0.99742580
test_16122,0.00000218
test_16123,0.99857675
test_16124,0.99835667
test_16125,0.99990159
test_16126,0.03168654
test_16127,0.99999985
test_16128,0.00137266
test_16129,0.01543488
test_16130,0.99935156
test_16131,0.00897116
test_16132,0.99987891
test_16133,0.00000442
test_16134,0.98948770
test_16135,0.99999995
test_16136,0.99947800
test_16137,0.99999996
test_16138,0.97582232
test_16139,0.99627721
test_16140,0.01982363
test_16141,0.00000193
test_16142,0.06501081
test_16143,0.99996703
test_16144,0.97680325
test_16145,0.05969006
test_16146,0.00000063
test_16147,0.00324399
test_16148,0.03810447
test_16149,0.03583064
test_16150,0.91251341
test_16151,0.99999540
test_16152,0.00345420
test_16153,0.99910585
test_16154,0.00892232
test_16155,0.99999990
test_16156,0.99999914
test_16157,0.14817215
test_16158,0.00000139
test_16159,0.32432145
test_16160,0.49920033
test_16161,0.86490095
test_16162,0.97925327
test_16163,0.00001248
test_16164,0.17780343
test_16165,0.00000861
test_16166,0.00030377
test_16167,0.02280167
test_16168,0.00000005
test_16169,0.99999873
test_16170,0.99999878
test_16171,0.00243274
test_16172,0.03153409
test_16173,0.99381379
test_16174,0.00282311
test_16175,0.95713833
test_16176,0.00000785
test_16177,0.00430070
test_16178,0.00000028
test_16179,0.00000276
test_16180,0.00169154
test_16181,0.99999999
test_16182,0.00000091
test_16183,0.00000004
test_16184,0.99999883
test_16185,0.99999969
test_16186,0.01211899
test_16187,0.00000096
test_16188,0.00478299
test_16189,0.99999992
test_16190,0.70342414
test_16191,0.00001218
test_16192,0.98991832
test_16193,0.99997831
test_16194,0.00025858
test_16195,0.99999954
test_16196,0.00088309
test_16197,0.99999971
test_16198,0.00000033
test_16199,0.99995510
test_16200,0.38244794
test_16201,0.00005567
test_16202,0.99950762
test_16203,0.99999637
test_16204,0.99998101
test_16205,0.96379825
test_16206,0.99999996
test_16207,0.99989869
test_16208,0.18412970
test_16209,0.28033671
test_16210,0.99999997
test_16211,0.99999991
test_16212,0.99994982
test_16213,0.99381301
test_16214,0.00001330
test_16215,0.97600652
test_16216,0.99999952
test_16217,0.00251952
test_16218,0.99999935
test_16219,0.99927507
test_16220,0.99997446
test_16221,0.99950843
test_16222,0.99999930
test_16223,0.88945322
test_16224,0.99999994
test_16225,0.99313588
test_16226,0.94911694
test_16227,0.00000088
test_16228,0.02057467
test_16229,0.99571861
test_16230,0.99686442
test_16231,0.99996878
test_16232,0.00001941
test_16233,0.00026826
test_16234,0.94948354
test_16235,0.99382565
test_16236,0.00000005
test_16237,0.99999993
test_16238,0.12273531
test_16239,0.00990887
test_16240,0.94070847
test_16241,0.00000035
test_16242,0.11002181
test_16243,0.99851284
test_16244,0.09972440
test_16245,0.99961194
test_16246,0.92834945
test_16247,0.00000041
test_16248,0.99807249
test_16249,0.00000002
test_16250,0.99731574
test_16251,0.73896405
test_16252,0.00082718
test_16253,0.99954096
test_16254,0.99592332
test_16255,0.01419535
test_16256,0.00654614
test_16257,0.21337660
test_16258,0.00000018
test_16259,0.99999982
test_16260,0.40054599
test_16261,0.99999818
test_16262,0.99999178
test_16263,0.97250761
test_16264,0.00000289
test_16265,0.99971678
test_16266,0.99999943
test_16267,0.00000047
test_16268,0.99999998
test_16269,0.00000011
test_16270,0.99819276
test_16271,0.99999998
test_16272,0.99999982
test_16273,0.99994911
test_16274,0.99999951
test_16275,0.00018955
test_16276,0.00000008
test_16277,0.99856126
test_16278,0.00000024
test_16279,0.00002132
test_16280,0.99258506
test_16281,0.99986364
test_16282,0.99999951
test_16283,0.00000007
test_16284,0.00998391
test_16285,0.95346770
test_16286,0.00000393
test_16287,0.99984202
test_16288,0.00000086
test_16289,0.99912606
test_16290,0.00894064
test_16291,0.99999606
test_16292,0.99208701
test_16293,0.99998404
test_16294,0.00000080
test_16295,0.99383171
test_16296,0.00000115
test_16297,0.99092914
test_16298,0.98653275
test_16299,0.89831848
test_16300,0.00000523
test_16301,0.00000062
test_16302,0.00000022
test_16303,0.99999897
test_16304,0.00223746
test_16305,0.99999450
test_16306,0.99651999
test_16307,0.99999994
test_16308,0.99999996
test_16309,0.99999993
test_16310,0.00002751
test_16311,0.98522209
test_16312,0.00000055
test_16313,0.00001184
test_16314,0.99999993
test_16315,0.03416512
test_16316,0.83409678
test_16317,0.99999779
test_16318,0.99453469
test_16319,0.00061894
test_16320,0.99999999
test_16321,0.99646183
test_16322,0.00003056
test_16323,0.00000100
test_16324,0.99884065
test_16325,0.78384890
test_16326,0.99999184
test_16327,0.00001409
test_16328,0.00710281
test_16329,0.01350007
test_16330,0.99919217
test_16331,0.00000411
test_16332,0.90891785
test_16333,0.01620504
test_16334,0.99935000
test_16335,0.99999990
test_16336,0.00039954
test_16337,0.69710850
test_16338,0.98617718
test_16339,0.99893116
test_16340,0.99999866
test_16341,0.99999125
test_16342,0.99889091
test_16343,0.99781221
test_16344,0.99741470
test_16345,0.00411250
test_16346,0.99999916
test_16347,0.00084301
test_16348,0.99427691
test_16349,0.99999983
test_16350,0.47043994
test_16351,0.92159083
test_16352,0.00000084
test_16353,0.99926766
test_16354,0.02109408
test_16355,0.99993838
test_16356,0.01441274
test_16357,0.13569303
test_16358,0.01139362
test_16359,0.99968820
test_16360,0.00019570
test_16361,0.00000102
test_16362,0.99999922
test_16363,0.71938129
test_16364,0.00842426
test_16365,0.99999945
test_16366,0.41301062
test_16367,0.99998469
test_16368,0.00001259
test_16369,0.00024443
test_16370,0.00000078
test_16371,0.97569399
test_16372,0.99997120
test_16373,0.99996272
test_16374,0.00000052
test_16375,0.99839061
test_16376,0.99293099
test_16377,0.99999829
test_16378,0.93022905
test_16379,0.00000016
test_16380,0.00008277
test_16381,0.23338976
test_16382,0.00661086
test_16383,0.67930269
test_16384,0.99996377
test_16385,0.00067395
test_16386,0.97006686
test_16387,0.99853309
test_16388,0.53119749
test_16389,0.99999787
test_16390,0.99999986
test_16391,0.15005056
test_16392,0.99999990
test_16393,0.00072341
test_16394,0.99778214
test_16395,0.00000402
test_16396,0.99999680
test_16397,0.00000218
test_16398,0.99999798
test_16399,0.00525265
test_16400,0.00000042
test_16401,0.99964847
test_16402,0.99945218
test_16403,0.99419505
test_16404,0.99999908
test_16405,0.00000009
test_16406,0.00013905
test_16407,0.99688844
test_16408,0.98462069
test_16409,0.00000601
test_16410,0.00000007
test_16411,0.00389252
test_16412,0.00007473
test_16413,0.00000015
test_16414,0.99513540
test_16415,0.99999995
test_16416,0.00000815
test_16417,0.00288750
test_16418,0.00019676
test_16419,0.00913800
test_16420,0.00053737
test_16421,0.99999027
test_16422,0.99999996
test_16423,0.99997528
test_16424,0.05037044
test_16425,0.00000438
test_16426,0.04135237
test_16427,0.87620397
test_16428,0.00058177
test_16429,0.99795428
test_16430,0.99999972
test_16431,0.99999023
test_16432,0.22868191
test_16433,0.00019366
test_16434,0.01884969
test_16435,0.00605168
test_16436,0.00000844
test_16437,0.94838653
test_16438,0.99998390
test_16439,0.99999883
test_16440,0.99999998
test_16441,0.00048314
test_16442,0.97701310
test_16443,0.00000058
test_16444,0.99470185
test_16445,0.85805853
test_16446,0.00000122
test_16447,0.98474256
test_16448,0.00574218
test_16449,0.99999987
test_16450,0.00130958
test_16451,0.00000509
test_16452,0.00000023
test_16453,0.98735780
test_16454,0.00000027
test_16455,0.99998564
test_16456,0.18344588
test_16457,0.02063894
test_16458,0.00005776
test_16459,0.00088526
test_16460,0.00041740
test_16461,0.99966934
test_16462,0.06793179
test_16463,0.99999983
test_16464,0.99900502
test_16465,0.95585804
test_16466,0.96255715
test_16467,0.99957398
test_16468,0.99922628
test_16469,0.99951366
test_16470,0.99999993
test_16471,0.00028657
test_16472,0.00000208
test_16473,0.05341817
test_16474,0.92261063
test_16475,0.00000308
test_16476,0.00000012
test_16477,0.00001810
test_16478,0.99999987
test_16479,0.20921604
test_16480,0.99976088
test_16481,0.00000023
test_16482,0.99414451
test_16483,0.01113091
test_16484,0.98404125
test_16485,0.00000179
test_16486,0.99999139
test_16487,0.08538287
test_16488,0.00000570
test_16489,0.00000070
test_16490,0.99492053
test_16491,0.04493834
test_16492,0.00000235
test_16493,0.02263075
test_16494,0.00118197
test_16495,0.00042420
test_16496,0.99211798
test_16497,0.00000025
test_16498,0.00057764
test_16499,0.01424804
test_16500,0.00426674
test_16501,0.99996096
test_16502,0.00000024
test_16503,0.00000660
test_16504,0.00000001
test_16505,0.99611439
test_16506,0.00000114
test_16507,0.99999969
test_16508,0.99999653
test_16509,0.00052272
test_16510,0.01397445
test_16511,0.99999863
test_16512,0.00000101
test_16513,0.00133230
test_16514,0.00000020
test_16515,0.98443388
test_16516,0.99967051
test_16517,0.00023755
test_16518,0.99974280
test_16519,0.99999992
test_16520,0.92137782
test_16521,0.00016214
test_16522,0.99262700
test_16523,0.99999970
test_16524,0.00024169
test_16525,0.00077327
test_16526,0.99989301
test_16527,0.00000009
test_16528,0.00135711
test_16529,0.97549458
test_16530,0.00000205
test_16531,0.01557040
test_16532,0.99921829
test_16533,0.00159155
test_16534,0.99999981
test_16535,0.99999900
test_16536,0.00000051
test_16537,0.98438786
test_16538,0.99983929
test_16539,0.99999823
test_16540,0.00031387
test_16541,0.00000154
test_16542,0.67361812
test_16543,0.99265870
test_16544,0.00113032
test_16545,0.00375155
test_16546,0.99882141
test_16547,0.99341887
test_16548,0.05515899
test_16549,0.00904430
test_16550,0.99978198
test_16551,0.99998268
test_16552,0.99984992
test_16553,0.00255349
test_16554,0.00001386
test_16555,0.16708953
test_16556,0.99533121
test_16557,0.99999995
test_16558,0.99996616
test_16559,0.99999967
test_16560,0.00006387
test_16561,0.99999105
test_16562,0.29310021
test_16563,0.00085408
test_16564,0.99917942
test_16565,0.99781333
test_16566,0.00000040
test_16567,0.99999982
test_16568,0.99961752
test_16569,0.00001116
test_16570,0.91334477
test_16571,0.99732264
test_16572,0.22619706
test_16573,0.00002773
test_16574,0.00220180
test_16575,0.00000036
test_16576,0.00007060
test_16577,0.00000141
test_16578,0.99953199
test_16579,0.00337849
test_16580,0.00000231
test_16581,0.00000001
test_16582,0.98415613
test_16583,0.99990948
test_16584,0.99620852
test_16585,0.00000009
test_16586,0.00164543
test_16587,0.99224394
test_16588,0.00005522
test_16589,0.99999978
test_16590,0.00000350
test_16591,0.99986096
test_16592,0.00000167
test_16593,0.00374807
test_16594,0.00020507
test_16595,0.07625974
test_16596,0.00001834
test_16597,0.73638790
test_16598,0.99329089
test_16599,0.35316799
test_16600,0.99615892
test_16601,0.00012909
test_16602,0.99931535
test_16603,0.98164921
test_16604,0.99999874
test_16605,0.00000020
test_16606,0.00006988
test_16607,0.03466656
test_16608,0.99999915
test_16609,0.99999997
test_16610,0.00000100
test_16611,0.28092423
test_16612,0.00010163
test_16613,0.99999994
test_16614,0.99469935
test_16615,0.00896994
test_16616,0.02582854
test_16617,0.00080658
test_16618,0.00040859
test_16619,0.00000014
test_16620,0.99999996
test_16621,0.99999899
test_16622,0.99848457
test_16623,0.12044699
test_16624,0.97792656
test_16625,0.00000089
test_16626,0.00764089
test_16627,0.00000024
test_16628,0.00000091
test_16629,0.00605883
test_16630,0.00000091
test_16631,0.00081053
test_16632,0.99907243
test_16633,0.00006022
test_16634,0.03595398
test_16635,0.00307091
test_16636,0.99999482
test_16637,0.00048259
test_16638,0.99999975
test_16639,0.99947130
test_16640,0.99999631
test_16641,0.82430894
test_16642,0.99999896
test_16643,0.99999995
test_16644,0.99999972
test_16645,0.99999970
test_16646,0.99999897
test_16647,0.99991511
test_16648,0.37977840
test_16649,0.99646712
test_16650,0.00054978
test_16651,0.00002018
test_16652,0.00000246
test_16653,0.99981502
test_16654,0.99999970
test_16655,0.00000007
test_16656,0.94987429
test_16657,0.99999999
test_16658,0.99947184
test_16659,0.31419582
test_16660,0.99985482
test_16661,0.00000065
test_16662,0.99376208
test_16663,0.00000158
test_16664,0.99938539
test_16665,0.00014343
test_16666,0.99900525
test_16667,0.00039477
test_16668,0.99999940
test_16669,0.00001037
test_16670,0.00639739
test_16671,0.02173873
test_16672,0.99999976
test_16673,0.00010771
test_16674,0.00000487
test_16675,0.00292183
test_16676,0.00317042
test_16677,0.94296799
test_16678,0.74113721
test_16679,0.02071345
test_16680,0.00441592
test_16681,0.00000913
test_16682,0.99983512
test_16683,0.07565619
test_16684,0.00037850
test_16685,0.00000024
test_16686,0.03611830
test_16687,0.99999720
test_16688,0.61201212
test_16689,0.96854260
test_16690,0.99937527
test_16691,0.00238713
test_16692,0.98336488
test_16693,0.00001664
test_16694,0.99952799
test_16695,0.00076029
test_16696,0.00000137
test_16697,0.00070315
test_16698,0.86769378
test_16699,0.00001680
test_16700,0.00081700
test_16701,0.00000411
test_16702,0.00148659
test_16703,0.99984596
test_16704,0.00100029
test_16705,0.99620179
test_16706,0.99821959
test_16707,0.63011624
test_16708,0.99999899
test_16709,0.99989703
test_16710,0.00332597
test_16711,0.99999376
test_16712,0.03799029
test_16713,0.02320692
test_16714,0.00000094
test_16715,0.00353668
test_16716,0.00035635
test_16717,0.01446666
test_16718,0.02593955
test_16719,0.44338906
test_16720,0.00007158
test_16721,0.98547399
test_16722,0.99969165
test_16723,0.99407092
test_16724,0.08327036
test_16725,0.01730788
test_16726,0.00032148
test_16727,0.99992298
test_16728,0.01736933
test_16729,0.31182206
test_16730,0.97488124
test_16731,0.00206413
test_16732,0.21087011
test_16733,0.00000066
test_16734,0.99970280
test_16735,0.00007977
test_16736,0.99999387
test_16737,0.99999720
test_16738,0.99949360
test_16739,0.99999866
test_16740,0.99999962
test_16741,0.00057911
test_16742,0.00000059
test_16743,0.00000404
test_16744,0.99999699
test_16745,0.00000009
test_16746,0.00089411
test_16747,0.62718496
test_16748,0.99999563
test_16749,0.99786420
test_16750,0.00161344
test_16751,0.99999998
test_16752,0.00315679
test_16753,0.99999990
test_16754,0.00191631
test_16755,0.00000020
test_16756,0.99972554
test_16757,0.00000090
test_16758,0.99999944
test_16759,0.95145261
test_16760,0.98836091
test_16761,0.99999995
test_16762,0.98011941
test_16763,0.99591376
test_16764,0.00004764
test_16765,0.99999777
test_16766,0.99999984
test_16767,0.00001460
test_16768,0.00000123
test_16769,0.99832965
test_16770,0.98866503
test_16771,0.81535831
test_16772,0.01469069
test_16773,0.99416638
test_16774,0.99834859
test_16775,0.01616487
test_16776,0.00049648
test_16777,0.99768308
test_16778,0.01266908
test_16779,0.00000028
test_16780,0.99958386
test_16781,0.00000062
test_16782,0.99999958
test_16783,0.92843821
test_16784,0.99957119
test_16785,0.99917847
test_16786,0.00057246
test_16787,0.12852717
test_16788,0.86862095
test_16789,0.99999989
test_16790,0.02058056
test_16791,0.01272537
test_16792,0.99986346
test_16793,0.00006757
test_16794,0.99911818
test_16795,0.00017736
test_16796,0.99171980
test_16797,0.00596100
test_16798,0.95899177
test_16799,0.99955426
test_16800,0.99221089
test_16801,0.99999992
test_16802,0.99933291
test_16803,0.00000063
test_16804,0.99999969
test_16805,0.99953674
test_16806,0.99999950
test_16807,0.99999980
test_16808,0.00000005
test_16809,0.00008621
test_16810,0.00000007
test_16811,0.99964623
test_16812,0.00207042
test_16813,0.00978757
test_16814,0.01873395
test_16815,0.99999697
test_16816,0.00000008
test_16817,0.99889590
test_16818,0.00074667
test_16819,0.99999981
test_16820,0.00005350
test_16821,0.97017789
test_16822,0.99940860
test_16823,0.99999989
test_16824,0.99999976
test_16825,0.89266696
test_16826,0.99791193
test_16827,0.01044740
test_16828,0.00006030
test_16829,0.00349054
test_16830,0.01906988
test_16831,0.99999085
test_16832,0.99837719
test_16833,0.01263914
test_16834,0.99518376
test_16835,0.96234572
test_16836,0.00176313
test_16837,0.99920294
test_16838,0.00015446
test_16839,0.97901036
test_16840,0.99897848
test_16841,0.99886111
test_16842,0.97561261
test_16843,0.00000240
test_16844,0.99995345
test_16845,0.00004057
test_16846,0.00007960
test_16847,0.15660381
test_16848,0.99990388
test_16849,0.99497094
test_16850,0.03437426
test_16851,0.00136761
test_16852,0.04034145
test_16853,0.16704121
test_16854,0.00000033
test_16855,0.00057955
test_16856,0.97791563
test_16857,0.99912836
test_16858,0.97589416
test_16859,0.00372358
test_16860,0.99972461
test_16861,0.11427232
test_16862,0.00134830
test_16863,0.99999993
test_16864,0.14882543
test_16865,0.00015441
test_16866,0.00008194
test_16867,0.98782625
test_16868,0.99914861
test_16869,0.99979940
test_16870,0.99999633
test_16871,0.99988474
test_16872,0.99999979
test_16873,0.00000244
test_16874,0.03405556
test_16875,0.00000194
test_16876,0.99999957
test_16877,0.00000056
test_16878,0.00027166
test_16879,0.79376649
test_16880,0.99761829
test_16881,0.00000267
test_16882,0.00180471
test_16883,0.99999971
test_16884,0.99999727
test_16885,0.04286797
test_16886,0.99997072
test_16887,0.99972523
test_16888,0.99999901
test_16889,0.99999992
test_16890,0.99999643
test_16891,0.00704702
test_16892,0.99999972
test_16893,0.99959868
test_16894,0.99999864
test_16895,0.00069826
test_16896,0.99754088
test_16897,0.00141799
test_16898,0.00010536
test_16899,0.23687967
test_16900,0.00379305
test_16901,0.00000065
test_16902,0.00608100
test_16903,0.99994708
test_16904,0.99969682
test_16905,0.00000059
test_16906,0.07515759
test_16907,0.99671794
test_16908,0.00000053
test_16909,0.99999947
test_16910,0.00639432
test_16911,0.21323290
test_16912,0.99982333
test_16913,0.04495904
test_16914,0.00000158
test_16915,0.99968502
test_16916,0.98606980
test_16917,0.00000004
test_16918,0.72195257
test_16919,0.00072229
test_16920,0.96829991
test_16921,0.99044052
test_16922,0.91397439
test_16923,0.03588541
test_16924,0.94350125
test_16925,0.01227357
test_16926,0.00000061
test_16927,0.00229605
test_16928,0.02281650
test_16929,0.00200004
test_16930,0.00132290
test_16931,0.99999856
test_16932,0.00010107
test_16933,0.99993829
test_16934,0.99999764
test_16935,0.89202756
test_16936,0.99991157
test_16937,0.99932041
test_16938,0.00116830
test_16939,0.99999659
test_16940,0.99999986
test_16941,0.99048506
test_16942,0.93057830
test_16943,0.99992483
test_16944,0.00101233
test_16945,0.00000045
test_16946,0.99878206
test_16947,0.00004855
test_16948,0.00001347
test_16949,0.99999985
test_16950,0.99414433
test_16951,0.99989652
test_16952,0.99999521
test_16953,0.99995162
test_16954,0.05497078
test_16955,0.89822775
test_16956,0.00000062
test_16957,0.01058088
test_16958,0.99999996
test_16959,0.00828427
test_16960,0.99999992
test_16961,0.00000280
test_16962,0.00008327
test_16963,0.99999119
test_16964,0.00000025
test_16965,0.99820960
test_16966,0.00122781
test_16967,0.16349841
test_16968,0.00052544
test_16969,0.99829234
test_16970,0.00000845
test_16971,0.99999931
test_16972,0.22808083
test_16973,0.99999900
test_16974,0.76599175
test_16975,0.00007572
test_16976,0.00000118
test_16977,0.04860094
test_16978,0.99999433
test_16979,0.00978363
test_16980,0.98552256
test_16981,0.99915214
test_16982,0.00000237
test_16983,0.99999974
test_16984,0.00000265
test_16985,0.00008622
test_16986,0.01660791
test_16987,0.00000428
test_16988,0.00287084
test_16989,0.00495372
test_16990,0.00016022
test_16991,0.00000565
test_16992,0.99226712
test_16993,0.06873919
test_16994,0.00051387
test_16995,0.98137163
test_16996,0.97189652
test_16997,0.89641226
test_16998,0.00395403
test_16999,0.99764548
test_17000,0.98331210
test_17001,0.24808334
test_17002,0.99851019
test_17003,0.00050527
test_17004,0.99660487
test_17005,0.49284253
test_17006,0.99782964
test_17007,0.96645830
test_17008,0.98302347
test_17009,0.00000381
test_17010,0.00003195
test_17011,0.39001588
test_17012,0.92046598
test_17013,0.95777480
test_17014,0.00000006
test_17015,0.03835689
test_17016,0.91389869
test_17017,0.84677496
test_17018,0.00363041
test_17019,0.00000025
test_17020,0.99699290
test_17021,0.99913861
test_17022,0.00050435
test_17023,0.00481095
test_17024,0.99936621
test_17025,0.00000051
test_17026,0.00655145
test_17027,0.99531971
test_17028,0.95717896
test_17029,0.01425905
test_17030,0.99997510
test_17031,0.04022482
test_17032,0.99436892
test_17033,0.99724095
test_17034,0.00064777
test_17035,0.59603786
test_17036,0.99992750
test_17037,0.00279511
test_17038,0.12151500
test_17039,0.00037706
test_17040,0.02312634
test_17041,0.57584452
test_17042,0.00971523
test_17043,0.00070833
test_17044,0.07369312
test_17045,0.00000472
test_17046,0.99995539
test_17047,0.99897526
test_17048,0.54895939
test_17049,0.98735606
test_17050,0.06516329
test_17051,0.71197818
test_17052,0.00000009
test_17053,0.98829174
test_17054,0.99934591
test_17055,0.00120776
test_17056,0.99961933
test_17057,0.99997728
test_17058,0.00000036
test_17059,0.00000017
test_17060,0.69592210
test_17061,0.00738914
test_17062,0.99497068
test_17063,0.99650197
test_17064,0.00000017
test_17065,0.97008880
test_17066,0.00028081
test_17067,0.99999288
test_17068,0.00000673
test_17069,0.99450892
test_17070,0.00000174
test_17071,0.99349279
test_17072,0.99996963
test_17073,0.03123095
test_17074,0.99999868
test_17075,0.99378125
test_17076,0.00000027
test_17077,0.99578024
test_17078,0.07211446
test_17079,0.99729158
test_17080,0.99939929
test_17081,0.00000027
test_17082,0.99931034
test_17083,0.45805285
test_17084,0.08126207
test_17085,0.01011778
test_17086,0.99912085
test_17087,0.93334533
test_17088,0.99974245
test_17089,0.01839896
test_17090,0.04013522
test_17091,0.00000109
test_17092,0.00000025
test_17093,0.51919461
test_17094,0.00000062
test_17095,0.99999844
test_17096,0.03689545
test_17097,0.99999295
test_17098,0.04645263
test_17099,0.99986918
test_17100,0.00000150
test_17101,0.16351558
test_17102,0.99999866
test_17103,0.00000011
test_17104,0.98564226
test_17105,0.99999996
test_17106,0.99999579
test_17107,0.00070241
test_17108,0.00000056
test_17109,0.99999963
test_17110,0.99668060
test_17111,0.90574800
test_17112,0.99821617
test_17113,0.99536219
test_17114,0.99163761
test_17115,0.16887484
test_17116,0.97633475
test_17117,0.00054959
test_17118,0.99960076
test_17119,0.99688802
test_17120,0.92406606
test_17121,0.99999737
test_17122,0.99996967
test_17123,0.00000281
test_17124,0.00001253
test_17125,0.99999912
test_17126,0.99956908
test_17127,0.00000124
test_17128,0.00088698
test_17129,0.99965823
test_17130,0.99999794
test_17131,0.00001995
test_17132,0.99529450
test_17133,0.00063872
test_17134,0.00000027
test_17135,0.00738841
test_17136,0.99732180
test_17137,0.28175684
test_17138,0.99995178
test_17139,0.00000248
test_17140,0.00000772
test_17141,0.98040496
test_17142,0.99981399
test_17143,0.99999983
test_17144,0.00409545
test_17145,0.00040236
test_17146,0.99999986
test_17147,0.99999996
test_17148,0.00000383
test_17149,0.15915603
test_17150,0.00000008
test_17151,0.99559606
test_17152,0.00020726
test_17153,0.00000003
test_17154,0.00000088
test_17155,0.00128885
test_17156,0.00000008
test_17157,0.97410885
test_17158,0.14655242
test_17159,0.00000124
test_17160,0.99999940
test_17161,0.99066529
test_17162,0.00000051
test_17163,0.98745494
test_17164,0.99996008
test_17165,0.99867844
test_17166,0.00000007
test_17167,0.01351360
test_17168,0.99802326
test_17169,0.99986213
test_17170,0.00343854
test_17171,0.00012845
test_17172,0.95622037
test_17173,0.99850333
test_17174,0.98892713
test_17175,0.03946428
test_17176,0.00318936
test_17177,0.99999894
test_17178,0.80043476
test_17179,0.99866673
test_17180,0.99999611
test_17181,0.99976492
test_17182,0.01656835
test_17183,0.99038306
test_17184,0.00910543
test_17185,0.99999992
test_17186,0.99702205
test_17187,0.99898656
test_17188,0.00000348
test_17189,0.00934190
test_17190,0.00000071
test_17191,0.02946914
test_17192,0.00538650
test_17193,0.00000388
test_17194,0.99999918
test_17195,0.00179979
test_17196,0.00922124
test_17197,0.01830366
test_17198,0.00023915
test_17199,0.00281941
test_17200,0.99752108
test_17201,0.00028918
test_17202,0.00003001
test_17203,0.99999998
test_17204,0.99761676
test_17205,0.00852137
test_17206,0.98348249
test_17207,0.00002101
test_17208,0.99999987
test_17209,0.00007405
test_17210,0.00848571
test_17211,0.00001593
test_17212,0.99999128
test_17213,0.57522427
test_17214,0.99999978
test_17215,0.99999997
test_17216,0.00000365
test_17217,0.00682271
test_17218,0.00000273
test_17219,0.00000156
test_17220,0.00000800
test_17221,0.00097247
test_17222,0.99999738
test_17223,0.00000020
test_17224,0.00000031
test_17225,0.03035857
test_17226,0.00000375
test_17227,0.99815854
test_17228,0.99999914
test_17229,0.99997045
test_17230,0.99999473
test_17231,0.99175987
test_17232,0.00000001
test_17233,0.00000084
test_17234,0.13284726
test_17235,0.99999988
test_17236,0.00208186
test_17237,0.99371742
test_17238,0.00361236
test_17239,0.99999962
test_17240,0.00000210
test_17241,0.01362485
test_17242,0.99999876
test_17243,0.00000034
test_17244,0.99608293
test_17245,0.00124866
test_17246,0.02401028
test_17247,0.00076712
test_17248,0.00721820
test_17249,0.98432336
test_17250,0.00114312
test_17251,0.99991376
test_17252,0.99793209
test_17253,0.99482265
test_17254,0.00078154
test_17255,0.99999998
test_17256,0.00353575
test_17257,0.00593500
test_17258,0.35370058
test_17259,0.99999480
test_17260,0.00101988
test_17261,0.99924524
test_17262,0.34684710
test_17263,0.98492040
test_17264,0.99999923
test_17265,0.99989767
test_17266,0.00013894
test_17267,0.00512670
test_17268,0.02244184
test_17269,0.01105082
test_17270,0.99966323
test_17271,0.00001923
test_17272,0.99997500
test_17273,0.99999815
test_17274,0.94524314
test_17275,0.01232987
test_17276,0.99589971
test_17277,0.99810083
test_17278,0.00000106
test_17279,0.00000124
test_17280,0.94261808
test_17281,0.00000036
test_17282,0.90083782
test_17283,0.00000618
test_17284,0.99431388
test_17285,0.99999950
test_17286,0.99999955
test_17287,0.00000017
test_17288,0.99979153
test_17289,0.01555609
test_17290,0.00000039
test_17291,0.99996341
test_17292,0.99999910
test_17293,0.00125205
test_17294,0.99692319
test_17295,0.01359851
test_17296,0.99304516
test_17297,0.99999965
test_17298,0.00156135
test_17299,0.97051913
test_17300,0.00000239
test_17301,0.99851649
test_17302,0.00000404
test_17303,0.00000358
test_17304,0.03847653
test_17305,0.98946616
test_17306,0.99361675
test_17307,0.99897835
test_17308,0.91999654
test_17309,0.00075302
test_17310,0.99304213
test_17311,0.00000040
test_17312,0.94961832
test_17313,0.99830465
test_17314,0.99999953
test_17315,0.95048692
test_17316,0.00069039
test_17317,0.99999754
test_17318,0.98990891
test_17319,0.99999915
test_17320,0.99999977
test_17321,0.99934936
test_17322,0.09795299
test_17323,0.99978022
test_17324,0.00148623
test_17325,0.02864857
test_17326,0.99999958
test_17327,0.00000191
test_17328,0.81230599
test_17329,0.00005376
test_17330,0.00072266
test_17331,0.46973375
test_17332,0.99871166
test_17333,0.98900176
test_17334,0.00007704
test_17335,0.99980246
test_17336,0.16340220
test_17337,0.00275340
test_17338,0.99999957
test_17339,0.00001489
test_17340,0.00140105
test_17341,0.00000016
test_17342,0.00452765
test_17343,0.00039124
test_17344,0.99125476
test_17345,0.98193770
test_17346,0.99998472
test_17347,0.00000095
test_17348,0.99902728
test_17349,0.00000021
test_17350,0.01477612
test_17351,0.94085108
test_17352,0.99969906
test_17353,0.99999937
test_17354,0.99674242
test_17355,0.00000107
test_17356,0.01099823
test_17357,0.99854797
test_17358,0.00201251
test_17359,0.99999983
test_17360,0.99998661
test_17361,0.99789064
test_17362,0.01019900
test_17363,0.00500224
test_17364,0.01184757
test_17365,0.00000036
test_17366,0.00606273
test_17367,0.99999545
test_17368,0.00000009
test_17369,0.99902822
test_17370,0.98127314
test_17371,0.99999805
test_17372,0.82629030
test_17373,0.01635805
test_17374,0.97533010
test_17375,0.00495482
test_17376,0.99827497
test_17377,0.00000031
test_17378,0.00001239
test_17379,0.99998612
test_17380,0.99964353
test_17381,0.00000002
test_17382,0.99162676
test_17383,0.99357967
test_17384,0.00001734
test_17385,0.00000152
test_17386,0.00005389
test_17387,0.99778798
test_17388,0.00000002
test_17389,0.00000054
test_17390,0.00001579
test_17391,0.00146666
test_17392,0.00507880
test_17393,0.15563230
test_17394,0.00000022
test_17395,0.00150814
test_17396,0.99938101
test_17397,0.00000260
test_17398,0.99999954
test_17399,0.81870573
test_17400,0.00001609
test_17401,0.99999957
test_17402,0.99972875
test_17403,0.99631815
test_17404,0.95174800
test_17405,0.99999977
test_17406,0.00162625
test_17407,0.28611998
test_17408,0.00000728
test_17409,0.99256106
test_17410,0.99999029
test_17411,0.99999885
test_17412,0.01524826
test_17413,0.98468326
test_17414,0.00034746
test_17415,0.00147249
test_17416,0.99608342
test_17417,0.99978530
test_17418,0.00021951
test_17419,0.00000071
test_17420,0.99317576
test_17421,0.96322127
test_17422,0.99130676
test_17423,0.98930603
test_17424,0.55896268
test_17425,0.84089624
test_17426,0.99972681
test_17427,0.99999565
test_17428,0.03988197
test_17429,0.00497480
test_17430,0.99574577
test_17431,0.00038959
test_17432,0.02309353
test_17433,0.00074378
test_17434,0.49578647
test_17435,0.98314961
test_17436,0.00003600
test_17437,0.99974202
test_17438,0.99999597
test_17439,0.00019486
test_17440,0.00011645
test_17441,0.99999974
test_17442,0.00017294
test_17443,0.99999953
test_17444,0.00000580
test_17445,0.00000228
test_17446,0.99875718
test_17447,0.04184176
test_17448,0.98790131
test_17449,0.99999931
test_17450,0.99959692
test_17451,0.01443089
test_17452,0.00005698
test_17453,0.99999992
test_17454,0.99999979
test_17455,0.00000327
test_17456,0.11512638
test_17457,0.99998268
test_17458,0.00742507
test_17459,0.10934414
test_17460,0.00000355
test_17461,0.99955347
test_17462,0.00447898
test_17463,0.00352601
test_17464,0.00012875
test_17465,0.00000010
test_17466,0.08358874
test_17467,0.99970248
test_17468,0.99999995
test_17469,0.00675006
test_17470,0.02586711
test_17471,0.88948937
test_17472,0.94364012
test_17473,0.99999997
test_17474,0.99993740
test_17475,0.00037259
test_17476,0.99937384
test_17477,0.00472028
test_17478,0.00000144
test_17479,0.00011133
test_17480,0.99999963
test_17481,0.98949167
test_17482,0.99991889
test_17483,0.00000133
test_17484,0.00000012
test_17485,0.99700124
test_17486,0.00386839
test_17487,0.14544954
test_17488,0.00570456
test_17489,0.99887178
test_17490,0.01739063
test_17491,0.71768231
test_17492,0.00000297
test_17493,0.99987824
test_17494,0.14871936
test_17495,0.00086103
test_17496,0.01969888
test_17497,0.07871870
test_17498,0.00124092
test_17499,0.98949732
test_17500,0.00000001
test_17501,0.29626382
test_17502,0.00000045
test_17503,0.99994854
test_17504,0.00438498
test_17505,0.00405457
test_17506,0.00000016
test_17507,0.99980801
test_17508,0.99999985
test_17509,0.99999980
test_17510,0.00330688
test_17511,0.99524253
test_17512,0.29975377
test_17513,0.99674821
test_17514,0.99922506
test_17515,0.99919556
test_17516,0.00000011
test_17517,0.99372375
test_17518,0.00113131
test_17519,0.00000165
test_17520,0.02738484
test_17521,0.99985005
test_17522,0.99509281
test_17523,0.00286749
test_17524,0.51840421
test_17525,0.89361921
test_17526,0.99999974
test_17527,0.00001579
test_17528,0.99999935
test_17529,0.00246848
test_17530,0.99964916
test_17531,0.00182966
test_17532,0.00583717
test_17533,0.99999995
test_17534,0.98653199
test_17535,0.99999896
test_17536,0.99926456
test_17537,0.29061369
test_17538,0.99925676
test_17539,0.01863992
test_17540,0.01064688
test_17541,0.99999804
test_17542,0.99969087
test_17543,0.97700917
test_17544,0.00844864
test_17545,0.99511806
test_17546,0.99999019
test_17547,0.00790808
test_17548,0.99824342
test_17549,0.00001176
test_17550,0.99636397
test_17551,0.00000017
test_17552,0.99999994
test_17553,0.15015934
test_17554,0.99447849
test_17555,0.00000077
test_17556,0.00000207
test_17557,0.99393457
test_17558,0.99203886
test_17559,0.99999981
test_17560,0.01182481
test_17561,0.01180972
test_17562,0.00000010
test_17563,0.01916540
test_17564,0.00338800
test_17565,0.00000235
test_17566,0.00086463
test_17567,0.98414361
test_17568,0.99998603
test_17569,0.00000162
test_17570,0.48875858
test_17571,0.00000040
test_17572,0.99999938
test_17573,0.99999278
test_17574,0.00000054
test_17575,0.00016956
test_17576,0.99723687
test_17577,0.99999887
test_17578,0.00080531
test_17579,0.32065377
test_17580,0.00001768
test_17581,0.00000377
test_17582,0.99999959
test_17583,0.00026316
test_17584,0.98920192
test_17585,0.99864993
test_17586,0.00000001
test_17587,0.00000021
test_17588,0.00108600
test_17589,0.99999911
test_17590,0.00104350
test_17591,0.99957867
test_17592,0.01133810
test_17593,0.99999978
test_17594,0.00000001
test_17595,0.99999837
test_17596,0.99975012
test_17597,0.99999585
test_17598,0.02077661
test_17599,0.99997680
test_17600,0.13639136
test_17601,0.45936118
test_17602,0.99961957
test_17603,0.00211971
test_17604,0.00250365
test_17605,0.00000078
test_17606,0.00000039
test_17607,0.00000042
test_17608,0.00257006
test_17609,0.99999431
test_17610,0.99992165
test_17611,0.99396063
test_17612,0.19261992
test_17613,0.67507085
test_17614,0.99999835
test_17615,0.00002388
test_17616,0.99999894
test_17617,0.00000053
test_17618,0.00000543
test_17619,0.96469470
test_17620,0.99474370
test_17621,0.08907841
test_17622,0.00000029
test_17623,0.99762654
test_17624,0.99999831
test_17625,0.99999995
test_17626,0.00000061
test_17627,0.03534072
test_17628,0.99999888
test_17629,0.99781849
test_17630,0.99476690
test_17631,0.99714934
test_17632,0.00445563
test_17633,0.99999987
test_17634,0.00000038
test_17635,0.99993531
test_17636,0.00005372
test_17637,0.00055828
test_17638,0.99679312
test_17639,0.66124686
test_17640,0.99280861
test_17641,0.00000826
test_17642,0.99742896
test_17643,0.00498419
test_17644,0.98395726
test_17645,0.99999979
test_17646,0.83145033
test_17647,0.00000007
test_17648,0.94476524
test_17649,0.00327768
test_17650,0.00000353
test_17651,0.99692198
test_17652,0.00000545
test_17653,0.00159025
test_17654,0.00010038
test_17655,0.00047061
test_17656,0.99999702
test_17657,0.99888455
test_17658,0.00189121
test_17659,0.00000052
test_17660,0.99995681
test_17661,0.76853482
test_17662,0.00771809
test_17663,0.99999999
test_17664,0.00000012
test_17665,0.00019639
test_17666,0.01752701
test_17667,0.99999988
test_17668,0.00000042
test_17669,0.95177216
test_17670,0.00000000
test_17671,0.00000316
test_17672,0.99999933
test_17673,0.00241019
test_17674,0.00000524
test_17675,0.99999996
test_17676,0.99999847
test_17677,0.99999909
test_17678,0.00000049
test_17679,0.99653362
test_17680,0.00000014
test_17681,0.02908716
test_17682,0.99067350
test_17683,0.99892007
test_17684,0.99955863
test_17685,0.99768469
test_17686,0.00439398
test_17687,0.00001031
test_17688,0.00000006
test_17689,0.99999576
test_17690,0.00045277
test_17691,0.16758835
test_17692,0.99995519
test_17693,0.99069102
test_17694,0.99811148
test_17695,0.99210507
test_17696,0.99970655
test_17697,0.99815793
test_17698,0.00010282
test_17699,0.00000611
test_17700,0.00011035
test_17701,0.99999788
test_17702,0.02471582
test_17703,0.00181366
test_17704,0.00000082
test_17705,0.00030142
test_17706,0.99925968
test_17707,0.00052040
test_17708,0.99999789
test_17709,0.00000072
test_17710,0.99790965
test_17711,0.00008079
test_17712,0.00963131
test_17713,0.00030948
test_17714,0.00000282
test_17715,0.01051201
test_17716,0.00545328
test_17717,0.99999941
test_17718,0.00822212
test_17719,0.00000023
test_17720,0.00182217
test_17721,0.80064323
test_17722,0.00087259
test_17723,0.60687529
test_17724,0.99006409
test_17725,0.00000234
test_17726,0.99964100
test_17727,0.99998945
test_17728,0.99267349
test_17729,0.98456862
test_17730,0.99999979
test_17731,0.05205152
test_17732,0.99999973
test_17733,0.99999761
test_17734,0.00000151
test_17735,0.99711976
test_17736,0.99999995
test_17737,0.00056508
test_17738,0.00001489
test_17739,0.98635058
test_17740,0.00004509
test_17741,0.99999975
test_17742,0.00000085
test_17743,0.99943323
test_17744,0.99999927
test_17745,0.00000104
test_17746,0.00534412
test_17747,0.01843581
test_17748,0.99420841
test_17749,0.99999924
test_17750,0.00000048
test_17751,0.01611474
test_17752,0.00000123
test_17753,0.99980136
test_17754,0.01424645
test_17755,0.90298981
test_17756,0.02883371
test_17757,0.99700371
test_17758,0.00000017
test_17759,0.99999994
test_17760,0.42713782
test_17761,0.16365519
test_17762,0.00009519
test_17763,0.00000222
test_17764,0.00199194
test_17765,0.99999998
test_17766,0.00208390
test_17767,0.01356333
test_17768,0.99999489
test_17769,0.00000071
test_17770,0.98535407
test_17771,0.55602142
test_17772,0.93705787
test_17773,0.00022248
test_17774,0.00005186
test_17775,0.03473948
test_17776,0.99999970
test_17777,0.00000020
test_17778,0.00614982
test_17779,0.00000008
test_17780,0.99999932
test_17781,0.00000251
test_17782,0.99979352
test_17783,0.00000029
test_17784,0.99947358
test_17785,0.99999944
test_17786,0.98073731
test_17787,0.91249009
test_17788,0.99976050
test_17789,0.00036420
test_17790,0.00000075
test_17791,0.99895408
test_17792,0.00158518
test_17793,0.00000582
test_17794,0.00794314
test_17795,0.00245805
test_17796,0.00517013
test_17797,0.99005025
test_17798,0.00167062
test_17799,0.02079581
test_17800,0.98109983
test_17801,0.00000098
test_17802,0.14928541
test_17803,0.01839128
test_17804,0.93932300
test_17805,0.99963209
test_17806,0.98451628
test_17807,0.00000267
test_17808,0.01279418
test_17809,0.00348559
test_17810,0.00239187
test_17811,0.12688688
test_17812,0.00001129
test_17813,0.01788896
test_17814,0.87880697
test_17815,0.99886231
test_17816,0.98798928
test_17817,0.08281270
test_17818,0.45863615
test_17819,0.99928247
test_17820,0.00017265
test_17821,0.99983136
test_17822,0.00000003
test_17823,0.00000101
test_17824,0.99999527
test_17825,0.00000440
test_17826,0.59353441
test_17827,0.91101523
test_17828,0.99987224
test_17829,0.99999735
test_17830,0.99999890
test_17831,0.00000097
test_17832,0.00000118
test_17833,0.94327447
test_17834,0.00001446
test_17835,0.99997218
test_17836,0.99203218
test_17837,0.99000862
test_17838,0.99999958
test_17839,0.99967883
test_17840,0.98597847
test_17841,0.99624407
test_17842,0.99999979
test_17843,0.00000244
test_17844,0.00280727
test_17845,0.96766694
test_17846,0.00000195
test_17847,0.99959423
test_17848,0.98214444
test_17849,0.00000335
test_17850,0.00001091
test_17851,0.55896130
test_17852,0.99442772
test_17853,0.99999969
test_17854,0.00000244
test_17855,0.00000010
test_17856,0.99999971
test_17857,0.00011884
test_17858,0.98646845
test_17859,0.98840362
test_17860,0.00135336
test_17861,0.99999759
test_17862,0.99999993
test_17863,0.00045492
test_17864,0.00551690
test_17865,0.99267166
test_17866,0.00012471
test_17867,0.01063583
test_17868,0.02396488
test_17869,0.00023688
test_17870,0.99916282
test_17871,0.97144882
test_17872,0.04226922
test_17873,0.99978947
test_17874,0.00005855
test_17875,0.99612334
test_17876,0.00036027
test_17877,0.00031924
test_17878,0.00840382
test_17879,0.99940882
test_17880,0.00573214
test_17881,0.79395634
test_17882,0.00357043
test_17883,0.88872293
test_17884,0.99997524
test_17885,0.99982534
test_17886,0.00000138
test_17887,0.99999995
test_17888,0.00970688
test_17889,0.99999997
test_17890,0.99999952
test_17891,0.99959267
test_17892,0.99998385
test_17893,0.99999980
test_17894,0.99477231
test_17895,0.17457390
test_17896,0.75442388
test_17897,0.00001936
test_17898,0.99999717
test_17899,0.01122397
test_17900,0.99946526
test_17901,0.00053057
test_17902,0.00885325
test_17903,0.99999996
test_17904,0.99999690
test_17905,0.00138973
test_17906,0.99969959
test_17907,0.99999256
test_17908,0.39756360
test_17909,0.99619003
test_17910,0.00000054
test_17911,0.00434170
test_17912,0.99999891
test_17913,0.97976412
test_17914,0.03434669
test_17915,0.99827457
test_17916,0.00046904
test_17917,0.00002451
test_17918,0.00201910
test_17919,0.00000451
test_17920,0.00600535
test_17921,0.99966436
test_17922,0.99512980
test_17923,0.99889372
test_17924,0.00001131
test_17925,0.00145466
test_17926,0.00079761
test_17927,0.02267965
test_17928,0.99943677
test_17929,0.06547794
test_17930,0.99999986
test_17931,0.99975888
test_17932,0.00114657
test_17933,0.99999948
test_17934,0.00025596
test_17935,0.02536278
test_17936,0.99907486
test_17937,0.00434201
test_17938,0.00000050
test_17939,0.99946663
test_17940,0.99999910
test_17941,0.18162233
test_17942,0.99999956
test_17943,0.99739203
test_17944,0.99999999
test_17945,0.00034633
test_17946,0.98007267
test_17947,0.00825149
test_17948,0.00269958
test_17949,0.00029810
test_17950,0.99999940
test_17951,0.11189624
test_17952,0.04156809
test_17953,0.99935970
test_17954,0.01093696
test_17955,0.00410574
test_17956,0.99653747
test_17957,0.00049987
test_17958,0.00031613
test_17959,0.00004226
test_17960,0.00000001
test_17961,0.11015328
test_17962,0.00086731
test_17963,0.98038400
test_17964,0.92105687
test_17965,0.99839267
test_17966,0.99878913
test_17967,0.92979758
test_17968,0.01080549
test_17969,0.00004148
test_17970,0.00019898
test_17971,0.99964063
test_17972,0.00193145
test_17973,0.99504834
test_17974,0.00259315
test_17975,0.00030468
test_17976,0.99652779
test_17977,0.05649133
test_17978,0.96704178
test_17979,0.99278095
test_17980,0.08187796
test_17981,0.78909852
test_17982,0.99999987
test_17983,0.88671614
test_17984,0.00000078
test_17985,0.07389768
test_17986,0.00162819
test_17987,0.99907497
test_17988,0.97973453
test_17989,0.99980215
test_17990,0.01617996
test_17991,0.99999878
test_17992,0.99704925
test_17993,0.00621478
test_17994,0.02885417
test_17995,0.03274433
test_17996,0.99998428
test_17997,0.00000093
test_17998,0.10196592
test_17999,0.83049895
test_18000,0.91948935
test_18001,0.00089680
test_18002,0.99999980
test_18003,0.99991391
test_18004,0.02929773
test_18005,0.96866743
test_18006,0.85505891
test_18007,0.97299322
test_18008,0.96797334
test_18009,0.99874431
test_18010,0.00029435
test_18011,0.99999972
test_18012,0.00067179
test_18013,0.97617349
test_18014,0.00004835
test_18015,0.00000521
test_18016,0.08316561
test_18017,0.00000002
test_18018,0.00001108
test_18019,0.00000016
test_18020,0.15592175
test_18021,0.62393811
test_18022,0.99999998
test_18023,0.97952434
test_18024,0.00001009
test_18025,0.00000218
test_18026,0.99874093
test_18027,0.02061734
test_18028,0.99927957
test_18029,0.06433248
test_18030,0.99999439
test_18031,0.98451229
test_18032,0.00279637
test_18033,0.99997678
test_18034,0.99999793
test_18035,0.03671328
test_18036,0.99960510
test_18037,0.02718414
test_18038,0.71592260
test_18039,0.96332489
test_18040,0.99999995
test_18041,0.99763684
test_18042,0.99998489
test_18043,0.01659558
test_18044,0.99999989
test_18045,0.00015379
test_18046,0.99310594
test_18047,0.00536123
test_18048,0.01439522
test_18049,0.99998453
test_18050,0.99999428
test_18051,0.00000004
test_18052,0.00000087
test_18053,0.00000849
test_18054,0.02200558
test_18055,0.99912712
test_18056,0.00000170
test_18057,0.18693460
test_18058,0.99935185
test_18059,0.00470229
test_18060,0.83760191
test_18061,0.99374336
test_18062,0.99999885
test_18063,0.00211545
test_18064,0.99595718
test_18065,0.99999926
test_18066,0.00004731
test_18067,0.99662593
test_18068,0.77600713
test_18069,0.98126751
test_18070,0.99999990
test_18071,0.00000050
test_18072,0.64061475
test_18073,0.00297587
test_18074,0.04124031
test_18075,0.99999977
test_18076,0.99999952
test_18077,0.00000002
test_18078,0.99822182
test_18079,0.99519456
test_18080,0.99999774
test_18081,0.99829238
test_18082,0.99999370
test_18083,0.97963743
test_18084,0.99999726
test_18085,0.04813288
test_18086,0.99999323
test_18087,0.00374598
test_18088,0.99912560
test_18089,0.00000034
test_18090,0.00000030
test_18091,0.94150648
test_18092,0.99999847
test_18093,0.46939686
test_18094,0.06607072
test_18095,0.93522326
test_18096,0.99542981
test_18097,0.99993762
test_18098,0.99999994
test_18099,0.99999986
test_18100,0.00640547
test_18101,0.00057953
test_18102,0.99999916
test_18103,0.02299302
test_18104,0.99539050
test_18105,0.99962829
test_18106,0.58389175
test_18107,0.90550873
test_18108,0.00164302
test_18109,0.00028272
test_18110,0.99485411
test_18111,0.00024505
test_18112,0.26166302
test_18113,0.02029555
test_18114,0.89067664
test_18115,0.99935391
test_18116,0.99999953
test_18117,0.00000029
test_18118,0.00007814
test_18119,0.00003071
test_18120,0.00000112
test_18121,0.98775122
test_18122,0.00947155
test_18123,0.96915385
test_18124,0.00036277
test_18125,0.99979431
test_18126,0.99655866
test_18127,0.00223699
test_18128,0.00176836
test_18129,0.00039791
test_18130,0.00026589
test_18131,0.98676587
test_18132,0.00181087
test_18133,0.00000324
test_18134,0.00109385
test_18135,0.04401230
test_18136,0.01287483
test_18137,0.00006654
test_18138,0.06411398
test_18139,0.00002446
test_18140,0.00006460
test_18141,0.03700721
test_18142,0.00019224
test_18143,0.99406669
test_18144,0.00000078
test_18145,0.99923061
test_18146,0.99982623
test_18147,0.00000027
test_18148,0.00002709
test_18149,0.99998698
test_18150,0.99999624
test_18151,0.99685188
test_18152,0.99999998
test_18153,0.00000070
test_18154,0.99746740
test_18155,0.99997525
test_18156,0.00000660
test_18157,0.00639182
test_18158,0.96474035
test_18159,0.83619665
test_18160,0.99999815
test_18161,0.99666962
test_18162,0.01103420
test_18163,0.00000003
test_18164,0.99841259
test_18165,0.22228704
test_18166,0.02981826
test_18167,0.99788559
test_18168,0.99999442
test_18169,0.99734019
test_18170,0.99833929
test_18171,0.97327494
test_18172,0.99996775
test_18173,0.99901535
test_18174,0.99992432
test_18175,0.00074322
test_18176,0.99999999
test_18177,0.99999983
test_18178,0.99987552
test_18179,0.99999721
test_18180,0.04078065
test_18181,0.57818575
test_18182,0.99999943
test_18183,0.99995624
test_18184,0.99823520
test_18185,0.99567398
test_18186,0.00026429
test_18187,0.00013349
test_18188,0.08841521
test_18189,0.00002563
test_18190,0.99999901
test_18191,0.99725606
test_18192,0.99915287
test_18193,0.60224447
test_18194,0.00366103
test_18195,0.99943076
test_18196,0.99647181
test_18197,0.98205234
test_18198,0.05654160
test_18199,0.98077766
test_18200,0.02876127
test_18201,0.99743620
test_18202,0.98686894
test_18203,0.81342640
test_18204,0.99000364
test_18205,0.92361263
test_18206,0.01764747
test_18207,0.99997119
test_18208,0.02114081
test_18209,0.99999978
test_18210,0.99901072
test_18211,0.00119871
test_18212,0.00195270
test_18213,0.01176406
test_18214,0.00000157
test_18215,0.94338810
test_18216,0.00000738
test_18217,0.00146085
test_18218,0.99999991
test_18219,0.00073569
test_18220,0.99895726
test_18221,0.00488584
test_18222,0.00000029
test_18223,0.00000075
test_18224,0.99941247
test_18225,0.99999943
test_18226,0.99954713
test_18227,0.98622501
test_18228,0.99998547
test_18229,0.01588777
test_18230,0.99999985
test_18231,0.98234330
test_18232,0.01207660
test_18233,0.99339527
test_18234,0.01257910
test_18235,0.99999861
test_18236,0.01147252
test_18237,0.00000049
test_18238,0.99468530
test_18239,0.99629925
test_18240,0.17680685
test_18241,0.39739645
test_18242,0.00010029
test_18243,0.00000081
test_18244,0.99963890
test_18245,0.99821900
test_18246,0.99712360
test_18247,0.00088773
test_18248,0.99998933
test_18249,0.02287279
test_18250,0.00020211
test_18251,0.04030955
test_18252,0.99974001
test_18253,0.99999985
test_18254,0.00059432
test_18255,0.00005000
test_18256,0.00013490
test_18257,0.00014138
test_18258,0.98822500
test_18259,0.00029947
test_18260,0.99731788
test_18261,0.99999988
test_18262,0.00554212
test_18263,0.96656880
test_18264,0.00354889
test_18265,0.00463987
test_18266,0.00000093
test_18267,0.99863812
test_18268,0.99999782
test_18269,0.00000006
test_18270,0.99998306
test_18271,0.00003905
test_18272,0.00092166
test_18273,0.00242041
test_18274,0.00001200
test_18275,0.00000074
test_18276,0.00105260
test_18277,0.00000340
test_18278,0.00000017
test_18279,0.99999406
test_18280,0.99999975
test_18281,0.00092683
test_18282,0.80354328
test_18283,0.03553608
test_18284,0.97992581
test_18285,0.99999985
test_18286,0.00108296
test_18287,0.00081831
test_18288,0.00019171
test_18289,0.99878856
test_18290,0.99892123
test_18291,0.00000162
test_18292,0.01157733
test_18293,0.99809988
test_18294,0.99998510
test_18295,0.99971147
test_18296,0.00001746
test_18297,0.00000067
test_18298,0.96554057
test_18299,0.00000013
test_18300,0.88413751
test_18301,0.30519082
test_18302,0.00257358
test_18303,0.00089609
test_18304,0.00000016
test_18305,0.99999775
test_18306,0.00000034
test_18307,0.00508469
test_18308,0.00000088
test_18309,0.98528576
test_18310,0.99968860
test_18311,0.00065141
test_18312,0.00156315
test_18313,0.99999990
test_18314,0.01198379
test_18315,0.01650227
test_18316,0.89045598
test_18317,0.05323472
test_18318,0.99078159
test_18319,0.00462472
test_18320,0.17831214
test_18321,0.00000111
test_18322,0.99999992
test_18323,0.82448872
test_18324,0.99542686
test_18325,0.39626706
test_18326,0.99996610
test_18327,0.00657496
test_18328,0.00000609
test_18329,0.99899394
test_18330,0.00149904
test_18331,0.99999994
test_18332,0.00089176
test_18333,0.00008925
test_18334,0.99999416
test_18335,0.00047452
test_18336,0.00000061
test_18337,0.99999979
test_18338,0.96028805
test_18339,0.00000135
test_18340,0.99999997
test_18341,0.00000083
test_18342,0.00000007
test_18343,0.99978324
test_18344,0.99999483
test_18345,0.00150210
test_18346,0.00276826
test_18347,0.99693583
test_18348,0.00157746
test_18349,0.00337500
test_18350,0.99999910
test_18351,0.00000152
test_18352,0.00933834
test_18353,0.00001222
test_18354,0.61169160
test_18355,0.99999960
test_18356,0.00081245
test_18357,0.99999997
test_18358,0.00000032
test_18359,0.00049739
test_18360,0.99997987
test_18361,0.99983926
test_18362,0.02089105
test_18363,0.99999983
test_18364,0.00000321
test_18365,0.99626144
test_18366,0.99988245
test_18367,0.00000096
test_18368,1.00000000
test_18369,0.99999273
test_18370,0.99964212
test_18371,0.01689250
test_18372,0.99941851
test_18373,0.01062457
test_18374,0.99999911
test_18375,0.99999970
test_18376,0.02604210
test_18377,0.99971030
test_18378,0.10597535
test_18379,0.99999731
test_18380,0.07040718
test_18381,0.99999984
test_18382,0.21274793
test_18383,0.99999878
test_18384,0.22977078
test_18385,0.98280520
test_18386,0.99981910
test_18387,0.00957930
test_18388,0.99683829
test_18389,0.99997468
test_18390,0.99999815
test_18391,0.00000064
test_18392,0.94639785
test_18393,0.98152778
test_18394,0.00000014
test_18395,0.00000053
test_18396,0.01963411
test_18397,0.99792399
test_18398,0.92066878
test_18399,0.99297401
test_18400,0.00000398
test_18401,0.99803049
test_18402,0.99999697
test_18403,0.99122202
test_18404,0.99799262
test_18405,0.00843835
test_18406,0.97751626
test_18407,0.98315487
test_18408,0.99977676
test_18409,0.00042524
test_18410,0.99999927
test_18411,0.99187935
test_18412,0.99921764
test_18413,0.99673814
test_18414,0.00000782
test_18415,0.00000002
test_18416,0.99606049
test_18417,0.00000009
test_18418,0.89100721
test_18419,0.99999972
test_18420,0.25125327
test_18421,0.03734720
test_18422,0.99648162
test_18423,0.99192666
test_18424,0.99999985
test_18425,0.00000337
test_18426,0.99999995
test_18427,0.99198334
test_18428,0.00017464
test_18429,0.00183854
test_18430,0.99997569
test_18431,0.99999967
test_18432,0.00021481
test_18433,0.99999994
test_18434,0.98634778
test_18435,0.99943212
test_18436,0.98665181
test_18437,0.29720774
test_18438,0.00034964
test_18439,0.99999714
test_18440,0.04351677
test_18441,0.98514159
test_18442,0.99891141
test_18443,0.14893824
test_18444,0.00000015
test_18445,0.99999867
test_18446,0.87987703
test_18447,0.00000316
test_18448,0.00129347
test_18449,0.00000006
test_18450,0.84811549
test_18451,0.00087017
test_18452,0.03186670
test_18453,0.99128861
test_18454,0.00002338
test_18455,0.99990828
test_18456,0.99592751
test_18457,0.00126609
test_18458,0.99999986
test_18459,0.99298389
test_18460,0.99999866
test_18461,0.99999904
test_18462,0.99976479
test_18463,0.99795235
test_18464,0.99999657
test_18465,0.00000034
test_18466,0.99999703
test_18467,0.00000148
test_18468,0.04975993
test_18469,0.00001172
test_18470,0.99976786
test_18471,0.99999990
test_18472,0.00012636
test_18473,0.99999995
test_18474,0.04159096
test_18475,0.00000081
test_18476,0.99996361
test_18477,0.00506218
test_18478,0.00338847
test_18479,0.99999711
test_18480,0.73170108
test_18481,0.05359131
test_18482,0.00019037
test_18483,0.99948078
test_18484,0.97881254
test_18485,0.99999905
test_18486,0.00752402
test_18487,0.07498994
test_18488,0.99983484
test_18489,0.04678929
test_18490,0.99999956
test_18491,0.00000027
test_18492,0.00000067
test_18493,0.04289715
test_18494,0.01154484
test_18495,0.99988473
test_18496,0.84733817
test_18497,0.99956865
test_18498,0.99999992
test_18499,0.00000050
test_18500,0.06032312
test_18501,0.98349093
test_18502,0.99963670
test_18503,0.00185205
test_18504,0.75850981
test_18505,0.00027157
test_18506,0.99999941
test_18507,0.99817816
test_18508,0.00000017
test_18509,0.99998850
test_18510,0.99477466
test_18511,0.00272176
test_18512,0.98355761
test_18513,0.00000591
test_18514,0.97604195
test_18515,0.00108488
test_18516,0.99978047
test_18517,0.99806790
test_18518,0.75763125
test_18519,0.99999919
test_18520,0.01627662
test_18521,0.00002358
test_18522,0.00000002
test_18523,0.99997242
test_18524,0.03063451
test_18525,0.05541841
test_18526,0.82614703
test_18527,0.00000133
test_18528,0.00088515
test_18529,0.99999681
test_18530,0.99979668
test_18531,0.99999991
test_18532,0.00000019
test_18533,0.98124686
test_18534,0.00000105
test_18535,0.00000363
test_18536,0.99899600
test_18537,0.99914882
test_18538,0.99847572
test_18539,0.00049937
test_18540,0.59476262
test_18541,0.76279218
test_18542,0.01309352
test_18543,0.99999999
test_18544,0.35661843
test_18545,0.99999939
test_18546,0.99999988
test_18547,0.99999549
test_18548,0.99999942
test_18549,0.83454369
test_18550,0.99999939
test_18551,0.99971396
test_18552,0.00106358
test_18553,0.00825444
test_18554,0.99980292
test_18555,0.99955051
test_18556,0.98265952
test_18557,0.01239636
test_18558,0.99890711
test_18559,0.99999542
test_18560,0.00020484
test_18561,0.10394568
test_18562,0.99997825
test_18563,0.99999815
test_18564,0.00000035
test_18565,0.99960028
test_18566,0.04117373
test_18567,0.96147540
test_18568,0.99264811
test_18569,0.98549271
test_18570,0.00000194
test_18571,0.00000163
test_18572,0.00022969
test_18573,0.99998482
test_18574,0.99999889
test_18575,0.00000716
test_18576,0.00135273
test_18577,0.00000396
test_18578,0.99743419
test_18579,0.99999984
test_18580,0.00508424
test_18581,0.00004662
test_18582,0.99900457
test_18583,0.00175442
test_18584,0.00001817
test_18585,0.00177500
test_18586,0.99910926
test_18587,0.95276683
test_18588,0.99999827
test_18589,0.00251277
test_18590,0.99998799
test_18591,0.00000260
test_18592,0.00000004
test_18593,0.00000301
test_18594,0.00128667
test_18595,0.99361055
test_18596,0.99988218
test_18597,0.99999545
test_18598,0.99999979
test_18599,0.99971074
test_18600,0.99950777
test_18601,0.99996603
test_18602,0.99999970
test_18603,0.99920745
test_18604,0.01953246
test_18605,0.00000381
test_18606,0.99999797
test_18607,0.99836442
test_18608,0.00000180
test_18609,0.00019523
test_18610,0.00137307
test_18611,0.99670272
test_18612,0.99916363
test_18613,0.69982831
test_18614,0.00004421
test_18615,0.99935565
test_18616,0.00000128
test_18617,0.99960133
test_18618,0.00130947
test_18619,0.99999759
test_18620,1.00000000
test_18621,0.99999280
test_18622,0.00000113
test_18623,0.99980335
test_18624,0.00087388
test_18625,0.99853224
test_18626,0.00246136
test_18627,0.91503619
test_18628,0.00769820
test_18629,0.00003153
test_18630,0.99999895
test_18631,0.00100806
test_18632,0.00002366
test_18633,0.00000016
test_18634,0.99942555
test_18635,0.99249227
test_18636,0.00005975
test_18637,0.99331749
test_18638,0.00314708
test_18639,0.99999964
test_18640,0.99999998
test_18641,0.23396910
test_18642,0.00003817
test_18643,0.00000077
test_18644,0.00000348
test_18645,0.00014682
test_18646,0.95879193
test_18647,0.02282519
test_18648,0.99956997
test_18649,0.00074904
test_18650,0.00000099
test_18651,0.99999462
test_18652,0.00087693
test_18653,0.00000029
test_18654,0.00751972
test_18655,0.60375055
test_18656,0.05834801
test_18657,0.00001637
test_18658,0.00096018
test_18659,0.99898833
test_18660,0.99726996
test_18661,0.00000888
test_18662,0.00034324
test_18663,0.75223693
test_18664,0.99999978
test_18665,0.00000928
test_18666,0.01157644
test_18667,0.99817992
test_18668,0.99999167
test_18669,0.99210840
test_18670,0.00000307
test_18671,0.00000130
test_18672,0.01198412
test_18673,0.99974598
test_18674,0.00085845
test_18675,0.00025847
test_18676,0.99999563
test_18677,0.00056325
test_18678,0.00000020
test_18679,0.99999896
test_18680,0.99982567
test_18681,0.98109180
test_18682,0.99999827
test_18683,0.99999686
test_18684,0.99999091
test_18685,0.99997405
test_18686,0.78659734
test_18687,0.99999714
test_18688,0.00023352
test_18689,0.99814852
test_18690,0.99673377
test_18691,0.99960082
test_18692,0.00280142
test_18693,0.99378583
test_18694,0.02278298
test_18695,0.99954138
test_18696,0.99999958
test_18697,0.00000083
test_18698,0.00000091
test_18699,0.55608110
test_18700,0.93204716
test_18701,0.81823479
test_18702,0.01617986
test_18703,0.00000076
test_18704,0.97265211
test_18705,0.03908022
test_18706,0.99999923
test_18707,0.00000063
test_18708,0.00022539
test_18709,0.99999935
test_18710,0.99916092
test_18711,0.99999920
test_18712,0.00000589
test_18713,0.99999992
test_18714,0.00559341
test_18715,0.99992595
test_18716,0.99711087
test_18717,0.00778570
test_18718,0.17015236
test_18719,0.99926731
test_18720,0.00071387
test_18721,0.73032416
test_18722,0.93434874
test_18723,0.00000084
test_18724,0.99999993
test_18725,0.99499361
test_18726,0.99803769
test_18727,0.99998423
test_18728,0.99887542
test_18729,0.97052386
test_18730,0.00478060
test_18731,0.99997555
test_18732,0.00000007
test_18733,0.99999998
test_18734,0.98351689
test_18735,0.00304287
test_18736,0.99999691
test_18737,0.99990255
test_18738,0.00000005
test_18739,0.94583203
test_18740,0.00001755
test_18741,0.00353813
test_18742,0.00513456
test_18743,0.99999991
test_18744,0.95602371
test_18745,0.99990556
test_18746,0.99999936
test_18747,0.00464636
test_18748,0.99968652
test_18749,0.99999985
test_18750,0.00415023
test_18751,0.08129393
test_18752,0.00137933
test_18753,0.99979732
test_18754,0.99435946
test_18755,0.97822564
test_18756,0.67596626
test_18757,0.00662039
test_18758,0.00000011
test_18759,0.99999987
test_18760,0.05560750
test_18761,0.97661301
test_18762,0.99532404
test_18763,0.99999876
test_18764,0.99956027
test_18765,0.00032494
test_18766,0.00000042
test_18767,0.99854526
test_18768,0.02450315
test_18769,0.01509457
test_18770,0.98385553
test_18771,0.00149294
test_18772,0.00000197
test_18773,0.59720669
test_18774,0.00000108
test_18775,0.00000119
test_18776,0.00024282
test_18777,0.00014910
test_18778,0.99999984
test_18779,0.20594532
test_18780,0.85460658
test_18781,0.04935209
test_18782,0.99999985
test_18783,0.00093155
test_18784,0.00396486
test_18785,0.71706197
test_18786,0.00000027
test_18787,0.99618999
test_18788,0.99999937
test_18789,0.00000078
test_18790,0.00000073
test_18791,0.00000051
test_18792,0.97284749
test_18793,0.00000002
test_18794,0.99909783
test_18795,0.00544017
test_18796,0.99806773
test_18797,0.99995006
test_18798,0.00000020
test_18799,0.99779990
test_18800,0.76943467
test_18801,0.82229273
test_18802,0.99226900
test_18803,0.07037531
test_18804,0.00506174
test_18805,0.00664804
test_18806,0.99999947
test_18807,0.03976058
test_18808,0.00815926
test_18809,0.00000047
test_18810,0.00075259
test_18811,0.45628375
test_18812,0.00073000
test_18813,0.99999935
test_18814,0.87263495
test_18815,0.01863722
test_18816,0.97758761
test_18817,0.00000009
test_18818,0.00451020
test_18819,0.99998643
test_18820,0.99382766
test_18821,0.99999698
test_18822,0.99390719
test_18823,0.99998259
test_18824,0.00000000
test_18825,0.15233756
test_18826,0.00003269
test_18827,0.00022581
test_18828,0.00000033
test_18829,0.00948301
test_18830,0.00000061
test_18831,0.99729990
test_18832,0.00077080
test_18833,0.00000600
test_18834,0.99953823
test_18835,0.99887558
test_18836,0.97845052
test_18837,0.99999939
test_18838,0.00000033
test_18839,0.99999587
test_18840,0.99476273
test_18841,0.00014528
test_18842,0.00000044
test_18843,0.99985310
test_18844,0.00009217
test_18845,0.99777122
test_18846,0.99245840
test_18847,0.03240533
test_18848,0.92142567
test_18849,0.99485696
test_18850,0.03480476
test_18851,0.99999945
test_18852,0.00000004
test_18853,0.01677155
test_18854,0.34032941
test_18855,0.00030792
test_18856,0.00796454
test_18857,0.00010979
test_18858,0.97208890
test_18859,0.04959457
test_18860,0.98837075
test_18861,0.00717085
test_18862,0.00000144
test_18863,0.00004144
test_18864,0.99969884
test_18865,0.00000015
test_18866,0.00000023
test_18867,0.99987446
test_18868,0.00000026
test_18869,0.90317556
test_18870,0.99999992
test_18871,0.00036396
test_18872,0.99892637
test_18873,0.05913486
test_18874,0.00764598
test_18875,0.80622994
test_18876,0.99999966
test_18877,0.00256726
test_18878,0.99999763
test_18879,0.00043543
test_18880,0.99995701
test_18881,0.99922531
test_18882,0.00007557
test_18883,0.04023820
test_18884,0.00007845
test_18885,0.02638224
test_18886,0.88208995
test_18887,0.57984128
test_18888,0.00009672
test_18889,0.00000175
test_18890,0.00160783
test_18891,0.00000226
test_18892,0.99999990
test_18893,0.89479885
test_18894,0.99999959
test_18895,0.92199034
test_18896,0.99998878
test_18897,0.99864721
test_18898,0.99701632
test_18899,0.04908781
test_18900,0.00217183
test_18901,0.99982508
test_18902,0.99860738
test_18903,0.00000083
test_18904,0.23083510
test_18905,0.15245107
test_18906,0.00093354
test_18907,0.00005630
test_18908,0.99243160
test_18909,0.99917540
test_18910,0.00020062
test_18911,0.00305085
test_18912,0.99997442
test_18913,0.02202306
test_18914,0.00075986
test_18915,0.17773694
test_18916,0.00000176
test_18917,0.00774652
test_18918,0.99999268
test_18919,0.99991296
test_18920,0.00014580
test_18921,0.99885996
test_18922,0.00000005
test_18923,0.99400591
test_18924,0.00051243
test_18925,0.01065139
test_18926,0.00066910
test_18927,0.75789377
test_18928,0.00000160
test_18929,0.01017894
test_18930,0.99999886
test_18931,0.99387720
test_18932,0.00000024
test_18933,0.01581575
test_18934,0.99999999
test_18935,0.04197787
test_18936,0.00044067
test_18937,0.99987273
test_18938,0.00308915
test_18939,0.02799605
test_18940,0.00010165
test_18941,0.99799943
test_18942,0.00567804
test_18943,0.00093228
test_18944,0.00001140
test_18945,0.99964455
test_18946,0.00000942
test_18947,0.99999997
test_18948,0.77734919
test_18949,0.98160790
test_18950,0.00938593
test_18951,0.00215216
test_18952,0.98464020
test_18953,0.66981138
test_18954,0.99993867
test_18955,0.00000035
test_18956,0.00464679
test_18957,0.99972607
test_18958,0.99993413
test_18959,0.00011018
test_18960,0.13440280
test_18961,0.73218674
test_18962,0.00000021
test_18963,0.00000010
test_18964,0.00729102
test_18965,0.01528137
test_18966,0.76327542
test_18967,0.99988818
test_18968,0.99889393
test_18969,0.99925922
test_18970,0.00000125
test_18971,0.99999988
test_18972,0.00434266
test_18973,0.99677863
test_18974,0.99996112
test_18975,0.99927298
test_18976,0.99648321
test_18977,0.99999142
test_18978,0.99291960
test_18979,0.99999998
test_18980,0.99999805
test_18981,0.00545968
test_18982,0.00105542
test_18983,0.99999960
test_18984,0.99268735
test_18985,0.17538623
test_18986,0.68550430
test_18987,0.99999383
test_18988,0.03793191
test_18989,0.99780605
test_18990,0.99990279
test_18991,0.99986710
test_18992,0.01562922
test_18993,0.99999997
test_18994,0.90765358
test_18995,0.99999987
test_18996,0.00000002
test_18997,0.00018652
test_18998,0.98029529
test_18999,0.00424317
test_19000,0.99860002
test_19001,0.00006711
test_19002,0.00008580
test_19003,0.00000056
test_19004,0.96693568
test_19005,0.00000678
test_19006,0.99999905
test_19007,0.00533762
test_19008,0.00002980
test_19009,0.00000026
test_19010,0.88887703
test_19011,0.99999983
test_19012,0.00013063
test_19013,0.00745635
test_19014,0.99999985
test_19015,0.00492048
test_19016,0.99999871
test_19017,0.00000560
test_19018,0.00363247
test_19019,0.99859661
test_19020,0.00184215
test_19021,0.00002801
test_19022,0.00006259
test_19023,0.00435941
test_19024,0.94297375
test_19025,0.99621087
test_19026,0.96541706
test_19027,0.00326758
test_19028,0.11965732
test_19029,0.99963469
test_19030,0.00058569
test_19031,0.99994335
test_19032,0.05228056
test_19033,0.99987403
test_19034,0.98182265
test_19035,0.00000048
test_19036,0.48454767
test_19037,0.99999996
test_19038,0.00086562
test_19039,0.00318889
test_19040,0.99799605
test_19041,0.98954632
test_19042,0.99988108
test_19043,0.99997739
test_19044,0.05296274
test_19045,0.00005080
test_19046,0.99913406
test_19047,0.99463341
test_19048,0.99999735
test_19049,0.99920064
test_19050,0.99999908
test_19051,0.00000180
test_19052,0.09603974
test_19053,0.96610471
test_19054,0.00000292
test_19055,0.99984586
test_19056,0.20180560
test_19057,0.99999588
test_19058,0.00000293
test_19059,0.00000006
test_19060,0.00000004
test_19061,0.91373072
test_19062,0.57555774
test_19063,0.99998238
test_19064,0.00000154
test_19065,0.00001380
test_19066,0.00000002
test_19067,0.99999935
test_19068,0.99999424
test_19069,0.00000014
test_19070,0.87132681
test_19071,0.09978170
test_19072,0.00129038
test_19073,0.99995757
test_19074,0.98942099
test_19075,0.99726301
test_19076,0.99999996
test_19077,0.00637862
test_19078,0.01511849
test_19079,0.66371401
test_19080,0.00177481
test_19081,0.99966218
test_19082,0.67412687
test_19083,0.91957133
test_19084,0.99090475
test_19085,0.01821026
test_19086,0.00000039
test_19087,0.00036612
test_19088,0.00122427
test_19089,0.97971686
test_19090,0.00000005
test_19091,0.99999726
test_19092,0.99952312
test_19093,0.00043601
test_19094,0.00111996
test_19095,0.00026595
test_19096,0.99993791
test_19097,0.01085706
test_19098,0.40154867
test_19099,0.99960403
test_19100,0.01260205
test_19101,0.99751024
test_19102,0.00000007
test_19103,0.00307018
test_19104,0.01730161
test_19105,0.99999194
test_19106,0.03079926
test_19107,0.99999849
test_19108,0.00474438
test_19109,0.00000005
test_19110,0.00352619
test_19111,0.00005635
test_19112,0.99701956
test_19113,0.05586886
test_19114,0.00688646
test_19115,0.00000009
test_19116,0.99815059
test_19117,0.00306445
test_19118,0.00033077
test_19119,0.64827273
test_19120,0.01068066
test_19121,0.99921731
test_19122,0.99698989
test_19123,0.99987760
test_19124,0.00006821
test_19125,0.96399623
test_19126,0.94380789
test_19127,0.00001021
test_19128,0.80546127
test_19129,0.00077414
test_19130,0.99999961
test_19131,0.97483558
test_19132,0.00409961
test_19133,0.00008225
test_19134,0.97562304
test_19135,0.00026895
test_19136,0.99797318
test_19137,0.99894986
test_19138,0.00000005
test_19139,0.01236281
test_19140,0.99740534
test_19141,0.01832901
test_19142,0.99957975
test_19143,0.00045265
test_19144,0.98824585
test_19145,0.99999990
test_19146,0.99533212
test_19147,0.99998814
test_19148,0.99853363
test_19149,0.99578301
test_19150,0.01601457
test_19151,0.00578284
test_19152,0.99683857
test_19153,0.61048772
test_19154,0.05030285
test_19155,0.99999883
test_19156,0.29870247
test_19157,0.99962815
test_19158,0.98844387
test_19159,0.98857400
test_19160,0.00000020
test_19161,0.00464810
test_19162,0.00060437
test_19163,0.99960212
test_19164,0.01116560
test_19165,0.00002557
test_19166,0.99999972
test_19167,0.98473278
test_19168,0.99357876
test_19169,0.00001726
test_19170,0.99999971
test_19171,0.99999989
test_19172,0.99578605
test_19173,0.99710345
test_19174,0.13517455
test_19175,0.10645612
test_19176,0.01050481
test_19177,0.99086595
test_19178,0.99965922
test_19179,0.03939985
test_19180,0.00000074
test_19181,0.48826851
test_19182,0.00000005
test_19183,0.95290076
test_19184,0.95655187
test_19185,0.13077026
test_19186,0.94472666
test_19187,0.99965652
test_19188,0.96761510
test_19189,0.99579967
test_19190,0.99909807
test_19191,0.00000029
test_19192,0.99000359
test_19193,0.00332269
test_19194,0.00065440
test_19195,0.00218075
test_19196,0.93234612
test_19197,0.00130763
test_19198,0.99855269
test_19199,0.00000173
test_19200,0.99999745
test_19201,0.99704613
test_19202,0.99999552
test_19203,0.99999996
test_19204,0.99985688
test_19205,0.03269097
test_19206,0.99327341
test_19207,0.00083218
test_19208,0.99999999
test_19209,0.99999884
test_19210,0.00000092
test_19211,0.00180459
test_19212,0.99926883
test_19213,0.97931595
test_19214,0.00005056
test_19215,0.00000161
test_19216,0.00000480
test_19217,0.99999782
test_19218,0.00202911
test_19219,0.00000713
test_19220,0.04278778
test_19221,0.14029409
test_19222,0.99710264
test_19223,0.99870301
test_19224,0.00000008
test_19225,0.00000063
test_19226,0.99734224
test_19227,0.01846835
test_19228,0.99999994
test_19229,0.00000441
test_19230,0.01326618
test_19231,0.82695295
test_19232,0.99995832
test_19233,0.99750977
test_19234,0.00000063
test_19235,0.00024358
test_19236,0.00068838
test_19237,0.00000003
test_19238,0.00000635
test_19239,0.00057391
test_19240,0.99999996
test_19241,0.96469317
test_19242,0.34790639
test_19243,0.79812362
test_19244,0.99933646
test_19245,0.99976366
test_19246,0.99600751
test_19247,0.00017660
test_19248,0.99996579
test_19249,0.00022229
test_19250,0.99959953
test_19251,0.99720179
test_19252,0.00014520
test_19253,0.00044695
test_19254,0.99874970
test_19255,0.99998499
test_19256,0.97272042
test_19257,0.00000031
test_19258,0.00043892
test_19259,0.00006406
test_19260,0.18679284
test_19261,0.94291452
test_19262,0.95320779
test_19263,0.00738230
test_19264,0.00733863
test_19265,0.97454536
test_19266,0.03077858
test_19267,0.98437005
test_19268,0.99999901
test_19269,0.00000106
test_19270,0.00264150
test_19271,0.00000016
test_19272,0.99999968
test_19273,0.99335797
test_19274,0.00026321
test_19275,0.76590078
test_19276,0.99868347
test_19277,0.00000007
test_19278,0.00056236
test_19279,0.85906093
test_19280,0.99651737
test_19281,0.96259008
test_19282,0.00000034
test_19283,0.00645088
test_19284,0.96331344
test_19285,0.99979707
test_19286,0.00000015
test_19287,0.99995161
test_19288,0.27600885
test_19289,0.00000010
test_19290,0.99993256
test_19291,0.00000401
test_19292,0.00260134
test_19293,0.00001212
test_19294,0.99919973
test_19295,0.99999699
test_19296,0.99806734
test_19297,0.00000037
test_19298,0.99884498
test_19299,0.23867676
test_19300,0.00197022
test_19301,0.74930700
test_19302,0.67673790
test_19303,0.99999960
test_19304,0.99999970
test_19305,0.01207177
test_19306,0.99999999
test_19307,0.99999915
test_19308,0.99974077
test_19309,0.10136949
test_19310,0.00000015
test_19311,0.00000000
test_19312,0.06070526
test_19313,0.00000124
test_19314,0.00222635
test_19315,0.99999821
test_19316,0.99935780
test_19317,0.00001765
test_19318,0.94316803
test_19319,0.00000052
test_19320,0.99621408
test_19321,0.00085854
test_19322,0.00366096
test_19323,0.99999765
test_19324,0.00023138
test_19325,0.00018791
test_19326,0.00000003
test_19327,0.99228649
test_19328,0.00006951
test_19329,0.09227617
test_19330,0.93956490
test_19331,0.00080467
test_19332,0.99999956
test_19333,0.00000022
test_19334,0.00000092
test_19335,0.00459523
test_19336,0.00000107
test_19337,0.00002595
test_19338,0.99999761
test_19339,0.00259642
test_19340,0.99912573
test_19341,0.00534388
test_19342,0.98626748
test_19343,0.99997558
test_19344,0.00000741
test_19345,0.99999991
test_19346,0.03992804
test_19347,0.00000018
test_19348,0.00378656
test_19349,0.00000167
test_19350,0.00000077
test_19351,0.00017046
test_19352,0.99696348
test_19353,0.00000204
test_19354,0.99999991
test_19355,0.00000030
test_19356,0.25637961
test_19357,0.63380300
test_19358,0.99235810
test_19359,0.99997847
test_19360,0.00000403
test_19361,0.00043516
test_19362,0.00025059
test_19363,0.02043318
test_19364,0.99925334
test_19365,0.09845275
test_19366,0.35690593
test_19367,0.97811654
test_19368,0.99887725
test_19369,0.51617449
test_19370,0.17956315
test_19371,0.00262832
test_19372,0.01987705
test_19373,0.64104749
test_19374,0.99342988
test_19375,0.04254318
test_19376,0.99991108
test_19377,0.99992688
test_19378,0.98040182
test_19379,0.00000727
test_19380,0.99999987
test_19381,0.86974099
test_19382,0.00000000
test_19383,0.99999962
test_19384,0.99977438
test_19385,0.99871397
test_19386,0.99994261
test_19387,0.04268237
test_19388,0.99439721
test_19389,0.67264353
test_19390,0.99796058
test_19391,0.99711606
test_19392,0.00033006
test_19393,0.92218850
test_19394,0.99984476
test_19395,0.00000324
test_19396,0.97770665
test_19397,0.00017748
test_19398,0.99245617
test_19399,0.04486199
test_19400,0.00064314
test_19401,0.99742272
test_19402,0.00134281
test_19403,0.00298762
test_19404,0.00030306
test_19405,0.99999804
test_19406,0.99999972
test_19407,0.00009878
test_19408,0.75172222
test_19409,0.00000175
test_19410,0.02583452
test_19411,0.00000008
test_19412,0.00432397
test_19413,0.99999972
test_19414,0.00087729
test_19415,0.00455851
test_19416,0.99993295
test_19417,0.00400028
test_19418,0.00000003
test_19419,0.81915834
test_19420,0.00814983
test_19421,0.99999799
test_19422,0.99811654
test_19423,0.95562129
test_19424,0.05189227
test_19425,0.00123840
test_19426,0.00504905
test_19427,0.00049923
test_19428,0.99675782
test_19429,0.96721771
test_19430,0.61264578
test_19431,0.99999996
test_19432,0.99498511
test_19433,0.00002811
test_19434,0.99475567
test_19435,0.99999992
test_19436,0.99882132
test_19437,0.99588875
test_19438,0.00584539
test_19439,0.84371792
test_19440,0.01624423
test_19441,0.99580173
test_19442,0.93553736
test_19443,0.01298722
test_19444,0.00108953
test_19445,0.00033442
test_19446,0.99970118
test_19447,0.00025778
test_19448,0.99952103
test_19449,0.99999997
test_19450,0.99999952
test_19451,0.96448163
test_19452,0.99990150
test_19453,0.99864013
test_19454,0.99483252
test_19455,0.00240209
test_19456,0.00030497
test_19457,0.99612935
test_19458,0.99678683
test_19459,0.99995970
test_19460,0.00219043
test_19461,0.00000010
test_19462,0.99765854
test_19463,0.00560622
test_19464,0.01703092
test_19465,0.00000347
test_19466,0.79421841
test_19467,0.99305194
test_19468,0.99898676
test_19469,0.99963219
test_19470,0.00003639
test_19471,0.00013355
test_19472,0.99983178
test_19473,0.99999996
test_19474,0.99204883
test_19475,0.99999958
test_19476,0.99999816
test_19477,0.00147152
test_19478,0.00323472
test_19479,0.99999994
test_19480,0.99996875
test_19481,0.98507010
test_19482,0.00031393
test_19483,0.99993717
test_19484,0.94484615
test_19485,0.99816348
test_19486,0.03132371
test_19487,0.87199555
test_19488,0.99797971
test_19489,0.80721655
test_19490,0.00000176
test_19491,0.61735838
test_19492,0.00065035
test_19493,0.99999997
test_19494,0.95011782
test_19495,0.99958695
test_19496,0.98646128
test_19497,0.00143832
test_19498,0.99846234
test_19499,0.99254773
test_19500,0.00000171
test_19501,0.88160176
test_19502,0.00067118
test_19503,0.75632380
test_19504,0.00000501
test_19505,0.99971372
test_19506,0.69243447
test_19507,0.99978383
test_19508,0.99999993
test_19509,0.99999642
test_19510,0.99999958
test_19511,0.89031515
test_19512,0.99985193
test_19513,0.83217956
test_19514,0.99999791
test_19515,0.00000168
test_19516,0.99999909
test_19517,0.02419819
test_19518,0.99687587
test_19519,0.99999987
test_19520,0.03900674
test_19521,0.99911130
test_19522,0.01231116
test_19523,0.71901344
test_19524,0.05857272
test_19525,0.00000187
test_19526,0.00000325
test_19527,0.98850913
test_19528,0.00000011
test_19529,0.10198117
test_19530,0.01557552
test_19531,0.00036663
test_19532,0.98870600
test_19533,0.00053341
test_19534,0.99977725
test_19535,0.00015422
test_19536,0.91196853
test_19537,0.18379230
test_19538,0.99989742
test_19539,0.99923370
test_19540,0.00341591
test_19541,0.99370614
test_19542,0.96333189
test_19543,0.00000050
test_19544,0.99813596
test_19545,0.99987814
test_19546,0.99980663
test_19547,0.00085427
test_19548,0.99999999
test_19549,0.00000018
test_19550,0.00065291
test_19551,0.94732917
test_19552,0.99994844
test_19553,0.00000086
test_19554,0.00000384
test_19555,0.99944504
test_19556,0.00000463
test_19557,0.00400713
test_19558,0.00031214
test_19559,0.02518342
test_19560,0.99988731
test_19561,0.99984517
test_19562,0.99842110
test_19563,0.99964561
test_19564,0.00000105
test_19565,0.01765166
test_19566,0.02157475
test_19567,0.96768408
test_19568,0.04683982
test_19569,0.15809787
test_19570,0.98592097
test_19571,0.99876748
test_19572,0.99935350
test_19573,0.99641816
test_19574,0.00000121
test_19575,0.00091932
test_19576,0.99999868
test_19577,0.99999901
test_19578,0.99740358
test_19579,0.00467210
test_19580,0.00013092
test_19581,0.84929731
test_19582,0.99941585
test_19583,0.00000010
test_19584,0.00017317
test_19585,0.99999690
test_19586,0.99999857
test_19587,0.00558662
test_19588,0.99999895
test_19589,0.00000000
test_19590,0.99945047
test_19591,0.99999981
test_19592,0.99998696
test_19593,0.96918662
test_19594,0.00000265
test_19595,0.00000033
test_19596,0.99999114
test_19597,0.00000060
test_19598,0.00000039
test_19599,0.99994730
test_19600,0.00007519
test_19601,0.00000020
test_19602,0.00000036
test_19603,0.99999309
test_19604,0.99421379
test_19605,0.00000912
test_19606,0.99999979
test_19607,0.00000089
test_19608,0.01415852
test_19609,0.01450527
test_19610,0.99552596
test_19611,0.99991156
test_19612,0.98987559
test_19613,0.99999982
test_19614,0.02248961
test_19615,0.99999957
test_19616,0.00000074
test_19617,0.03580628
test_19618,0.95713752
test_19619,0.99532470
test_19620,0.12523939
test_19621,0.00000013
test_19622,0.00001044
test_19623,0.00000049
test_19624,0.01954304
test_19625,0.99999984
test_19626,0.00000006
test_19627,0.00000526
test_19628,0.99989864
test_19629,0.00000648
test_19630,0.99999238
test_19631,0.98841829
test_19632,0.99341732
test_19633,0.99999991
test_19634,0.97798032
test_19635,0.99998576
test_19636,0.98658579
test_19637,0.11137813
test_19638,0.99996674
test_19639,0.09517435
test_19640,0.00000874
test_19641,0.61114716
test_19642,0.00000132
test_19643,0.00009743
test_19644,0.00000019
test_19645,0.06162765
test_19646,0.00005192
test_19647,0.99950207
test_19648,0.00386087
test_19649,0.98150245
test_19650,0.00051585
test_19651,0.00019073
test_19652,0.00491022
test_19653,0.57742489
test_19654,0.00000087
test_19655,0.00772288
test_19656,0.00000557
test_19657,0.00698916
test_19658,0.01531843
test_19659,0.96345333
test_19660,0.99195552
test_19661,0.00026258
test_19662,0.97979136
test_19663,0.00813377
test_19664,0.96962385
test_19665,0.99975946
test_19666,0.99615845
test_19667,0.99999672
test_19668,0.00061966
test_19669,0.01101983
test_19670,0.99398109
test_19671,0.04070953
test_19672,0.99934503
test_19673,0.00002343
test_19674,0.02069539
test_19675,0.99740841
test_19676,0.99999260
test_19677,0.99999969
test_19678,0.00092298
test_19679,0.99208255
test_19680,0.99993951
test_19681,0.45273421
test_19682,0.00000064
test_19683,0.99991036
test_19684,0.00001357
test_19685,0.99990273
test_19686,0.98542082
test_19687,0.00000011
test_19688,0.95915827
test_19689,0.99999996
test_19690,0.00007445
test_19691,0.99999669
test_19692,0.99803232
test_19693,0.69946822
test_19694,0.99520470
test_19695,0.98261400
test_19696,0.99999925
test_19697,0.02951515
test_19698,0.98957784
test_19699,0.99995841
test_19700,0.02215858
test_19701,0.00002104
test_19702,0.00001222
test_19703,0.00000001
test_19704,0.99386724
test_19705,0.00000654
test_19706,0.00414192
test_19707,0.99954846
test_19708,0.94463973
test_19709,0.00000006
test_19710,0.99978109
test_19711,0.00000021
test_19712,0.98572821
test_19713,0.99993586
test_19714,0.00034727
test_19715,0.00305171
test_19716,0.00018517
test_19717,0.99968376
test_19718,0.99636756
test_19719,0.99999993
test_19720,0.99995895
test_19721,0.98754352
test_19722,0.00024455
test_19723,0.99999791
test_19724,0.00101213
test_19725,0.99986869
test_19726,0.99972361
test_19727,0.00613714
test_19728,0.97455991
test_19729,0.00915842
test_19730,0.00009756
test_19731,0.00001455
test_19732,0.99997325
test_19733,0.00956077
test_19734,0.99863685
test_19735,0.96626898
test_19736,0.99175394
test_19737,0.18584021
test_19738,0.96687977
test_19739,0.00013782
test_19740,0.99999984
test_19741,0.99999956
test_19742,0.00345219
test_19743,0.00000018
test_19744,0.99949452
test_19745,0.99621078
test_19746,0.00010539
test_19747,0.73193192
test_19748,0.00081720
test_19749,0.56582737
test_19750,0.99999997
test_19751,0.00002374
test_19752,0.99999626
test_19753,0.00000107
test_19754,0.00429504
test_19755,0.99956833
test_19756,0.99999442
test_19757,0.99999466
test_19758,0.00001266
test_19759,0.99785691
test_19760,0.99999230
test_19761,0.00041817
test_19762,0.00013765
test_19763,0.04853536
test_19764,0.32427713
test_19765,0.99985954
test_19766,0.00001190
test_19767,0.00073607
test_19768,0.00051192
test_19769,0.00000605
test_19770,0.00000080
test_19771,0.99974750
test_19772,0.99999939
test_19773,0.00000063
test_19774,0.00016073
test_19775,0.00044540
test_19776,0.99999967
test_19777,0.00000602
test_19778,0.99983859
test_19779,0.91371829
test_19780,0.99237114
test_19781,0.00000059
test_19782,0.97225396
test_19783,0.00000009
test_19784,0.99992866
test_19785,0.99640488
test_19786,0.99999462
test_19787,0.00000303
test_19788,0.99883712
test_19789,0.97091685
test_19790,0.98445834
test_19791,0.00016181
test_19792,0.98986816
test_19793,0.00769268
test_19794,0.00000011
test_19795,0.44153636
test_19796,0.00001663
test_19797,0.99934536
test_19798,0.00000143
test_19799,0.98350528
test_19800,0.00000003
test_19801,0.00174625
test_19802,0.00303799
test_19803,0.99999954
test_19804,0.99969791
test_19805,0.00009336
test_19806,0.02197030
test_19807,0.99999755
test_19808,0.00000143
test_19809,0.00061870
test_19810,0.99939159
test_19811,0.99841557
test_19812,0.01052116
test_19813,0.01871333
test_19814,0.99930401
test_19815,0.00000002
test_19816,0.00001599
test_19817,0.99932012
test_19818,0.00128122
test_19819,0.99498201
test_19820,0.00018495
test_19821,0.99988292
test_19822,0.99997715
test_19823,0.99999892
test_19824,0.99987798
test_19825,0.99999822
test_19826,0.00032062
test_19827,0.99993762
test_19828,0.00000090
test_19829,0.00000167
test_19830,0.99999099
test_19831,0.00000014
test_19832,0.97497931
test_19833,0.00001194
test_19834,0.06899039
test_19835,0.08600177
test_19836,0.00024675
test_19837,0.99995559
test_19838,0.99999987
test_19839,0.02202062
test_19840,0.95533156
test_19841,0.00001128
test_19842,0.00035801
test_19843,0.00000111
test_19844,0.00052953
test_19845,0.00000218
test_19846,0.99959376
test_19847,0.99998784
test_19848,0.00431320
test_19849,0.05509751
test_19850,0.99693798
test_19851,0.11903617
test_19852,0.03985155
test_19853,0.00112920
test_19854,0.98841117
test_19855,0.19155017
test_19856,0.99999994
test_19857,0.00048152
test_19858,0.99436385
test_19859,0.97852957
test_19860,0.00105576
test_19861,0.00294959
test_19862,0.00000033
test_19863,0.99367081
test_19864,0.00000021
test_19865,0.93289162
test_19866,0.00073868
test_19867,0.99999947
test_19868,0.97337045
test_19869,0.00000370
test_19870,0.00002794
test_19871,0.99999990
test_19872,0.98982053
test_19873,0.99645335
test_19874,0.00037663
test_19875,0.00000019
test_19876,0.09317032
test_19877,0.99970553
test_19878,0.99907947
test_19879,0.99198199
test_19880,0.47053484
test_19881,0.00001812
test_19882,0.99994783
test_19883,0.95040519
test_19884,0.00000099
test_19885,0.95377184
test_19886,0.99584720
test_19887,0.99999999
test_19888,0.00367929
test_19889,0.99999944
test_19890,0.99962382
test_19891,0.00658061
test_19892,0.99999714
test_19893,0.99839496
test_19894,0.00087710
test_19895,0.99989882
test_19896,0.01492023
test_19897,0.00135853
test_19898,0.00000154
test_19899,0.00007732
test_19900,0.99498664
test_19901,0.00722869
test_19902,0.87471968
test_19903,0.96914032
test_19904,0.99999935
test_19905,0.24403060
test_19906,0.03675005
test_19907,0.00122245
test_19908,0.03070244
test_19909,0.00000077
test_19910,0.00010712
test_19911,0.04219630
test_19912,0.36978908
test_19913,0.99999041
test_19914,0.00000098
test_19915,0.00211012
test_19916,0.00119406
test_19917,0.00000026
test_19918,0.01841912
test_19919,0.00581301
test_19920,0.00475166
test_19921,0.99822146
test_19922,0.99789134
test_19923,0.99978852
test_19924,0.03326375
test_19925,0.99817361
test_19926,0.00001845
test_19927,0.19711786
test_19928,0.00000027
test_19929,0.99999696
test_19930,0.73896698
test_19931,0.99999832
test_19932,0.99142753
test_19933,0.00000027
test_19934,0.99674499
test_19935,0.00000041
test_19936,0.99999950
test_19937,0.99999991
test_19938,0.99906421
test_19939,0.00003361
test_19940,0.00000171
test_19941,0.01376924
test_19942,0.00000019
test_19943,0.93766125
test_19944,0.99999920
test_19945,0.00043051
test_19946,0.00000018
test_19947,0.00000022
test_19948,0.99780319
test_19949,0.00000005
test_19950,0.07461057
test_19951,0.99999937
test_19952,0.99759907
test_19953,0.00000016
test_19954,0.00000490
test_19955,0.00004417
test_19956,0.00000012
test_19957,0.00000386
test_19958,0.17585847
test_19959,0.99120946
test_19960,0.06557541
test_19961,0.99999942
test_19962,0.00000018
test_19963,0.00155785
test_19964,0.88865092
test_19965,0.00025594
test_19966,0.99999989
test_19967,0.96061146
test_19968,0.98234698
test_19969,0.09266199
test_19970,0.00013193
test_19971,0.05857397
test_19972,0.00874953
test_19973,0.99999005
test_19974,0.95903063
test_19975,0.05366252
test_19976,0.98900104
test_19977,0.00000537
test_19978,0.00185250
test_19979,0.00002005
test_19980,0.91922109
test_19981,0.99999919
test_19982,0.99999943
test_19983,0.99424937
test_19984,0.88904155
test_19985,0.01556430
test_19986,0.01045870
test_19987,0.99999907
test_19988,0.99999599
test_19989,0.00050966
test_19990,0.52973715
test_19991,0.99999374
test_19992,0.00041500
test_19993,0.20828444
test_19994,0.02259084
test_19995,0.95209538
test_19996,0.00000044
test_19997,0.00000212
test_19998,0.00000001
test_19999,0.00000486
